# https://github.com/mikedh/trimesh
v 0.02439460 -0.02663320 -0.00000007
v 0.02332780 -0.02754760 -0.00000007
v 0.02454700 -0.02678560 0.00005073
v 0.02348020 -0.02770000 0.00005073
v 0.02358180 -0.02785240 0.00010153
v 0.02475020 -0.02698880 0.00015233
v 0.02368340 -0.02795400 0.00015233
v 0.02480100 -0.02709040 0.00020313
v 0.02373420 -0.02800480 0.00020313
v 0.02378500 -0.02810640 0.00030473
v 0.02495340 -0.02724280 0.00040633
v 0.02393740 -0.02825880 0.00050793
v 0.02505500 -0.02734440 0.00060953
v 0.02398820 -0.02830960 0.00060953
v 0.02510580 -0.02739520 0.00076193
v 0.02398820 -0.02836040 0.00076193
v 0.02510580 -0.02744600 0.00091433
v 0.02403900 -0.02836040 0.00091433
v 0.02515660 -0.02744600 0.00116833
v 0.02403900 -0.02841120 0.00116833
v 0.02408980 -0.02841120 0.00147313
v 0.02408980 -0.02841120 0.00858513
v 0.02297220 -0.02932560 0.00858513
v 0.02180380 -0.03024000 0.00858513
v 0.02094020 -0.03084960 0.00848353
v 0.02094020 -0.03084960 0.00147313
v 0.02180380 -0.03024000 0.00147313
v 0.02297220 -0.02932560 0.00147313
v 0.02292140 -0.02932560 0.00116833
v 0.02175300 -0.03018920 0.00091433
v 0.02292140 -0.02927480 0.00091433
v 0.02287060 -0.02927480 0.00076193
v 0.02170220 -0.03008760 0.00060953
v 0.02165140 -0.03003680 0.00050793
v 0.02281980 -0.02917320 0.00050793
v 0.02154980 -0.02988440 0.00030473
v 0.02266740 -0.02902080 0.00030473
v 0.02149900 -0.02978280 0.00020313
v 0.02261660 -0.02891920 0.00020313
v 0.02256580 -0.02881760 0.00015233
v 0.02134660 -0.02957960 0.00010153
v 0.02124500 -0.02947800 0.00005073
v 0.02236260 -0.02861440 0.00005073
v 0.02114340 -0.02927480 -0.00000007
v 0.01997500 -0.03008760 -0.00000007
v 0.01875580 -0.03084960 -0.00000007
v 0.01885740 -0.03100200 0.00005073
v 0.02017820 -0.03039240 0.00010153
v 0.01895900 -0.03115440 0.00010153
v 0.02027980 -0.03059560 0.00020313
v 0.01911140 -0.03135760 0.00020313
v 0.02038140 -0.03069720 0.00030473
v 0.01916220 -0.03145920 0.00030473
v 0.01921300 -0.03156080 0.00040633
v 0.02048300 -0.03084960 0.00050793
v 0.01926380 -0.03161160 0.00050793
v 0.02058460 -0.03100200 0.00091433
v 0.02058460 -0.03105280 0.00116833
v 0.01936540 -0.03181480 0.00116833
v 0.01809540 -0.03257680 0.00858513
v 0.01936540 -0.03181480 0.00883913
v 0.01682540 -0.03323720 0.00883913
v 0.01550460 -0.03389760 0.00858513
v 0.01748580 -0.03293240 0.00848353
v 0.01748580 -0.03293240 0.00147313
v 0.01809540 -0.03257680 0.00147313
v 0.01682540 -0.03323720 0.00116833
v 0.01682540 -0.03318640 0.00091433
v 0.01809540 -0.03252600 0.00091433
v 0.01677460 -0.03308480 0.00060953
v 0.01804460 -0.03242440 0.00060953
v 0.01672380 -0.03303400 0.00050793
v 0.01794300 -0.03227200 0.00040633
v 0.01662220 -0.03288160 0.00030473
v 0.01657140 -0.03278000 0.00020313
v 0.01784140 -0.03211960 0.00020313
v 0.01652060 -0.03267840 0.00015233
v 0.01779060 -0.03201800 0.00015233
v 0.01773980 -0.03186560 0.00010153
v 0.01641900 -0.03242440 0.00005073
v 0.01631740 -0.03222120 -0.00000007
v 0.01377740 -0.03338960 -0.00000007
v 0.01514900 -0.03303400 0.00005073
v 0.01382820 -0.03359280 0.00005073
v 0.01519980 -0.03318640 0.00010153
v 0.01387900 -0.03374520 0.00010153
v 0.01392980 -0.03384680 0.00015233
v 0.01530140 -0.03338960 0.00020313
v 0.01398060 -0.03394840 0.00020313
v 0.01540300 -0.03359280 0.00040633
v 0.01408220 -0.03415160 0.00040633
v 0.01408220 -0.03425320 0.00050793
v 0.01413300 -0.03430400 0.00060953
v 0.01545380 -0.03379600 0.00076193
v 0.01550460 -0.03384680 0.00091433
v 0.01418380 -0.03440560 0.00091433
v 0.01418380 -0.03445640 0.00116833
v 0.01550460 -0.03389760 0.00147313
v 0.01382820 -0.03460880 0.00848353
v 0.01382820 -0.03460880 0.00147313
v 0.01286300 -0.03496440 0.00858513
v 0.01418380 -0.03445640 0.00883913
v 0.01281220 -0.03496440 0.00883913
v 0.01006900 -0.03587880 0.00883913
v 0.01144060 -0.03547240 0.00858513
v 0.01144060 -0.03547240 0.00147313
v 0.01286300 -0.03496440 0.00147313
v 0.01281220 -0.03496440 0.00116833
v 0.01144060 -0.03542160 0.00091433
v 0.01144060 -0.03537080 0.00076193
v 0.01281220 -0.03486280 0.00076193
v 0.01276140 -0.03481200 0.00060953
v 0.01276140 -0.03476120 0.00050793
v 0.01133900 -0.03516760 0.00040633
v 0.01133900 -0.03506600 0.00030473
v 0.01271060 -0.03460880 0.00030473
v 0.01128820 -0.03496440 0.00020313
v 0.01265980 -0.03450720 0.00020313
v 0.01128820 -0.03486280 0.00015233
v 0.01123740 -0.03471040 0.00010153
v 0.01255820 -0.03425320 0.00010153
v 0.01118660 -0.03455800 0.00005073
v 0.01250740 -0.03410080 0.00005073
v 0.01113580 -0.03435480 -0.00000007
v 0.01245660 -0.03389760 -0.00000007
v 0.00702101 -0.03542160 -0.00000007
v 0.00564941 -0.03567560 -0.00000007
v 0.00707181 -0.03562480 0.00005073
v 0.00564941 -0.03587880 0.00005073
v 0.00570021 -0.03603120 0.00010153
v 0.00712261 -0.03592960 0.00015233
v 0.00570021 -0.03618360 0.00015233
v 0.00712261 -0.03603120 0.00020313
v 0.00575101 -0.03628520 0.00020313
v 0.00717341 -0.03613280 0.00030473
v 0.00722421 -0.03633600 0.00050793
v 0.00580181 -0.03659000 0.00050793
v 0.00722421 -0.03638680 0.00060953
v 0.00580181 -0.03664080 0.00060953
v 0.00722421 -0.03648840 0.00091433
v 0.00580181 -0.03674240 0.00091433
v 0.00722421 -0.03653920 0.00116833
v 0.00580181 -0.03679320 0.00116833
v 0.00605581 -0.03679320 0.00147313
v 0.00605581 -0.03679320 0.00848353
v 0.00580181 -0.03679320 0.00883913
v 0.00437941 -0.03699640 0.00883913
v -0.01467060 -0.03303400 -0.00000007
v -0.01594060 -0.03242440 -0.00000007
v -0.01472140 -0.03323720 0.00005073
v -0.01604220 -0.03262760 0.00005073
v -0.01482300 -0.03338960 0.00010153
v -0.01609300 -0.03278000 0.00010153
v -0.01487380 -0.03349120 0.00015233
v -0.01614380 -0.03288160 0.00015233
v -0.01492460 -0.03359280 0.00020313
v -0.01619460 -0.03298320 0.00020313
v -0.01497540 -0.03369440 0.00030473
v -0.01624540 -0.03308480 0.00030473
v -0.01497540 -0.03379600 0.00040633
v -0.01629620 -0.03318640 0.00040633
v -0.01502620 -0.03384680 0.00050793
v -0.01634700 -0.03323720 0.00050793
v -0.01507700 -0.03389760 0.00060953
v -0.01507700 -0.03399920 0.00076193
v -0.01639780 -0.03333880 0.00076193
v -0.01507700 -0.03405000 0.00091433
v -0.01639780 -0.03338960 0.00091433
v -0.01644860 -0.03344040 0.00116833
v -0.01512780 -0.03410080 0.00147313
v -0.01512780 -0.03410080 0.00858513
v -0.01644860 -0.03344040 0.00883913
v 0.00148381 -0.03719960 0.00904233
v 0.00290621 -0.03714880 0.00883913
v 0.00148381 -0.03725040 0.00858513
v 0.00295701 -0.03714880 0.00858513
v 0.00295701 -0.03714880 0.00147313
v 0.00290621 -0.03714880 0.00116833
v 0.00437941 -0.03699640 0.00116833
v 0.00290621 -0.03709800 0.00091433
v 0.00437941 -0.03694560 0.00091433
v 0.00290621 -0.03699640 0.00060953
v 0.00437941 -0.03684400 0.00060953
v 0.00432861 -0.03679320 0.00050793
v 0.00290621 -0.03684400 0.00040633
v 0.00290621 -0.03674240 0.00030473
v 0.00432861 -0.03659000 0.00030473
v 0.00290621 -0.03664080 0.00020313
v 0.00432861 -0.03648840 0.00020313
v 0.00290621 -0.03653920 0.00015233
v 0.00427781 -0.03638680 0.00015233
v 0.00427781 -0.03623440 0.00010153
v 0.00285541 -0.03623440 0.00005073
v 0.00427781 -0.03608200 0.00005073
v 0.00285541 -0.03603120 -0.00000007
v 0.00001061 -0.03613280 -0.00000007
v 0.00001061 -0.03633600 0.00005073
v 0.00143301 -0.03648840 0.00010153
v 0.00001061 -0.03648840 0.00010153
v 0.00001061 -0.03664080 0.00015233
v 0.00148381 -0.03674240 0.00020313
v 0.00001061 -0.03674240 0.00020313
v 0.00148381 -0.03684400 0.00030473
v 0.00001061 -0.03684400 0.00030473
v 0.00148381 -0.03699640 0.00050793
v 0.00001061 -0.03704720 0.00050793
v 0.00001061 -0.03709800 0.00060953
v 0.00148381 -0.03714880 0.00076193
v 0.00148381 -0.03719960 0.00091433
v 0.00001061 -0.03719960 0.00091433
v 0.00148381 -0.03725040 0.00116833
v 0.00001061 -0.03725040 0.00116833
v -0.00247859 -0.03719960 0.00116833
v -0.00247859 -0.03719960 0.00858513
v 0.00001061 -0.03725040 0.00883913
v -0.00247859 -0.03714880 0.00904233
v -0.00537419 -0.03684400 0.00904233
v -0.00395179 -0.03704720 0.00883913
v -0.00537419 -0.03689480 0.00858513
v -0.00395179 -0.03704720 0.00116833
v -0.00395179 -0.03699640 0.00091433
v -0.00247859 -0.03714880 0.00091433
v -0.00247859 -0.03709800 0.00076193
v -0.00390099 -0.03689480 0.00060953
v -0.00390099 -0.03684400 0.00050793
v -0.00247859 -0.03694560 0.00050793
v -0.00247859 -0.03679320 0.00030473
v -0.00247859 -0.03669160 0.00020313
v -0.00385019 -0.03643760 0.00015233
v -0.00242779 -0.03643760 0.00010153
v -0.00385019 -0.03613280 0.00005073
v -0.00242779 -0.03623440 0.00005073
v -0.00242779 -0.03603120 -0.00000007
v -0.00522179 -0.03577720 -0.00000007
v -0.00522179 -0.03598040 0.00005073
v -0.00659339 -0.03552320 -0.00000007
v -0.00664419 -0.03572640 0.00005073
v -0.00527259 -0.03613280 0.00010153
v -0.00669499 -0.03587880 0.00010153
v -0.00669499 -0.03603120 0.00015233
v -0.00532339 -0.03638680 0.00020313
v -0.00669499 -0.03613280 0.00020313
v -0.00532339 -0.03648840 0.00030473
v -0.00674579 -0.03623440 0.00030473
v -0.00674579 -0.03643760 0.00050793
v -0.00679659 -0.03648840 0.00060953
v -0.00537419 -0.03679320 0.00076193
v -0.00537419 -0.03684400 0.00091433
v -0.00679659 -0.03659000 0.00091433
v -0.00537419 -0.03689480 0.00116833
v -0.00679659 -0.03664080 0.00116833
v -0.00598379 -0.03679320 0.00147313
v -0.00598379 -0.03679320 0.00848353
v -0.00679659 -0.03664080 0.00883913
v -0.00821899 -0.03633600 0.00883913
v -0.01243540 -0.03516760 0.00858513
v -0.01106380 -0.03562480 0.00858513
v -0.00964139 -0.03603120 0.00858513
v -0.00964139 -0.03603120 0.00147313
v -0.00821899 -0.03633600 0.00116833
v -0.00821899 -0.03628520 0.00091433
v -0.00964139 -0.03592960 0.00076193
v -0.00821899 -0.03623440 0.00076193
v -0.00821899 -0.03618360 0.00060953
v -0.00959059 -0.03577720 0.00050793
v -0.00816819 -0.03613280 0.00050793
v -0.00953979 -0.03562480 0.00030473
v -0.00816819 -0.03592960 0.00030473
v -0.00948899 -0.03552320 0.00020313
v -0.00811739 -0.03582800 0.00020313
v -0.00811739 -0.03572640 0.00015233
v -0.00943819 -0.03526920 0.00010153
v -0.00806659 -0.03557400 0.00010153
v -0.00938739 -0.03511680 0.00005073
v -0.00796499 -0.03526920 -0.00000007
v -0.01070820 -0.03450720 -0.00000007
v -0.01075900 -0.03471040 0.00005073
v -0.01213060 -0.03425320 0.00005073
v -0.01080980 -0.03486280 0.00010153
v -0.01218140 -0.03440560 0.00010153
v -0.01086060 -0.03501520 0.00015233
v -0.01223220 -0.03455800 0.00015233
v -0.01091140 -0.03511680 0.00020313
v -0.01223220 -0.03465960 0.00020313
v -0.01091140 -0.03521840 0.00030473
v -0.01228300 -0.03476120 0.00030473
v -0.01233380 -0.03486280 0.00040633
v -0.01096220 -0.03537080 0.00050793
v -0.01101300 -0.03552320 0.00076193
v -0.01238460 -0.03506600 0.00076193
v -0.01101300 -0.03557400 0.00091433
v -0.01238460 -0.03511680 0.00091433
v -0.01243540 -0.03516760 0.00147313
v -0.01375620 -0.03465960 0.00147313
v -0.01375620 -0.03465960 0.00858513
v -0.01375620 -0.03460880 0.00091433
v -0.01375620 -0.03455800 0.00076193
v -0.01370540 -0.03440560 0.00050793
v -0.01365460 -0.03435480 0.00040633
v -0.01360380 -0.03415160 0.00020313
v -0.01355300 -0.03405000 0.00015233
v -0.01345140 -0.03374520 0.00005073
v -0.01334980 -0.03359280 -0.00000007
v 0.03521500 -0.00798963 -0.00000007
v 0.03445300 -0.01068200 -0.00000007
v 0.03506260 -0.00941203 0.00005073
v 0.03465620 -0.01078360 0.00005073
v 0.03419900 -0.01210440 0.00005073
v 0.03353860 -0.01337440 -0.00000007
v 0.03369100 -0.01342520 0.00005073
v 0.03297980 -0.01464440 -0.00000007
v 0.03318300 -0.01474600 0.00005073
v 0.03237020 -0.01591440 -0.00000007
v 0.03257340 -0.01601600 0.00005073
v 0.03191300 -0.01728600 0.00005073
v 0.03104940 -0.01840360 -0.00000007
v 0.03028740 -0.01962280 -0.00000007
v 0.03049060 -0.01972440 0.00005073
v 0.02952540 -0.02079120 -0.00000007
v 0.02886500 -0.02206120 0.00005073
v 0.02779820 -0.02302640 -0.00000007
v 0.02703620 -0.02419480 0.00005073
v 0.02591860 -0.02510920 -0.00000007
v 0.02607100 -0.02526160 0.00005073
v 0.02541060 -0.02566800 -0.00000007
v 0.02566460 -0.02592200 0.00010153
v 0.02576620 -0.02602360 0.00015233
v 0.02637580 -0.02556640 0.00020313
v 0.02586780 -0.02607440 0.00020313
v 0.02647740 -0.02561720 0.00030473
v 0.02591860 -0.02617600 0.00030473
v 0.02607100 -0.02627760 0.00050793
v 0.02662980 -0.02576960 0.00060953
v 0.02673140 -0.02587120 0.00091433
v 0.02617260 -0.02643000 0.00091433
v 0.02673140 -0.02592200 0.00116833
v 0.02622340 -0.02643000 0.00116833
v 0.02678220 -0.02592200 0.00147313
v 0.02622340 -0.02648080 0.00147313
v 0.02622340 -0.02648080 0.00858513
v 0.02515660 -0.02744600 0.00883913
v 0.02774740 -0.02485520 0.00883913
v 0.02678220 -0.02592200 0.00858513
v 0.02871260 -0.02373760 0.00147313
v 0.03201460 -0.01901320 0.00147313
v 0.02967780 -0.02251840 0.00147313
v 0.03043980 -0.02145160 0.00116833
v 0.02957620 -0.02262000 0.00116833
v 0.02774740 -0.02485520 0.00116833
v 0.02769660 -0.02480440 0.00091433
v 0.02866180 -0.02368680 0.00091433
v 0.02861100 -0.02368680 0.00076193
v 0.02952540 -0.02251840 0.00076193
v 0.03125260 -0.02023240 0.00116833
v 0.03120180 -0.02018160 0.00091433
v 0.03201460 -0.01896240 0.00116833
v 0.03404660 -0.01510160 0.00147313
v 0.03460540 -0.01378080 0.00147313
v 0.03511340 -0.01240920 0.00147313
v 0.03531660 -0.01185040 0.00147313
v 0.03557060 -0.01103760 0.00147313
v 0.03597700 -0.00966603 0.00147313
v 0.03633260 -0.00824363 0.00147313
v 0.03638340 -0.00798963 0.00147313
v 0.03724700 0.00003677 0.00147313
v 0.03699300 0.00404997 0.00147313
v 0.03582460 0.01009520 0.00147313
v 0.03541820 0.01146680 0.00147313
v 0.03384340 0.01553080 0.00147313
v 0.03440220 0.01421000 0.00147313
v 0.03526580 0.01192400 0.00147313
v 0.03582460 0.01004440 0.00116833
v 0.03618020 0.00867277 0.00116833
v 0.03612940 0.00867277 0.00091433
v 0.03643420 0.00725037 0.00091433
v 0.03648500 0.00725037 0.00116833
v 0.03668820 0.00582797 0.00091433
v 0.03673900 0.00582797 0.00116833
v 0.03689140 0.00435477 0.00091433
v 0.03694220 0.00435477 0.00116833
v 0.03704380 0.00293237 0.00091433
v 0.03709460 0.00293237 0.00116833
v 0.03714540 0.00145917 0.00091433
v 0.03719620 0.00145917 0.00116833
v 0.03714540 0.00003677 0.00091433
v 0.03719620 0.00003677 0.00116833
v 0.03709460 -0.00250323 0.00091433
v 0.03714540 -0.00250323 0.00116833
v 0.03678980 -0.00534803 0.00091433
v 0.03684060 -0.00539883 0.00116833
v 0.03653580 -0.00682123 0.00091433
v 0.03658660 -0.00682123 0.00116833
v 0.03623100 -0.00824363 0.00091433
v 0.03628180 -0.00824363 0.00116833
v 0.03592620 -0.00961523 0.00091433
v 0.03551980 -0.01103760 0.00091433
v 0.03506260 -0.01240920 0.00091433
v 0.03455460 -0.01378080 0.00091433
v 0.03399580 -0.01510160 0.00091433
v 0.03338620 -0.01642240 0.00116833
v 0.03267500 -0.01769240 0.00091433
v 0.03272580 -0.01774320 0.00116833
v 0.03196380 -0.01896240 0.00091433
v 0.03191300 -0.01896240 0.00076193
v 0.03115100 -0.02018160 0.00076193
v 0.03038900 -0.02135000 0.00076193
v 0.03033820 -0.02135000 0.00060953
v 0.02947460 -0.02251840 0.00060953
v 0.02856020 -0.02363600 0.00060953
v 0.02754420 -0.02470280 0.00050793
v 0.02759500 -0.02475360 0.00060953
v 0.02749340 -0.02465200 0.00040633
v 0.02845860 -0.02353440 0.00040633
v 0.02942380 -0.02246760 0.00050793
v 0.03110020 -0.02013080 0.00060953
v 0.03186220 -0.01891160 0.00060953
v 0.03262420 -0.01769240 0.00076193
v 0.03333540 -0.01637160 0.00076193
v 0.03323380 -0.01637160 0.00060953
v 0.03394500 -0.01510160 0.00076193
v 0.03445300 -0.01373000 0.00060953
v 0.03501180 -0.01240920 0.00076193
v 0.03496100 -0.01235840 0.00060953
v 0.03546900 -0.01098680 0.00076193
v 0.03587540 -0.00961523 0.00076193
v 0.03612940 -0.00819283 0.00060953
v 0.03643420 -0.00677043 0.00060953
v 0.03668820 -0.00534803 0.00060953
v 0.03699300 -0.00250323 0.00060953
v 0.03704380 0.00003677 0.00060953
v 0.03704380 0.00145917 0.00060953
v 0.03694220 0.00293237 0.00060953
v 0.03678980 0.00435477 0.00060953
v 0.03658660 0.00577717 0.00060953
v 0.03638340 0.00725037 0.00076193
v 0.03633260 0.00719957 0.00060953
v 0.03577380 0.01004440 0.00091433
v 0.03536740 0.01146680 0.00091433
v 0.03491020 0.01283840 0.00116833
v 0.03485940 0.01283840 0.00091433
v 0.03440220 0.01415920 0.00116833
v 0.03435140 0.01415920 0.00091433
v 0.03379260 0.01548000 0.00091433
v 0.03318300 0.01680080 0.00116833
v 0.03252260 0.01812160 0.00147313
v 0.03186220 0.01923920 0.00147313
v 0.03099860 0.02061080 0.00147313
v 0.03018580 0.02177920 0.00147313
v -0.01959820 -0.03034160 -0.00000007
v -0.02076660 -0.02957960 -0.00000007
v -0.01969980 -0.03054480 0.00005073
v -0.02091900 -0.02973200 0.00005073
v -0.02096980 -0.02988440 0.00010153
v -0.01990300 -0.03079880 0.00015233
v -0.02107140 -0.02998600 0.00015233
v -0.01995380 -0.03090040 0.00020313
v -0.02112220 -0.03008760 0.00020313
v -0.02005540 -0.03105280 0.00040633
v -0.02122380 -0.03024000 0.00040633
v -0.02015700 -0.03115440 0.00060953
v -0.02132540 -0.03034160 0.00060953
v -0.02137620 -0.03039240 0.00076193
v -0.02020780 -0.03125600 0.00091433
v -0.02142700 -0.03044320 0.00091433
v -0.02020780 -0.03130680 0.00116833
v -0.02142700 -0.03049400 0.00116833
v -0.02086820 -0.03090040 0.00147313
v -0.02086820 -0.03090040 0.00848353
v -0.02020780 -0.03130680 0.00883913
v -0.02142700 -0.03049400 0.00883913
v -0.02259540 -0.02963040 0.00883913
v -0.02376380 -0.02876680 0.00858513
v -0.02259540 -0.02963040 0.00116833
v -0.02259540 -0.02957960 0.00091433
v -0.02371300 -0.02871600 0.00091433
v -0.02483060 -0.02775080 0.00091433
v -0.02483060 -0.02780160 0.00116833
v -0.02411940 -0.02846200 0.00147313
v -0.02411940 -0.02846200 0.00848353
v -0.02589740 -0.02683640 0.00848353
v -0.02645620 -0.02627760 0.00883913
v -0.02747220 -0.02521080 0.00858513
v -0.02589740 -0.02683640 0.00147313
v -0.02645620 -0.02627760 0.00116833
v -0.02584660 -0.02678560 0.00091433
v -0.02640540 -0.02617600 0.00076193
v -0.02584660 -0.02673480 0.00076193
v -0.02477980 -0.02770000 0.00076193
v -0.02579580 -0.02668400 0.00060953
v -0.02366220 -0.02861440 0.00060953
v -0.02254460 -0.02957960 0.00076193
v -0.02249380 -0.02952880 0.00060953
v -0.02244300 -0.02947800 0.00050793
v -0.02356060 -0.02851280 0.00040633
v -0.02234140 -0.02932560 0.00030473
v -0.02340820 -0.02836040 0.00020313
v -0.02229060 -0.02922400 0.00020313
v -0.02335740 -0.02825880 0.00015233
v -0.02223980 -0.02912240 0.00015233
v -0.02325580 -0.02815720 0.00010153
v -0.02213820 -0.02902080 0.00010153
v -0.02315420 -0.02800480 0.00005073
v -0.02203660 -0.02891920 0.00005073
v -0.02300180 -0.02785240 -0.00000007
v -0.02513540 -0.02597280 -0.00000007
v -0.02422100 -0.02709040 0.00005073
v -0.02538940 -0.02622680 0.00010153
v -0.02442420 -0.02729360 0.00015233
v -0.02447500 -0.02739520 0.00020313
v -0.02554180 -0.02643000 0.00020313
v -0.02457660 -0.02749680 0.00030473
v -0.02564340 -0.02653160 0.00030473
v -0.02574500 -0.02663320 0.00050793
v -0.02630380 -0.02607440 0.00050793
v -0.02635460 -0.02612520 0.00060953
v -0.02731980 -0.02510920 0.00060953
v -0.02737060 -0.02516000 0.00076193
v -0.02838660 -0.02409320 0.00091433
v -0.02747220 -0.02521080 0.00116833
v -0.02843740 -0.02409320 0.00116833
v -0.02843740 -0.02414400 0.00147313
v -0.02843740 -0.02414400 0.00858513
v -0.02965660 -0.02262000 0.00147313
v -0.03021540 -0.02185800 0.00147313
v -0.02935180 -0.02302640 0.00147313
v -0.02935180 -0.02297560 0.00116833
v -0.03021540 -0.02180720 0.00116833
v -0.03016460 -0.02180720 0.00091433
v -0.02930100 -0.02297560 0.00091433
v -0.03006300 -0.02175640 0.00060953
v -0.03001220 -0.02170560 0.00050793
v -0.02914860 -0.02287400 0.00050793
v -0.02823420 -0.02399160 0.00050793
v -0.02909780 -0.02282320 0.00040633
v -0.02721820 -0.02500760 0.00040633
v -0.02716740 -0.02495680 0.00030473
v -0.02610060 -0.02592200 0.00020313
v -0.02701500 -0.02480440 0.00015233
v -0.02691340 -0.02470280 0.00010153
v -0.02676100 -0.02460120 0.00005073
v -0.02579580 -0.02561720 0.00005073
v -0.02660860 -0.02444880 -0.00000007
v -0.02564340 -0.02546480 -0.00000007
v -0.02757380 -0.02338200 -0.00000007
v -0.02930100 -0.02119760 -0.00000007
v -0.02874220 -0.02251840 0.00010153
v -0.02960580 -0.02140080 0.00010153
v -0.02884380 -0.02262000 0.00015233
v -0.02894540 -0.02267080 0.00020313
v -0.02980900 -0.02155320 0.00020313
v -0.02996140 -0.02165480 0.00040633
v -0.03077420 -0.02048640 0.00040633
v -0.03163780 -0.01931800 0.00050793
v -0.03092660 -0.02053720 0.00060953
v -0.03097740 -0.02058800 0.00076193
v -0.03173940 -0.01936880 0.00076193
v -0.03097740 -0.02063880 0.00091433
v -0.03179020 -0.01936880 0.00091433
v -0.03102820 -0.02063880 0.00116833
v -0.03184100 -0.01941960 0.00147313
v -0.03382220 -0.01571120 0.00147313
v -0.03255220 -0.01814960 0.00116833
v -0.03250140 -0.01814960 0.00091433
v -0.03321260 -0.01687960 0.00091433
v -0.03311100 -0.01682880 0.00060953
v -0.03239980 -0.01809880 0.00060953
v -0.03234900 -0.01804800 0.00050793
v -0.03295860 -0.01672720 0.00040633
v -0.03219660 -0.01794640 0.00030473
v -0.03148540 -0.01921640 0.00030473
v -0.03209500 -0.01789560 0.00020313
v -0.03138380 -0.01916560 0.00020313
v -0.03062180 -0.02033400 0.00020313
v -0.03052020 -0.02028320 0.00015233
v -0.03118060 -0.01901320 0.00010153
v -0.03041860 -0.02023240 0.00010153
v -0.03102820 -0.01891160 0.00005073
v -0.03087580 -0.01881000 -0.00000007
v -0.03011380 -0.02002920 -0.00000007
v -0.03224740 -0.01637160 -0.00000007
v -0.03341580 -0.01383160 -0.00000007
v -0.03300940 -0.01520320 0.00005073
v -0.03316180 -0.01525400 0.00010153
v -0.03372060 -0.01393320 0.00010153
v -0.03387300 -0.01398400 0.00015233
v -0.03341580 -0.01535560 0.00020313
v -0.03397460 -0.01403480 0.00020313
v -0.03407620 -0.01408560 0.00030473
v -0.03366980 -0.01545720 0.00050793
v -0.03422860 -0.01413640 0.00050793
v -0.03372060 -0.01550800 0.00060953
v -0.03427940 -0.01418720 0.00060953
v -0.03382220 -0.01555880 0.00091433
v -0.03438100 -0.01423800 0.00091433
v -0.03387300 -0.01555880 0.00116833
v -0.03443180 -0.01423800 0.00116833
v -0.03438100 -0.01119000 -0.00000007
v -0.03514300 -0.00844683 -0.00000007
v -0.03499060 -0.00986923 0.00005073
v -0.03534620 -0.00849763 0.00005073
v -0.03514300 -0.00992003 0.00010153
v -0.03549860 -0.00854843 0.00010153
v -0.03539700 -0.00997083 0.00020313
v -0.03575260 -0.00859923 0.00020313
v -0.03549860 -0.01002160 0.00030473
v -0.03585420 -0.00859923 0.00030473
v -0.03565100 -0.01007240 0.00050793
v -0.03600660 -0.00865003 0.00050793
v -0.03570180 -0.01007240 0.00060953
v -0.03615900 -0.00870083 0.00076193
v -0.03580340 -0.01012320 0.00091433
v -0.03620980 -0.00870083 0.00091433
v -0.03585420 -0.01012320 0.00116833
v -0.03590500 -0.01012320 0.00147313
v -0.03626060 -0.00870083 0.00147313
v 0.01504740 0.03402200 0.00883913
v 0.01636820 0.03341240 0.00883913
v 0.02698540 0.02564000 0.00147313
v 0.02739180 0.02518280 0.00147313
v 0.03099860 0.02056000 0.00116833
v 0.03176060 0.01934080 0.00116833
v 0.03170980 0.01934080 0.00091433
v 0.03247180 0.01807080 0.00091433
v 0.03313220 0.01680080 0.00091433
v 0.03308140 0.01680080 0.00076193
v 0.03374180 0.01548000 0.00076193
v 0.03430060 0.01415920 0.00076193
v 0.03424980 0.01410840 0.00060953
v 0.03475780 0.01278760 0.00060953
v 0.03526580 0.01141600 0.00060953
v 0.03567220 0.01004440 0.00060953
v 0.03602780 0.00862197 0.00060953
v 0.03597700 0.00862197 0.00050793
v 0.03628180 0.00719957 0.00050793
v 0.03653580 0.00577717 0.00050793
v 0.03643420 0.00577717 0.00040633
v 0.03663740 0.00435477 0.00040633
v 0.03673900 0.00435477 0.00050793
v 0.03678980 0.00288157 0.00040633
v 0.03699300 0.00003677 0.00050793
v 0.03668820 -0.00392563 0.00040633
v 0.03678980 -0.00392563 0.00050793
v 0.03628180 -0.00677043 0.00040633
v 0.03638340 -0.00677043 0.00050793
v 0.03607860 -0.00819283 0.00050793
v 0.03572300 -0.00956443 0.00050793
v 0.03526580 -0.01093600 0.00040633
v 0.03531660 -0.01098680 0.00050793
v 0.03480860 -0.01230760 0.00040633
v 0.03430060 -0.01367920 0.00040633
v 0.03374180 -0.01500000 0.00040633
v 0.03313220 -0.01627000 0.00040633
v 0.03318300 -0.01632080 0.00050793
v 0.03247180 -0.01759080 0.00040633
v 0.03252260 -0.01764160 0.00050793
v 0.03176060 -0.01881000 0.00040633
v 0.03099860 -0.02002920 0.00040633
v 0.03018580 -0.02124840 0.00040633
v 0.02927140 -0.02236600 0.00030473
v 0.02830620 -0.02343280 0.00020313
v 0.02744260 -0.02455040 0.00030473
v 0.02729020 -0.02439800 0.00015233
v 0.02916980 -0.02231520 0.00020313
v 0.03003340 -0.02114680 0.00020313
v 0.03084620 -0.01992760 0.00020313
v 0.03237020 -0.01754000 0.00030473
v 0.03226860 -0.01748920 0.00020313
v 0.03303060 -0.01627000 0.00030473
v 0.03292900 -0.01621920 0.00020313
v 0.03364020 -0.01494920 0.00030473
v 0.03353860 -0.01489840 0.00020313
v 0.03419900 -0.01362840 0.00030473
v 0.03409740 -0.01357760 0.00020313
v 0.03470700 -0.01230760 0.00030473
v 0.03460540 -0.01225680 0.00020313
v 0.03516420 -0.01093600 0.00030473
v 0.03506260 -0.01088520 0.00020313
v 0.03557060 -0.00951363 0.00030473
v 0.03546900 -0.00951363 0.00020313
v 0.03577380 -0.00814203 0.00020313
v 0.03607860 -0.00671963 0.00020313
v 0.03643420 -0.00529723 0.00030473
v 0.03633260 -0.00529723 0.00020313
v 0.03648500 -0.00387483 0.00020313
v 0.03673900 -0.00245243 0.00030473
v 0.03663740 -0.00245243 0.00020313
v 0.03668820 0.00003677 0.00020313
v 0.03678980 0.00145917 0.00030473
v 0.03668820 0.00145917 0.00020313
v 0.03668820 0.00288157 0.00030473
v 0.03658660 0.00288157 0.00020313
v 0.03643420 0.00430397 0.00020313
v 0.03618020 0.00719957 0.00040633
v 0.03551980 0.00999357 0.00040633
v 0.03511340 0.01136520 0.00040633
v 0.03470700 0.01273680 0.00050793
v 0.03419900 0.01410840 0.00050793
v 0.03369100 0.01542920 0.00060953
v 0.03303060 0.01675000 0.00060953
v 0.03242100 0.01807080 0.00076193
v 0.03094780 0.02056000 0.00091433
v 0.03013500 0.02177920 0.00091433
v 0.02927140 0.02294760 0.00116833
v 0.02927140 0.02289680 0.00091433
v 0.02835700 0.02406520 0.00116833
v 0.02739180 0.02513200 0.00091433
v 0.02586780 0.02675760 0.00116833
v 0.02480100 0.02777360 0.00147313
v 0.02480100 0.02772280 0.00116833
v 0.01768900 0.03275200 0.00858513
v 0.01738420 0.03290440 0.00848353
v 0.01372660 0.03458080 0.00883913
v 0.01235500 0.03508880 0.00883913
v 0.01098340 0.03554600 0.00883913
v -0.03641300 -0.00809123 0.00147313
v -0.03656540 -0.00727843 0.00147313
v -0.03651460 -0.00727843 0.00091433
v -0.03676860 -0.00585603 0.00091433
v -0.03681940 -0.00585603 0.00116833
v -0.03697180 -0.00443363 0.00091433
v -0.03707340 -0.00412883 0.00147313
v 0.00387141 0.03701920 0.00883913
v 0.00818941 0.03630800 0.00883913
v 0.01738420 0.03290440 0.00147313
v 0.01768900 0.03275200 0.00116833
v 0.01890820 0.03204080 0.00116833
v 0.01895900 0.03204080 0.00147313
v 0.02017820 0.03127880 0.00147313
v 0.02139740 0.03046600 0.00116833
v 0.02256580 0.02960240 0.00116833
v 0.02368340 0.02868800 0.00116833
v 0.02251500 0.02955160 0.00091433
v 0.02475020 0.02772280 0.00091433
v 0.02632500 0.02614800 0.00076193
v 0.02637580 0.02619880 0.00091433
v 0.02830620 0.02401440 0.00076193
v 0.02825540 0.02396360 0.00060953
v 0.02916980 0.02284600 0.00060953
v 0.02922060 0.02289680 0.00076193
v 0.03003340 0.02167760 0.00060953
v 0.03084620 0.02050920 0.00060953
v 0.03160820 0.01929000 0.00060953
v 0.03231940 0.01802000 0.00050793
v 0.03297980 0.01669920 0.00050793
v 0.03353860 0.01537840 0.00040633
v 0.03455460 0.01268600 0.00030473
v 0.03491020 0.01131440 0.00020313
v 0.03531660 0.00994277 0.00020313
v 0.03567220 0.00852037 0.00020313
v 0.03577380 0.00857117 0.00030473
v 0.03597700 0.00714877 0.00020313
v 0.03623100 0.00572637 0.00020313
v 0.03612940 0.00572637 0.00015233
v 0.03633260 0.00430397 0.00015233
v 0.03648500 0.00288157 0.00015233
v 0.03633260 0.00288157 0.00010153
v 0.03643420 0.00145917 0.00010153
v 0.03643420 0.00003677 0.00010153
v 0.03658660 0.00003677 0.00015233
v 0.03638340 -0.00245243 0.00010153
v 0.03623100 -0.00387483 0.00010153
v 0.03638340 -0.00387483 0.00015233
v 0.03607860 -0.00524643 0.00010153
v 0.03582460 -0.00666883 0.00010153
v 0.03597700 -0.00671963 0.00015233
v 0.03557060 -0.00804043 0.00010153
v 0.03521500 -0.00946283 0.00010153
v 0.03480860 -0.01083440 0.00010153
v 0.03496100 -0.01083440 0.00015233
v 0.03450380 -0.01220600 0.00015233
v 0.03399580 -0.01352680 0.00015233
v 0.03333540 -0.01479680 0.00010153
v 0.03272580 -0.01611760 0.00010153
v 0.03206540 -0.01733680 0.00010153
v 0.03216700 -0.01743840 0.00015233
v 0.03135420 -0.01860680 0.00010153
v 0.03074460 -0.01987680 0.00015233
v 0.02983020 -0.02099440 0.00010153
v 0.02810300 -0.02322960 0.00010153
v 0.03567220 -0.00661803 0.00005073
v 0.03546900 -0.00661803 -0.00000007
v 0.03592620 -0.00524643 0.00005073
v 0.03572300 -0.00519563 -0.00000007
v 0.03607860 -0.00382403 0.00005073
v 0.03602780 -0.00240163 -0.00000007
v 0.03628180 0.00003677 0.00005073
v 0.03607860 0.00003677 -0.00000007
v 0.03597700 0.00283077 -0.00000007
v 0.03618020 0.00288157 0.00005073
v 0.03618020 0.00430397 0.00010153
v 0.03602780 0.00425317 0.00005073
v 0.03587540 0.00709797 0.00015233
v 0.03572300 0.00709797 0.00010153
v 0.03557060 0.00852037 0.00015233
v 0.03521500 0.00989197 0.00015233
v 0.03480860 0.01126360 0.00015233
v 0.03445300 0.01263520 0.00020313
v 0.03435140 0.01263520 0.00015233
v 0.03389420 0.01400680 0.00020313
v 0.03333540 0.01532760 0.00020313
v 0.03282740 0.01664840 0.00030473
v 0.03150660 0.01918840 0.00040633
v 0.03079540 0.02045840 0.00050793
v 0.03074460 0.02040760 0.00040633
v 0.02998260 0.02162680 0.00050793
v 0.02911900 0.02279520 0.00050793
v 0.02820460 0.02391280 0.00050793
v 0.02729020 0.02503040 0.00060953
v 0.02723940 0.02497960 0.00050793
v 0.02627420 0.02609720 0.00060953
v 0.02469940 0.02762120 0.00060953
v 0.02363260 0.02858640 0.00076193
v 0.02134660 0.03041520 0.00091433
v 0.02012740 0.03122800 0.00091433
v 0.02012740 0.03117720 0.00076193
v 0.01890820 0.03199000 0.00091433
v 0.01890820 0.03193920 0.00076193
v 0.01763820 0.03265040 0.00076193
v 0.01763820 0.03270120 0.00091433
v 0.01636820 0.03341240 0.00116833
v 0.01504740 0.03402200 0.00116833
v 0.01372660 0.03458080 0.00116833
v 0.00986581 0.03590160 0.00147313
v 0.00986581 0.03590160 0.00848353
v 0.00676701 0.03661280 0.00858513
v 0.00595421 0.03676520 0.00848353
v 0.00244901 0.03712080 0.00883913
v -0.00009099 0.03722240 0.00883913
v -0.03727660 -0.00006483 0.00116833
v -0.03722580 -0.00153803 0.00116833
v -0.03712420 -0.00296043 0.00116833
v -0.03717500 -0.00153803 0.00091433
v -0.03692100 -0.00443363 0.00076193
v -0.03697180 -0.00296043 0.00060953
v -0.03666700 -0.00585603 0.00060953
v -0.03641300 -0.00727843 0.00060953
v -0.03641300 -0.00580523 0.00030473
v -0.03615900 -0.00722763 0.00030473
v -0.03631140 -0.00580523 0.00020313
v -0.03605740 -0.00717683 0.00020313
v -0.03605740 -0.00575443 0.00010153
v -0.03580340 -0.00712603 0.00010153
v -0.03590500 -0.00570363 0.00005073
v -0.03565100 -0.00712603 0.00005073
v -0.03570180 -0.00570363 -0.00000007
v -0.03544780 -0.00707523 -0.00000007
v -0.03600660 -0.00290963 -0.00000007
v -0.03615900 -0.00006483 -0.00000007
v -0.03631140 -0.00148723 0.00005073
v -0.03651460 -0.00006483 0.00010153
v -0.03661620 -0.00148723 0.00015233
v -0.03671780 -0.00153803 0.00020313
v -0.03676860 -0.00006483 0.00020313
v -0.03681940 -0.00153803 0.00030473
v -0.03687020 -0.00006483 0.00030473
v -0.03692100 -0.00153803 0.00040633
v -0.03702260 -0.00153803 0.00050793
v -0.03707340 -0.00153803 0.00060953
v -0.03712420 -0.00006483 0.00060953
v -0.03702260 0.00242437 0.00060953
v -0.03722580 -0.00006483 0.00091433
v -0.03712420 0.00242437 0.00091433
v -0.03717500 0.00242437 0.00116833
v -0.03702260 0.00389757 0.00091433
v -0.03707340 0.00389757 0.00116833
v -0.00298659 0.03712080 0.00858513
v 0.00194101 0.03717160 0.00848353
v 0.00595421 0.03676520 0.00147313
v 0.00534461 0.03681600 0.00116833
v 0.00676701 0.03661280 0.00147313
v 0.00818941 0.03630800 0.00116833
v 0.00961181 0.03595240 0.00116833
v 0.01098340 0.03554600 0.00116833
v 0.01098340 0.03549520 0.00091433
v 0.01235500 0.03503800 0.00091433
v 0.01235500 0.03508880 0.00116833
v 0.01372660 0.03453000 0.00091433
v 0.01504740 0.03397120 0.00091433
v 0.01504740 0.03392040 0.00076193
v 0.01636820 0.03336160 0.00091433
v 0.01885740 0.03188840 0.00060953
v 0.02007660 0.03112640 0.00060953
v 0.02002580 0.03107560 0.00050793
v 0.02124500 0.03026280 0.00050793
v 0.02129580 0.03031360 0.00060953
v 0.02241340 0.02939920 0.00050793
v 0.02246420 0.02945000 0.00060953
v 0.02358180 0.02853560 0.00060953
v 0.02571540 0.02660520 0.00050793
v 0.02718860 0.02492880 0.00040633
v 0.02805220 0.02381120 0.00030473
v 0.02896660 0.02269360 0.00030473
v 0.02983020 0.02152520 0.00030473
v 0.02972860 0.02147440 0.00020313
v 0.03054140 0.02030600 0.00020313
v 0.03140500 0.01913760 0.00030473
v 0.03206540 0.01786760 0.00020313
v 0.03272580 0.01659760 0.00020313
v 0.03262420 0.01654680 0.00015233
v 0.03323380 0.01527680 0.00015233
v 0.03369100 0.01390520 0.00010153
v 0.03419900 0.01258440 0.00010153
v 0.03465620 0.01121280 0.00010153
v 0.03450380 0.01116200 0.00005073
v 0.03491020 0.00984117 0.00005073
v 0.03526580 0.00846957 0.00005073
v 0.03506260 0.00841877 -0.00000007
v 0.03536740 0.00704717 -0.00000007
v 0.03557060 0.00704717 0.00005073
v 0.03562140 0.00562477 -0.00000007
v 0.03582460 0.00567557 0.00005073
v 0.03430060 0.01111120 -0.00000007
v 0.03404660 0.01253360 0.00005073
v 0.03384340 0.01243200 -0.00000007
v 0.03353860 0.01385440 0.00005073
v 0.03313220 0.01517520 0.00010153
v 0.03297980 0.01512440 0.00005073
v 0.03196380 0.01781680 0.00015233
v 0.03110020 0.01898520 0.00010153
v 0.03043980 0.02025520 0.00015233
v 0.03033820 0.02015360 0.00010153
v 0.02962700 0.02142360 0.00015233
v 0.02886500 0.02264280 0.00020313
v 0.02789980 0.02365880 0.00015233
v 0.02703620 0.02482720 0.00020313
v 0.02612180 0.02594480 0.00030473
v 0.02459780 0.02751960 0.00040633
v 0.02342940 0.02838320 0.00030473
v 0.02236260 0.02934840 0.00040633
v 0.02114340 0.03011040 0.00030473
v 0.01880660 0.03183760 0.00050793
v 0.01758740 0.03254880 0.00050793
v 0.01631740 0.03326000 0.00060953
v 0.01626660 0.03320920 0.00050793
v 0.01499660 0.03386960 0.00060953
v 0.01367580 0.03442840 0.00060953
v 0.01235500 0.03498720 0.00076193
v 0.01230420 0.03493640 0.00060953
v 0.01098340 0.03544440 0.00076193
v 0.00956101 0.03590160 0.00091433
v 0.00818941 0.03625720 0.00091433
v 0.00671621 0.03651120 0.00076193
v 0.00676701 0.03656200 0.00091433
v 0.00387141 0.03701920 0.00116833
v 0.00244901 0.03712080 0.00116833
v 0.00194101 0.03717160 0.00147313
v -0.00212299 0.03717160 0.00147313
v -0.00212299 0.03717160 0.00848353
v -0.00298659 0.03712080 0.00147313
v -0.00440899 0.03696840 0.00858513
v -0.00588219 0.03676520 0.00858513
v -0.00730459 0.03651120 0.00858513
v -0.01152100 0.03539360 0.00883913
v -0.03636220 0.00816477 0.00116833
v -0.03687020 0.00531997 0.00116833
v -0.03661620 0.00674237 0.00091433
v -0.03681940 0.00531997 0.00091433
v -0.03656540 0.00674237 0.00076193
v -0.03697180 0.00389757 0.00076193
v -0.03671780 0.00531997 0.00060953
v -0.03692100 0.00384677 0.00060953
v -0.03666700 0.00526917 0.00050793
v -0.03697180 0.00242437 0.00050793
v -0.03666700 0.00384677 0.00030473
v -0.03676860 0.00242437 0.00030473
v -0.03656540 0.00384677 0.00020313
v -0.03666700 0.00242437 0.00020313
v -0.03656540 0.00237357 0.00015233
v -0.03631140 0.00379597 0.00010153
v -0.03610820 0.00379597 0.00005073
v -0.03626060 0.00237357 0.00005073
v -0.03605740 0.00237357 -0.00000007
v -0.03575260 0.00516757 -0.00000007
v -0.03595580 0.00516757 0.00005073
v -0.03554940 0.00653917 -0.00000007
v -0.03590500 0.00664077 0.00010153
v -0.03626060 0.00521837 0.00015233
v -0.03636220 0.00526917 0.00020313
v -0.03615900 0.00669157 0.00020313
v -0.03626060 0.00669157 0.00030473
v -0.03641300 0.00674237 0.00050793
v -0.03605740 0.00811397 0.00040633
v -0.03620980 0.00816477 0.00060953
v -0.03585420 0.00953637 0.00060953
v -0.03590500 0.00958717 0.00076193
v -0.03631140 0.00816477 0.00091433
v -0.03595580 0.00958717 0.00091433
v -0.03600660 0.00958717 0.00116833
v -0.03554940 0.01095880 0.00091433
v -0.03560020 0.01100960 0.00116833
v -0.03514300 0.01238120 0.00116833
v -0.03534620 0.01182240 0.00147313
v -0.03463500 0.01370200 0.00116833
v -0.03463500 0.01375280 0.00147313
v -0.03407620 0.01507360 0.00116833
v -0.03387300 0.01558160 0.00147313
v -0.03346660 0.01639440 0.00116833
v -0.03280620 0.01766440 0.00147313
v -0.01690580 0.03320920 0.00858513
v -0.01558500 0.03381880 0.00883913
v -0.01289260 0.03493640 0.00858513
v -0.01014940 0.03585080 0.00858513
v -0.00872699 0.03620640 0.00858513
v -0.00151339 0.03717160 0.00116833
v -0.00009099 0.03722240 0.00116833
v -0.00009099 0.03717160 0.00091433
v 0.00244901 0.03707000 0.00091433
v 0.00387141 0.03696840 0.00091433
v 0.00529381 0.03666360 0.00060953
v 0.00813861 0.03615560 0.00060953
v 0.00951021 0.03574920 0.00050793
v 0.00956101 0.03580000 0.00060953
v 0.01093260 0.03534280 0.00050793
v 0.01093260 0.03539360 0.00060953
v 0.01230420 0.03488560 0.00050793
v 0.01362500 0.03437760 0.00050793
v 0.01499660 0.03381880 0.00050793
v 0.01748580 0.03239640 0.00030473
v 0.01870500 0.03168520 0.00030473
v 0.01997500 0.03092320 0.00030473
v 0.01987340 0.03082160 0.00020313
v 0.02109260 0.03000880 0.00020313
v 0.02226100 0.02919600 0.00020313
v 0.02215940 0.02909440 0.00015233
v 0.02327700 0.02818000 0.00015233
v 0.02337860 0.02828160 0.00020313
v 0.02444540 0.02736720 0.00020313
v 0.02541060 0.02630040 0.00015233
v 0.02551220 0.02640200 0.00020313
v 0.02596940 0.02574160 0.00015233
v 0.02693460 0.02472560 0.00015233
v 0.02683300 0.02462400 0.00010153
v 0.02779820 0.02355720 0.00010153
v 0.02866180 0.02249040 0.00010153
v 0.02856020 0.02238880 0.00005073
v 0.02942380 0.02122040 0.00005073
v 0.02952540 0.02132200 0.00010153
v 0.03018580 0.02005200 0.00005073
v 0.03079540 0.01878200 -0.00000007
v 0.03165900 0.01766440 0.00005073
v 0.03216700 0.01629280 -0.00000007
v 0.03237020 0.01639440 0.00005073
v 0.03333540 0.01375280 -0.00000007
v 0.03003340 0.01995040 -0.00000007
v 0.02922060 0.02111880 -0.00000007
v 0.02749340 0.02335400 -0.00000007
v 0.02673140 0.02452240 0.00005073
v 0.02586780 0.02564000 0.00010153
v 0.02520740 0.02609720 0.00005073
v 0.02429300 0.02716400 0.00010153
v 0.02419140 0.02706240 0.00005073
v 0.02307380 0.02797680 0.00005073
v 0.02205780 0.02899280 0.00010153
v 0.02094020 0.02980560 0.00010153
v 0.01865420 0.03158360 0.00020313
v 0.01860340 0.03148200 0.00015233
v 0.01743500 0.03229480 0.00020313
v 0.01621580 0.03305680 0.00030473
v 0.01616500 0.03295520 0.00020313
v 0.01489500 0.03366640 0.00030473
v 0.01484420 0.03356480 0.00020313
v 0.01225340 0.03468240 0.00030473
v 0.01088180 0.03513960 0.00030473
v 0.00951021 0.03554600 0.00030473
v 0.00808781 0.03600320 0.00040633
v 0.00671621 0.03635880 0.00050793
v 0.00529381 0.03661280 0.00050793
v 0.00387141 0.03686680 0.00060953
v 0.00244901 0.03696840 0.00060953
v -0.00298659 0.03707000 0.00091433
v -0.00440899 0.03696840 0.00116833
v -0.00440899 0.03691760 0.00091433
v -0.00588219 0.03676520 0.00116833
v -0.00588219 0.03671440 0.00091433
v -0.00730459 0.03651120 0.00116833
v -0.00872699 0.03620640 0.00147313
v -0.01014940 0.03585080 0.00147313
v -0.01152100 0.03539360 0.00116833
v -0.01385780 0.03458080 0.00147313
v -0.01385780 0.03458080 0.00848353
v -0.01426420 0.03442840 0.00147313
v -0.01426420 0.03442840 0.00848353
v -0.01690580 0.03320920 0.00147313
v -0.02970740 0.02249040 0.00147313
v -0.02965660 0.02254120 0.00116833
v -0.03133300 0.02020440 0.00147313
v -0.03199340 0.01913760 0.00147313
v -0.03128220 0.02015360 0.00091433
v -0.03204420 0.01893440 0.00091433
v -0.03275540 0.01766440 0.00091433
v -0.03341580 0.01634360 0.00091433
v -0.03336500 0.01634360 0.00076193
v -0.03402540 0.01502280 0.00091433
v -0.03397460 0.01502280 0.00076193
v -0.03458420 0.01370200 0.00091433
v -0.03453340 0.01370200 0.00076193
v -0.03509220 0.01233040 0.00091433
v -0.03499060 0.01233040 0.00060953
v -0.03544780 0.01095880 0.00060953
v -0.03493980 0.01227960 0.00050793
v -0.03539700 0.01090800 0.00050793
v -0.03529540 0.01090800 0.00040633
v -0.03570180 0.00953637 0.00040633
v -0.03595580 0.00811397 0.00030473
v -0.03549860 0.00948557 0.00020313
v -0.03585420 0.00806317 0.00020313
v -0.03539700 0.00943477 0.00015233
v -0.03575260 0.00806317 0.00015233
v -0.03560020 0.00801237 0.00010153
v -0.03509220 0.00933317 0.00005073
v -0.03544780 0.00796157 0.00005073
v -0.03524460 0.00791077 -0.00000007
v -0.03453340 0.01065400 -0.00000007
v -0.03427940 0.01207640 0.00005073
v -0.03443180 0.01212720 0.00010153
v -0.03499060 0.01080640 0.00015233
v -0.03453340 0.01217800 0.00015233
v -0.03509220 0.01085720 0.00020313
v -0.03463500 0.01217800 0.00020313
v -0.03412700 0.01354960 0.00020313
v -0.03483820 0.01227960 0.00040633
v -0.03443180 0.01365120 0.00050793
v -0.03387300 0.01497200 0.00050793
v -0.03448260 0.01365120 0.00060953
v -0.03392380 0.01502280 0.00060953
v -0.03326340 0.01629280 0.00050793
v -0.03331420 0.01629280 0.00060953
v -0.03260300 0.01756280 0.00050793
v -0.03265380 0.01761360 0.00060953
v -0.03189180 0.01883280 0.00050793
v -0.03118060 0.02010280 0.00060953
v -0.03046940 0.02137280 0.00091433
v -0.02960580 0.02254120 0.00091433
v -0.02874220 0.02370960 0.00116833
v -0.02777700 0.02477640 0.00091433
v -0.02676100 0.02584320 0.00091433
v -0.02681180 0.02584320 0.00116833
v -0.02711660 0.02553840 0.00147313
v -0.02523700 0.02741800 0.00147313
v -0.02096980 0.03077080 0.00147313
v -0.02066500 0.03097400 0.00147313
v -0.01939500 0.03178680 0.00147313
v -0.01558500 0.03381880 0.00116833
v -0.01289260 0.03488560 0.00091433
v -0.01289260 0.03493640 0.00116833
v -0.01152100 0.03534280 0.00091433
v -0.00872699 0.03615560 0.00091433
v -0.00867619 0.03610480 0.00076193
v -0.00730459 0.03646040 0.00091433
v -0.00440899 0.03681600 0.00060953
v -0.00298659 0.03701920 0.00076193
v -0.00151339 0.03701920 0.00060953
v -0.00009099 0.03707000 0.00060953
v 0.00239821 0.03691760 0.00050793
v 0.00239821 0.03681600 0.00040633
v 0.00387141 0.03671440 0.00040633
v 0.00529381 0.03651120 0.00040633
v 0.00666541 0.03620640 0.00030473
v 0.00808781 0.03590160 0.00030473
v 0.00808781 0.03580000 0.00020313
v 0.00945941 0.03544440 0.00020313
v 0.01083100 0.03503800 0.00020313
v 0.01220260 0.03458080 0.00020313
v 0.01352340 0.03412360 0.00020313
v 0.01611420 0.03285360 0.00015233
v 0.01606340 0.03270120 0.00010153
v 0.01738420 0.03219320 0.00015233
v 0.01855260 0.03138040 0.00010153
v 0.01977180 0.03061840 0.00010153
v 0.02083860 0.02970400 0.00005073
v 0.02200700 0.02884040 0.00005073
v 0.02073700 0.02950080 -0.00000007
v 0.02297220 0.02782440 -0.00000007
v 0.01956860 0.03031360 -0.00000007
v 0.01845100 0.03122800 0.00005073
v 0.01834940 0.03107560 -0.00000007
v 0.01723180 0.03193920 0.00005073
v 0.01586020 0.03239640 -0.00000007
v 0.01596180 0.03254880 0.00005073
v 0.01474260 0.03331080 0.00010153
v 0.01469180 0.03315840 0.00005073
v 0.01342180 0.03386960 0.00010153
v 0.01337100 0.03371720 0.00005073
v 0.01210100 0.03437760 0.00010153
v 0.01205020 0.03422520 0.00005073
v 0.01078020 0.03483480 0.00010153
v 0.00940861 0.03534280 0.00015233
v 0.00803701 0.03569840 0.00015233
v 0.00666541 0.03610480 0.00020313
v 0.00382061 0.03651120 0.00020313
v 0.00239821 0.03671440 0.00030473
v -0.00009099 0.03691760 0.00040633
v -0.00009099 0.03681600 0.00030473
v -0.00151339 0.03676520 0.00030473
v -0.00151339 0.03696840 0.00050793
v -0.00298659 0.03686680 0.00050793
v -0.00583139 0.03661280 0.00060953
v -0.00725379 0.03635880 0.00060953
v -0.01009860 0.03564760 0.00060953
v -0.01147020 0.03524120 0.00060953
v -0.01284180 0.03478400 0.00060953
v -0.01421340 0.03427600 0.00076193
v -0.01553420 0.03376800 0.00091433
v -0.01553420 0.03371720 0.00076193
v -0.01685500 0.03315840 0.00091433
v -0.01817580 0.03249800 0.00116833
v -0.01939500 0.03173600 0.00091433
v -0.02061420 0.03092320 0.00091433
v -0.02061420 0.03097400 0.00116833
v -0.02183340 0.03016120 0.00116833
v -0.02300180 0.02929760 0.00116833
v -0.02411940 0.02838320 0.00116833
v -0.02518620 0.02741800 0.00116833
v -0.02518620 0.02736720 0.00091433
v -0.02625300 0.02640200 0.00116833
v -0.02513540 0.02731640 0.00076193
v -0.02406860 0.02828160 0.00076193
v -0.02401780 0.02823080 0.00060953
v -0.02290020 0.02914520 0.00060953
v -0.02295100 0.02919600 0.00076193
v -0.02178260 0.03005960 0.00076193
v -0.02056340 0.03087240 0.00060953
v -0.02056340 0.03092320 0.00076193
v -0.01934420 0.03163440 0.00060953
v -0.01812500 0.03239640 0.00076193
v -0.01680420 0.03305680 0.00060953
v -0.01685500 0.03310760 0.00076193
v -0.01548340 0.03366640 0.00060953
v -0.01416260 0.03417440 0.00050793
v -0.01141940 0.03519040 0.00050793
v -0.01141940 0.03508880 0.00040633
v -0.01004780 0.03559680 0.00050793
v -0.00867619 0.03595240 0.00050793
v -0.00725379 0.03620640 0.00040633
v -0.00583139 0.03646040 0.00040633
v -0.00435819 0.03656200 0.00030473
v -0.00151339 0.03666360 0.00020313
v -0.00009099 0.03671440 0.00020313
v 0.00239821 0.03661280 0.00020313
v 0.00239821 0.03651120 0.00015233
v 0.00524301 0.03620640 0.00015233
v 0.00661461 0.03585080 0.00010153
v 0.00803701 0.03554600 0.00010153
v 0.00798621 0.03539360 0.00005073
v 0.00935781 0.03503800 0.00005073
v 0.01067860 0.03447920 -0.00000007
v 0.01332020 0.03351400 -0.00000007
v 0.01459020 0.03300600 -0.00000007
v 0.00793541 0.03519040 -0.00000007
v 0.00656381 0.03549520 -0.00000007
v 0.00519221 0.03590160 0.00005073
v 0.00382061 0.03625720 0.00010153
v 0.00376981 0.03610480 0.00005073
v -0.00009099 0.03646040 0.00010153
v -0.00151339 0.03656200 0.00015233
v -0.00293579 0.03656200 0.00020313
v -0.00293579 0.03646040 0.00015233
v -0.00435819 0.03646040 0.00020313
v -0.00578059 0.03625720 0.00020313
v -0.00720299 0.03600320 0.00020313
v -0.00862539 0.03580000 0.00030473
v -0.00857459 0.03569840 0.00020313
v -0.00999699 0.03544440 0.00030473
v -0.00999699 0.03534280 0.00020313
v -0.01279100 0.03463160 0.00040633
v -0.01274020 0.03453000 0.00030473
v -0.01548340 0.03361560 0.00050793
v -0.01675340 0.03290440 0.00040633
v -0.01802340 0.03224400 0.00040633
v -0.01929340 0.03158360 0.00050793
v -0.02163020 0.02990720 0.00040633
v -0.02279860 0.02904360 0.00040633
v -0.02508460 0.02726560 0.00060953
v -0.02615140 0.02630040 0.00060953
v -0.02620220 0.02635120 0.00076193
v -0.02671020 0.02574160 0.00060953
v -0.02767540 0.02467480 0.00060953
v -0.02858980 0.02360800 0.00060953
v -0.02950420 0.02243960 0.00060953
v -0.03031700 0.02127120 0.00050793
v -0.02940260 0.02233800 0.00040633
v -0.03112980 0.02005200 0.00050793
v -0.03097740 0.01995040 0.00030473
v -0.03173940 0.01873120 0.00030473
v -0.03245060 0.01746120 0.00030473
v -0.03300940 0.01614040 0.00020313
v -0.03361900 0.01487040 0.00020313
v -0.03290780 0.01608960 0.00015233
v -0.03336500 0.01476880 0.00010153
v -0.03392380 0.01344800 0.00010153
v -0.03377140 0.01339720 0.00005073
v -0.03306020 0.01461640 -0.00000007
v -0.03356820 0.01329560 -0.00000007
v -0.03245060 0.01588640 -0.00000007
v -0.03107900 0.01837560 -0.00000007
v -0.03128220 0.01847720 0.00005073
v -0.03209500 0.01730880 0.00010153
v -0.03143460 0.01852800 0.00010153
v -0.03224740 0.01735960 0.00015233
v -0.03153620 0.01862960 0.00015233
v -0.03234900 0.01741040 0.00020313
v -0.03163780 0.01868040 0.00020313
v -0.03077420 0.01984880 0.00015233
v -0.03087580 0.01989960 0.00020313
v -0.03006300 0.02106800 0.00020313
v -0.03016460 0.02111880 0.00030473
v -0.02925020 0.02223640 0.00020313
v -0.02833580 0.02335400 0.00020313
v -0.02843740 0.02340480 0.00030473
v -0.02848820 0.02350640 0.00040633
v -0.02757380 0.02457320 0.00040633
v -0.02650700 0.02558920 0.00030473
v -0.02665940 0.02569080 0.00050793
v -0.02604980 0.02619880 0.00040633
v -0.02391620 0.02812920 0.00040633
v -0.02386540 0.02807840 0.00030473
v -0.02152860 0.02975480 0.00020313
v -0.02036020 0.03056760 0.00020313
v -0.01914100 0.03132960 0.00020313
v -0.01919180 0.03143120 0.00030473
v -0.01792180 0.03204080 0.00020313
v -0.01797260 0.03214240 0.00030473
v -0.01665180 0.03270120 0.00020313
v -0.01670260 0.03280280 0.00030473
v -0.01533100 0.03336160 0.00020313
v -0.01538180 0.03346320 0.00030473
v -0.01406100 0.03392040 0.00020313
v -0.01406100 0.03402200 0.00030473
v -0.01268940 0.03442840 0.00020313
v -0.01136860 0.03488560 0.00020313
v -0.00852379 0.03544440 0.00010153
v -0.00715219 0.03574920 0.00010153
v -0.00572979 0.03600320 0.00010153
v -0.00435819 0.03620640 0.00010153
v -0.00288499 0.03615560 0.00005073
v -0.00151339 0.03625720 0.00005073
v -0.00151339 0.03640960 0.00010153
v 0.00239821 0.03620640 0.00005073
v 0.00234741 0.03600320 -0.00000007
v 0.00514141 0.03569840 -0.00000007
v -0.00009099 0.03610480 -0.00000007
v -0.00288499 0.03595240 -0.00000007
v -0.00567899 0.03564760 -0.00000007
v -0.00572979 0.03585080 0.00005073
v -0.00710139 0.03559680 0.00005073
v -0.00710139 0.03539360 -0.00000007
v -0.00852379 0.03529200 0.00005073
v -0.00989539 0.03508880 0.00010153
v -0.00989539 0.03493640 0.00005073
v -0.01126700 0.03468240 0.00010153
v -0.01268940 0.03432680 0.00015233
v -0.01263860 0.03417440 0.00010153
v -0.01401020 0.03381880 0.00015233
v -0.01395940 0.03366640 0.00010153
v -0.01533100 0.03326000 0.00015233
v -0.01660100 0.03259960 0.00015233
v -0.01655020 0.03249800 0.00010153
v -0.01787100 0.03193920 0.00015233
v -0.01776940 0.03183760 0.00010153
v -0.01909020 0.03122800 0.00015233
v -0.01898860 0.03112640 0.00010153
v -0.02030940 0.03046600 0.00015233
v -0.02020780 0.03036440 0.00010153
v -0.02147780 0.02965320 0.00015233
v -0.02269700 0.02889120 0.00020313
v -0.02376380 0.02797680 0.00020313
v -0.02493220 0.02711320 0.00030473
v -0.02488140 0.02701160 0.00020313
v -0.02589740 0.02604640 0.00020313
v -0.02635460 0.02543680 0.00015233
v -0.02742140 0.02442080 0.00020313
v -0.02731980 0.02437000 0.00015233
v -0.02823420 0.02330320 0.00015233
v -0.02721820 0.02426840 0.00010153
v -0.02813260 0.02320160 0.00010153
v -0.02914860 0.02218560 0.00015233
v -0.02904700 0.02208400 0.00010153
v -0.02889460 0.02198240 0.00005073
v -0.02975820 0.02086480 0.00005073
v -0.03067260 0.01974720 0.00010153
v -0.02955500 0.02071240 -0.00000007
v -0.03036780 0.01954400 -0.00000007
v -0.02787860 0.02294760 -0.00000007
v -0.02599900 0.02508120 -0.00000007
v -0.02711660 0.02416680 0.00005073
v -0.02615140 0.02518280 0.00005073
v -0.02625300 0.02533520 0.00010153
v -0.02559260 0.02574160 0.00005073
v -0.02457660 0.02670680 0.00005073
v -0.02467820 0.02685920 0.00010153
v -0.02350980 0.02767200 0.00005073
v -0.02361140 0.02777360 0.00010153
v -0.02244300 0.02853560 0.00005073
v -0.02254460 0.02868800 0.00010153
v -0.02137620 0.02955160 0.00010153
v -0.01893780 0.03097400 0.00005073
v -0.01883620 0.03082160 -0.00000007
v -0.01771860 0.03168520 0.00005073
v -0.01634700 0.03219320 -0.00000007
v -0.01517860 0.03295520 0.00005073
v -0.01380700 0.03336160 -0.00000007
v -0.01390860 0.03351400 0.00005073
v -0.01248620 0.03386960 -0.00000007
v -0.01258780 0.03402200 0.00005073
v -0.01116540 0.03432680 -0.00000007
v -0.01121620 0.03453000 0.00005073
v -0.00847299 0.03508880 -0.00000007
v -0.02000460 0.03005960 -0.00000007
v -0.02117300 0.02924680 -0.00000007
v -0.02340820 0.02751960 -0.00000007
v -0.02549100 0.02558920 -0.00000007
v -0.02371300 0.02787520 0.00015233
v -0.02477980 0.02696080 0.00015233
v -0.02803100 0.02310000 0.00005073
v -0.03275540 0.01603880 0.00010153
v -0.03260300 0.01598800 0.00005073
v 0.02505500 0.02594480 -0.00000007
v 0.02561380 0.02543680 -0.00000007
v 0.02657900 0.02437000 -0.00000007
v -0.03692100 -0.00296043 0.00050793
v -0.03676860 -0.00438283 0.00050793
v -0.03661620 -0.00438283 0.00030473
v -0.03651460 -0.00438283 0.00020313
v -0.03651460 -0.00290963 0.00015233
v -0.03636220 -0.00290963 0.00010153
v -0.03626060 -0.00433203 0.00010153
v -0.03620980 -0.00290963 0.00005073
v -0.03605740 -0.00433203 0.00005073
v 0.02718860 -0.02434720 0.00010153
v -0.03544780 -0.01149480 0.00116833
v -0.03499060 -0.01286640 0.00116833
v -0.03539700 -0.01149480 0.00091433
v -0.03493980 -0.01286640 0.00091433
v -0.03534620 -0.01149480 0.00076193
v -0.03488900 -0.01286640 0.00076193
v -0.03529540 -0.01144400 0.00060953
v -0.03483820 -0.01281560 0.00060953
v -0.03524460 -0.01144400 0.00050793
v -0.03468580 -0.01276480 0.00040633
v -0.03458420 -0.01276480 0.00030473
v -0.03448260 -0.01271400 0.00020313
v -0.03438100 -0.01266320 0.00015233
v -0.03473660 -0.01129160 0.00010153
v -0.03458420 -0.01124080 0.00005073
v -0.03392380 -0.01251080 -0.00000007
v -0.03275540 -0.01662560 0.00020313
v -0.03199340 -0.01784480 0.00015233
v -0.03255220 -0.01652400 0.00010153
v -0.03189180 -0.01779400 0.00010153
v -0.03239980 -0.01647320 0.00005073
v -0.03173940 -0.01769240 0.00005073
v -0.02803100 -0.02378840 0.00020313
v -0.02782780 -0.02363600 0.00010153
v -0.02772620 -0.02353440 0.00005073
v -0.02376380 -0.02876680 0.00147313
v -0.01898860 -0.03206880 0.00883913
v -0.01741380 -0.03298320 0.00848353
v -0.01741380 -0.03298320 0.00147313
v -0.01771860 -0.03278000 0.00116833
v -0.01898860 -0.03206880 0.00116833
v -0.01898860 -0.03201800 0.00091433
v -0.01771860 -0.03272920 0.00091433
v -0.01766780 -0.03262760 0.00060953
v -0.01888700 -0.03186560 0.00050793
v -0.01883620 -0.03181480 0.00040633
v -0.01756620 -0.03252600 0.00040633
v -0.01751540 -0.03242440 0.00030473
v -0.01873460 -0.03161160 0.00020313
v -0.01746460 -0.03232280 0.00020313
v -0.01868380 -0.03151000 0.00015233
v -0.01858220 -0.03140840 0.00010153
v -0.01736300 -0.03211960 0.00010153
v -0.01853140 -0.03125600 0.00005073
v -0.01726140 -0.03196720 0.00005073
v -0.01842980 -0.03110360 -0.00000007
v 0.00722421 -0.03653920 0.00883913
v 0.00864661 -0.03623440 0.00883913
v 0.01006900 -0.03587880 0.00116833
v 0.00864661 -0.03623440 0.00116833
v 0.00864661 -0.03618360 0.00091433
v 0.01006900 -0.03582800 0.00091433
v 0.00864661 -0.03608200 0.00060953
v 0.01001820 -0.03572640 0.00060953
v 0.00859581 -0.03603120 0.00050793
v 0.00996741 -0.03557400 0.00040633
v 0.00859581 -0.03582800 0.00030473
v 0.00996741 -0.03547240 0.00030473
v 0.00854501 -0.03572640 0.00020313
v 0.00991662 -0.03537080 0.00020313
v 0.00849422 -0.03562480 0.00015233
v 0.00991662 -0.03526920 0.00015233
v 0.00849422 -0.03547240 0.00010153
v 0.00844341 -0.03532000 0.00005073
v 0.00981501 -0.03496440 0.00005073
v 0.00839261 -0.03511680 -0.00000007
v 0.04420660 -0.00001403 0.16682700
v 0.04420660 -0.00001403 0.16575999
v 0.02302300 0.02975480 0.11993900
v 0.02444540 0.02904360 0.11993900
v 0.02332780 0.02970400 0.11993900
v 0.02393740 0.02950080 0.11993900
v 0.02419140 0.02929760 0.11993900
v 0.02444540 0.02904360 0.09997430
v 0.02419140 0.02929760 0.09997430
v 0.02393740 0.02950080 0.09997430
v -0.02330660 0.02970400 0.11988800
v -0.02361140 0.02960240 0.11988800
v -0.02391620 0.02945000 0.11988800
v -0.02417020 0.02929760 0.11988800
v -0.02417020 0.02929760 0.09992350
v -0.02442420 0.02904360 0.11988800
v -0.04337260 0.00526917 0.16992599
v -0.04337260 0.00537077 0.16992599
v -0.04322020 0.00592957 0.16992599
v -0.04337260 0.00582797 0.16885899
v -0.04301700 0.00653917 0.16992599
v -0.04332180 0.00623437 0.16769099
v -0.04291540 0.00730117 0.16733501
v -0.04235660 0.00816477 0.16819901
v -0.04215340 0.00836797 0.16906200
v -0.04169620 0.00902837 0.16891000
v -0.04159460 0.00902837 0.16992599
v -0.04174700 0.00882517 0.16992599
v -0.03971500 0.01070480 0.16992599
v -0.03930860 0.01095880 0.16992599
v -0.04037540 0.01019680 0.16992599
v -0.04108660 0.00963797 0.16921500
v -0.04098500 0.00984117 0.16774200
v -0.03880060 0.01126360 0.16992599
v -0.03768300 0.01187320 0.16992599
v -0.03163780 0.01375280 0.16992599
v -0.02996140 0.01400680 0.16992599
v -0.02767540 0.01426080 0.16992599
v -0.03346660 0.01329560 0.16992599
v -0.03463500 0.01299080 0.16992599
v -0.03493980 0.01288920 0.16992599
v -0.02229060 0.01466720 0.16992599
v -0.01055580 0.01492120 0.16992599
v -0.00359619 0.01497200 0.16992599
v -0.00070059 0.01497200 0.16992599
v 0.01738420 0.01461640 0.16997701
v 0.02114340 0.01446400 0.16997701
v 0.02017820 0.01451480 0.16997701
v 0.01890820 0.01456560 0.16997701
v 0.02602020 0.01415920 0.16997701
v 0.02713780 0.01405760 0.16997701
v 0.02901740 0.01385440 0.16997701
v 0.03104940 0.01354960 0.16997701
v 0.03592620 0.01227960 0.16997701
v 0.04369860 0.00232277 0.16997701
v 0.04374940 0.00211957 0.16997701
v 0.03841540 0.01126360 0.16997701
v 0.04247940 0.00694557 0.16997701
v 0.03993940 0.01029840 0.16997701
v 0.04207300 0.00791077 0.16997701
v 0.04197140 0.00811397 0.16997701
v 0.04181900 0.00836797 0.16997701
v 0.04146340 0.00892677 0.16885899
v 0.04141260 0.00887597 0.16997701
v 0.04120940 0.00907917 0.16997701
v 0.03851700 0.01121280 0.16997701
v 0.03653580 0.01207640 0.16997701
v 0.04059980 0.00984117 0.16789400
v 0.04095540 0.00953637 0.16611600
v 0.04217460 0.00806317 0.16769099
v 0.04217460 0.00811397 0.16591299
v 0.04308900 0.00653917 0.16718300
v 0.04339380 0.00542157 0.16794501
v 0.04385100 0.00140837 0.16997701
v 0.03450380 0.01273680 0.16997701
v 0.04390180 0.00054477 0.16997701
v 0.03308140 0.01314320 0.16997701
v 0.03287820 0.01319400 0.16997701
v 0.04420660 0.00018917 0.16667500
v 0.04420660 0.00100197 0.16575999
v 0.04415580 0.00176397 0.16611600
v 0.04410500 0.00191637 0.16718300
v 0.04405420 0.00267837 0.16682700
v 0.04390180 0.00328797 0.16774200
v 0.04395260 0.00364357 0.16672600
v 0.04374940 0.00455797 0.16687801
v 0.04369860 0.00455797 0.16758900
v 0.04349540 0.00552317 0.16672600
v 0.04395260 0.00374517 0.16601401
v 0.04268260 0.00730117 0.16530299
v 0.04308900 0.00648837 0.16606500
v -0.04134060 0.00958717 0.16637000
v -0.04205180 0.00882517 0.16571001
v -0.04276300 0.00775837 0.16515100
v -0.04352500 0.00582797 0.16631900
v -0.04332180 0.00653917 0.16581100
v -0.04347420 0.00613277 0.16459200
v -0.04382980 0.00491357 0.16464301
v -0.04393140 0.00430397 0.16631900
v -0.04372820 0.00486277 0.16738600
v -0.04403300 0.00359277 0.16647200
v -0.04413460 0.00257677 0.16647200
v -0.04408380 0.00222117 0.16703000
v -0.04418540 0.00125597 0.16667500
v -0.04403300 0.00201797 0.16733501
v -0.04413460 -0.00001403 0.16718300
v -0.04261060 0.00745357 0.16992599
v -0.01929340 0.01476880 0.16992599
v -0.01395940 0.01487040 0.16992599
v 0.00437941 0.01492120 0.16992599
v 0.00935781 0.01481960 0.16992599
v 0.01154220 0.01476880 0.16992599
v 0.02485180 0.01426080 0.16997701
v -0.04423620 -0.00001403 0.16413499
v -0.04423620 -0.00001403 0.16626801
v -0.04423620 0.00049397 0.16606500
v -0.04423620 0.00105277 0.16535400
v -0.04423620 0.00044317 0.16332201
v -0.04235660 0.00841877 0.16474400
v -0.04403300 0.00379597 0.16352499
v -0.04403300 0.00404997 0.16479500
v -0.04413460 0.00338957 0.16525200
v -0.04418540 0.00242437 0.16433800
v -0.04423620 0.00135757 0.16383000
v -0.04413460 0.00262757 0.16342400
v -0.02406860 0.01456560 0.16992599
v -0.04418080 -0.00004790 0.16681030
v 0.04400730 -0.00009592 0.16935326
v 0.04415120 -0.00009592 0.16776991
v 0.04391130 -0.00009592 0.16997701
v -0.03669590 -0.01209100 0.16997701
v -0.04326920 -0.00527780 0.16997701
v -0.01558450 -0.01516181 0.16997701
v -0.01155410 -0.01520980 0.16997701
v -0.00219794 -0.01525781 0.16997701
v -0.03348120 -0.01324260 0.16997701
v -0.03228170 -0.01353050 0.16997701
v 0.01138050 -0.01520981 0.16997701
v 0.02160040 -0.01492191 0.16997701
v 0.01972910 -0.01501791 0.16997701
v 0.02625450 -0.01463402 0.16997701
v 0.02903730 -0.01434612 0.16997701
v 0.03393140 -0.01338652 0.16997701
v 0.03297170 -0.01367442 0.16997701
v 0.03081260 -0.01410622 0.16997701
v 0.03666620 -0.01242692 0.16997701
v 0.03546670 -0.01290672 0.16997701
v 0.03772180 -0.01185112 0.16997701
v 0.03901730 -0.01113142 0.16997701
v 0.04064860 -0.01002792 0.16997701
v 0.04180010 -0.00878042 0.16997701
v 0.04204000 -0.00844452 0.16997701
v 0.04237590 -0.00786882 0.16997701
v 0.04247190 -0.00767682 0.16997701
v -0.04312530 -0.00585360 0.16997701
v -0.03818330 -0.01137130 0.16997701
v -0.04302930 -0.00623740 0.16997701
v -0.03962270 -0.01060370 0.16997701
v -0.03909490 -0.01089150 0.16997701
v -0.03041050 -0.01391430 0.16997701
v 0.00735017 -0.01525781 0.16997701
v -0.04274140 -0.00695710 0.16997701
v -0.04048640 -0.01002790 0.16997701
v 0.02404740 -0.01477792 0.16997701
v 0.04391130 -0.00177522 0.16997701
v -0.04130200 -0.00930820 0.16997701
v -0.04202170 -0.00830060 0.16997701
v 0.02683020 -0.01458602 0.16997701
v -0.03405700 -0.01309860 0.16997701
v -0.02460480 -0.01477790 0.16997701
v -0.02038250 -0.01501791 0.16997701
v -0.02177400 -0.01496991 0.16997701
v -0.03511250 -0.01271480 0.16997701
v -0.02326140 -0.01487391 0.16997701
v 0.03561070 -0.01295472 0.16935326
v 0.04247190 -0.00801272 0.16853760
v -0.03496860 -0.01285870 0.16920932
v -0.03631210 -0.01242690 0.16868153
v -0.03823130 -0.01141930 0.16906538
v 0.03829760 -0.01185112 0.16695424
v 0.03839350 -0.01170722 0.16834567
v 0.03738590 -0.01223502 0.16848961
v 0.03983290 -0.01093952 0.16666637
v 0.04175220 -0.00897232 0.16901740
v 0.04299970 -0.00729302 0.16709818
v 0.04419920 -0.00187122 0.16589867
v 0.04415120 -0.00119952 0.16757799
v 0.04410320 -0.00220712 0.16753000
v 0.04405520 -0.00100761 0.16882549
v 0.04395930 -0.00167932 0.16973711
v 0.04400730 -0.00287881 0.16800981
v 0.04391130 -0.00398232 0.16762598
v 0.04362340 -0.00542182 0.16757799
v 0.04338350 -0.00623742 0.16719414
v 0.04347950 -0.00604552 0.16556281
v 0.04391130 -0.00422222 0.16556281
v 0.04381530 -0.00484602 0.16695424
v 0.04376730 -0.00475002 0.16776991
v 0.04343150 -0.00618942 0.16412338
v 0.04376730 -0.00503792 0.16388348
v 0.04395930 -0.00383842 0.16397945
v 0.04410320 -0.00278281 0.16498705
v 0.04410320 -0.00215912 0.16364359
v 0.04400730 -0.00321471 0.16340369
v 0.04410320 -0.00148742 0.16349963
v 0.04362340 -0.00546972 0.16321176
v 0.04251990 -0.00820462 0.16565877
v 0.04165620 -0.00940412 0.16613857
v -0.04101410 -0.00969200 0.16695424
v -0.04087020 -0.00978800 0.16844164
v -0.04178180 -0.00882840 0.16791385
v -0.04197370 -0.00854050 0.16906538
v -0.04245350 -0.00796470 0.16714616
v -0.04259750 -0.00753290 0.16872952
v -0.04053430 -0.01002790 0.16983307
v -0.04115810 -0.00950010 0.16916135
v -0.04312530 -0.00662130 0.16690627
v -0.04331720 -0.00551770 0.16916135
v -0.04389300 -0.00345461 0.16733807
v -0.04408490 -0.00119950 0.16714616
v -0.04408490 -0.00043180 0.16743404
v -0.04422880 -0.00052780 0.16589867
v -0.04418080 -0.00177520 0.16628252
v -0.04408490 -0.00254290 0.16661838
v -0.04403690 -0.00359850 0.16570676
v -0.04374900 -0.00460610 0.16700223
v -0.04374900 -0.00508590 0.16532291
v -0.04341320 -0.00594950 0.16580270
v -0.04278940 -0.00738900 0.16565877
v -0.04283740 -0.00729300 0.16484309
v -0.04331720 -0.00618940 0.16455522
v -0.04374900 -0.00489400 0.16402744
v -0.04394090 -0.00422221 0.16493906
v -0.04403690 -0.00326260 0.16431531
v -0.04418080 -0.00206310 0.16517896
v -0.04422880 -0.00100760 0.16522694
v -0.04403690 -0.00287880 0.16340369
v -0.04302930 -0.00681320 0.16373955
v -0.04254950 -0.00791670 0.16441127
v -0.04187780 -0.00878040 0.16498705
v 0.04098450 -0.01007592 0.16676231
v 0.04304760 -0.00729302 0.16551482
v 0.02617784 0.01167856 0.17464240
v 0.02644623 0.01166183 0.17461502
v 0.02363878 0.01190192 0.17466228
v 0.02362589 0.01179199 0.17486125
v 0.02361568 0.01166907 0.17506226
v 0.02373088 0.01156073 0.17520938
v 0.02393066 0.01149057 0.17528166
v 0.02374500 0.01140909 0.17541698
v 0.02376249 0.01118188 0.17570192
v 0.02410793 0.01105655 0.17581595
v 0.02438284 0.01112668 0.17570422
v 0.02473064 0.01141367 0.17528091
v 0.02498788 0.01128699 0.17542389
v 0.02522312 0.01129990 0.17537408
v 0.02591719 0.01167050 0.17470192
v 0.02590217 0.01153052 0.17493825
v 0.02615368 0.01155356 0.17486098
v 0.02635530 0.01157761 0.17478566
v 0.02641048 0.01144983 0.17497612
v 0.02659420 0.01152130 0.17482550
v 0.02677532 0.01161249 0.17462381
v 0.02688282 0.01144043 0.17489008
v 0.02709200 0.01149713 0.17474847
v 0.02703358 0.01162381 0.17454022
v 0.02730012 0.01155066 0.17459961
v 0.02342743 0.01190128 0.17469748
v 0.02317024 0.01190631 0.17472804
v 0.02307989 0.01180493 0.17491727
v 0.02282707 0.01126617 0.17569609
v 0.02342559 0.01118149 0.17573813
v 0.02350221 0.01134909 0.17552229
v 0.02361868 0.01105457 0.17586900
v 0.02419435 0.01065594 0.17623540
v 0.02418582 0.01086914 0.17601990
v 0.02439476 0.01077707 0.17609677
v 0.02437959 0.01094281 0.17592072
v 0.02461981 0.01081586 0.17603043
v 0.02458503 0.01098926 0.17584515
v 0.02467040 0.01112534 0.17567224
v 0.02487172 0.01091644 0.17588847
v 0.02495157 0.01111743 0.17564584
v 0.02476185 0.01125705 0.17549506
v 0.02521958 0.01114499 0.17557567
v 0.02519836 0.01094992 0.17580844
v 0.02548512 0.01099515 0.17571713
v 0.02547257 0.01119659 0.17547348
v 0.02576673 0.01105206 0.17560934
v 0.02577468 0.01082773 0.17586392
v 0.02605103 0.01089215 0.17575507
v 0.02607154 0.01109949 0.17550911
v 0.02603053 0.01127609 0.17528983
v 0.02628102 0.01119650 0.17535400
v 0.02635201 0.01103952 0.17554007
v 0.02627510 0.01093399 0.17567624
v 0.02656275 0.01086948 0.17569958
v 0.02657179 0.01107755 0.17545203
v 0.02687837 0.01091235 0.17559113
v 0.02686493 0.01072272 0.17580759
v 0.02665940 0.01062265 0.17594861
v 0.02700217 0.01050635 0.17600764
v 0.02738146 0.01036414 0.17607919
v 0.02773142 0.01050204 0.17587485
v 0.02751505 0.01079663 0.17560233
v 0.02783747 0.01072171 0.17562152
v 0.02768468 0.01091873 0.17542751
v 0.02742655 0.01098102 0.17540767
v 0.02722794 0.01114685 0.17523605
v 0.02686150 0.01114835 0.17530568
v 0.02696829 0.01129037 0.17509552
v 0.02717111 0.01133569 0.17498447
v 0.02746504 0.01122070 0.17508321
v 0.02739509 0.01139188 0.17484267
v 0.02765564 0.01144604 0.17468033
v 0.02769119 0.01127380 0.17494928
v 0.02789737 0.01130353 0.17485028
v 0.02803741 0.01138940 0.17466513
v 0.02249289 0.01125571 0.17574347
v 0.02211012 0.01123257 0.17580989
v 0.02239546 0.01103738 0.17600943
v 0.02260724 0.01087411 0.17616891
v 0.02235164 0.01081982 0.17624774
v 0.02261347 0.01069263 0.17635387
v 0.02282026 0.01056766 0.17645387
v 0.02261195 0.01048682 0.17654701
v 0.02239107 0.01062222 0.17643973
v 0.02260784 0.01028815 0.17672038
v 0.02274904 0.01013019 0.17683936
v 0.02448741 0.01003476 0.17677266
v 0.02459395 0.00985117 0.17690886
v 0.02474853 0.01002051 0.17675731
v 0.02483130 0.00980176 0.17692334
v 0.02500639 0.00987369 0.17684653
v 0.02503519 0.01007956 0.17667332
v 0.02474970 0.01029169 0.17652263
v 0.02453352 0.01018768 0.17663904
v 0.02440112 0.01039001 0.17646918
v 0.02459292 0.01058316 0.17626735
v 0.02489522 0.01046216 0.17635054
v 0.02489375 0.01066425 0.17615222
v 0.02518263 0.01072641 0.17605142
v 0.02547989 0.01077563 0.17596062
v 0.02545247 0.01057034 0.17617381
v 0.02578634 0.01056146 0.17613727
v 0.02607987 0.01066656 0.17599240
v 0.02611630 0.01045801 0.17619550
v 0.02641172 0.01048767 0.17612302
v 0.02633979 0.01074933 0.17586778
v 0.02677582 0.01037698 0.17617395
v 0.02659475 0.01025290 0.17631804
v 0.02687804 0.01012445 0.17639072
v 0.02710880 0.01024557 0.17624326
v 0.02716190 0.01002615 0.17643457
v 0.02745290 0.01005338 0.17636063
v 0.02782829 0.00988348 0.17644608
v 0.02835933 0.00994260 0.17630548
v 0.02848001 0.01008963 0.17615082
v 0.02868833 0.00988840 0.17629510
v 0.02873099 0.01011505 0.17607690
v 0.02846162 0.01026633 0.17598166
v 0.02870321 0.01035837 0.17583929
v 0.02823442 0.01053247 0.17574651
v 0.02857545 0.01057169 0.17563866
v 0.02820228 0.01100348 0.17519568
v 0.02859456 0.01086017 0.17528690
v 0.02852033 0.01108118 0.17500400
v 0.02880714 0.01091565 0.17515942
v 0.02887526 0.01104300 0.17495966
v 0.02866312 0.01123901 0.17471605
v 0.02834224 0.01126807 0.17477344
v 0.02815758 0.01120828 0.17492111
v 0.02833357 0.01140002 0.17455017
v 0.02133512 0.01205560 0.17474054
v 0.02150627 0.01192453 0.17493481
v 0.02118623 0.01191949 0.17498605
v 0.02127381 0.01153006 0.17552524
v 0.02148628 0.01132330 0.17576387
v 0.02176047 0.01119278 0.17589236
v 0.02171389 0.01101758 0.17609576
v 0.02180567 0.01085944 0.17625336
v 0.02169755 0.01068384 0.17643268
v 0.02155849 0.01048453 0.17662689
v 0.02170292 0.01033725 0.17674670
v 0.02183743 0.01015448 0.17688481
v 0.02212201 0.01022101 0.17681233
v 0.02212460 0.01002310 0.17697003
v 0.02227464 0.00986023 0.17708307
v 0.02257363 0.00973297 0.17715253
v 0.02275597 0.00993231 0.17699268
v 0.02335347 0.00958606 0.17719887
v 0.02322906 0.00933722 0.17737589
v 0.02353810 0.00940295 0.17731070
v 0.02425015 0.00963898 0.17709366
v 0.02427409 0.00933926 0.17729758
v 0.02450789 0.00949594 0.17717578
v 0.02457664 0.00928015 0.17731407
v 0.02472978 0.00938168 0.17723396
v 0.02473950 0.00961163 0.17707309
v 0.02447471 0.00970541 0.17702936
v 0.02496979 0.00938800 0.17720508
v 0.02506636 0.00963547 0.17702026
v 0.02522048 0.00940201 0.17716972
v 0.02520716 0.00916144 0.17732944
v 0.02534565 0.00953439 0.17706131
v 0.02577898 0.00968311 0.17689651
v 0.02601132 0.00986371 0.17672792
v 0.02503940 0.01029443 0.17648717
v 0.02589403 0.01010654 0.17654263
v 0.02598724 0.01029523 0.17636401
v 0.02619594 0.01005240 0.17654915
v 0.02631632 0.01026074 0.17635060
v 0.02659148 0.00999664 0.17654143
v 0.02637416 0.00977048 0.17675562
v 0.02674521 0.00966418 0.17679080
v 0.02653692 0.00946970 0.17696558
v 0.02683786 0.00940759 0.17697473
v 0.02673701 0.00919263 0.17714037
v 0.02707392 0.00920108 0.17709154
v 0.02709439 0.00949405 0.17687418
v 0.02743639 0.00924988 0.17700769
v 0.02734719 0.00895361 0.17722604
v 0.02765825 0.00897314 0.17717200
v 0.02760768 0.00871918 0.17734512
v 0.02790490 0.00875500 0.17727937
v 0.02790738 0.00898737 0.17712572
v 0.02774277 0.00915524 0.17703406
v 0.02801037 0.00919547 0.17696014
v 0.02769902 0.00935449 0.17689314
v 0.02743607 0.00959512 0.17674678
v 0.02786731 0.00956024 0.17670560
v 0.02758404 0.00979446 0.17656352
v 0.02733417 0.00986270 0.17654733
v 0.02703471 0.00982678 0.17662016
v 0.02828560 0.00936414 0.17678860
v 0.02862901 0.00947330 0.17664685
v 0.02862985 0.00914337 0.17689378
v 0.02897126 0.00919418 0.17679651
v 0.02898807 0.00947592 0.17658115
v 0.02876579 0.00966190 0.17647464
v 0.02898711 0.00971558 0.17638644
v 0.02853393 0.00973895 0.17645172
v 0.02895819 0.00992963 0.17620319
v 0.02928985 0.00977545 0.17626825
v 0.02909232 0.01013541 0.17597726
v 0.02952189 0.00994623 0.17606192
v 0.02944034 0.01020746 0.17582361
v 0.02913825 0.01037234 0.17572752
v 0.02895218 0.01034842 0.17579825
v 0.02887343 0.01051187 0.17563942
v 0.02909074 0.01052145 0.17557613
v 0.02897175 0.01069989 0.17539204
v 0.02868023 0.01068326 0.17548752
v 0.02927466 0.01071536 0.17528909
v 0.02907273 0.01087283 0.17514279
v 0.02935485 0.01084888 0.17508670
v 0.02915050 0.01098868 0.17495520
v 0.02903625 0.01113480 0.17476619
v 0.02941124 0.01102237 0.17480820
v 0.02918810 0.01119501 0.17461220
v 0.02966901 0.01107346 0.17462512
v 0.02090877 0.01220605 0.17451668
v 0.02116882 0.01216455 0.17456644
v 0.02103897 0.01208197 0.17473611
v 0.02078240 0.01212381 0.17468683
v 0.02084921 0.01199664 0.17490057
v 0.02092510 0.01186841 0.17509824
v 0.02055783 0.01207559 0.17478490
v 0.02030676 0.01201382 0.17490509
v 0.02032553 0.01189725 0.17509204
v 0.02069315 0.01168582 0.17537463
v 0.02086241 0.01177130 0.17524716
v 0.02096631 0.01164825 0.17540610
v 0.02112311 0.01174893 0.17525009
v 0.02087687 0.01148532 0.17562018
v 0.02117533 0.01129590 0.17582231
v 0.02087648 0.01126950 0.17587785
v 0.02145567 0.01112900 0.17599234
v 0.02151501 0.01090680 0.17622585
v 0.02067656 0.01091205 0.17627786
v 0.02065068 0.01115277 0.17602486
v 0.02034360 0.01103284 0.17617343
v 0.02047034 0.01086514 0.17634119
v 0.02055961 0.01066797 0.17652386
v 0.02030020 0.01083359 0.17638072
v 0.02014334 0.01064722 0.17656503
v 0.02038798 0.01040723 0.17676935
v 0.02067796 0.01041940 0.17674243
v 0.02086477 0.01051520 0.17664598
v 0.02093201 0.01029999 0.17682706
v 0.02123683 0.01016492 0.17691631
v 0.02151437 0.01026843 0.17681509
v 0.02125706 0.00991653 0.17710544
v 0.02183420 0.00947961 0.17737640
v 0.02195040 0.00921075 0.17754431
v 0.02210294 0.00891867 0.17771230
v 0.02223885 0.00914627 0.17756711
v 0.02217170 0.00943582 0.17738531
v 0.02248148 0.00924545 0.17748877
v 0.02246090 0.00949594 0.17732715
v 0.02228601 0.00966534 0.17722287
v 0.02273974 0.00908551 0.17757059
v 0.02303272 0.00908704 0.17754961
v 0.02331679 0.00904623 0.17755524
v 0.02356410 0.00913965 0.17747849
v 0.02321127 0.00886151 0.17767323
v 0.02325274 0.00857980 0.17782813
v 0.02394583 0.00860388 0.17776547
v 0.02387951 0.00894571 0.17757367
v 0.02416012 0.00878354 0.17764937
v 0.02418579 0.00904181 0.17749336
v 0.02451626 0.00905151 0.17746121
v 0.02440814 0.00881659 0.17761092
v 0.02485302 0.00911746 0.17739093
v 0.02517127 0.00884265 0.17753017
v 0.02516457 0.00857919 0.17768707
v 0.02630268 0.00862460 0.17755315
v 0.02646963 0.00879675 0.17743356
v 0.02640488 0.00898193 0.17732297
v 0.02662003 0.00896118 0.17731137
v 0.02636268 0.00920789 0.17717288
v 0.02698810 0.00888974 0.17731262
v 0.02675506 0.00868027 0.17747227
v 0.02706421 0.00854773 0.17751727
v 0.02718136 0.00829092 0.17765302
v 0.02732320 0.00843390 0.17755634
v 0.02731578 0.00867053 0.17741354
v 0.02756095 0.00846176 0.17750983
v 0.02749062 0.00818445 0.17767624
v 0.02776918 0.00826227 0.17759769
v 0.02785549 0.00848309 0.17745586
v 0.02810716 0.00817676 0.17759662
v 0.02817915 0.00850656 0.17739217
v 0.02841456 0.00826089 0.17750356
v 0.02857086 0.00850342 0.17733199
v 0.02821784 0.00884253 0.17717120
v 0.02859888 0.00884686 0.17710599
v 0.02834909 0.00908170 0.17698633
v 0.02894165 0.00888068 0.17702402
v 0.02887999 0.00861081 0.17721396
v 0.02927322 0.00854767 0.17718652
v 0.02929250 0.00892236 0.17693259
v 0.02934261 0.00924948 0.17668600
v 0.02958965 0.00896707 0.17684738
v 0.02978739 0.00915320 0.17667024
v 0.02953534 0.00946964 0.17647495
v 0.02922921 0.00954071 0.17648181
v 0.02970096 0.00966571 0.17627504
v 0.02985794 0.00941214 0.17645329
v 0.03012279 0.00954175 0.17628488
v 0.02987391 0.00982776 0.17609190
v 0.03012844 0.00977075 0.17608475
v 0.03003489 0.00997675 0.17590910
v 0.02973042 0.01004318 0.17592056
v 0.02977802 0.01023868 0.17570364
v 0.03010876 0.01014420 0.17571385
v 0.03001719 0.01033655 0.17552481
v 0.02973234 0.01044958 0.17547997
v 0.02989181 0.01051819 0.17534709
v 0.02959373 0.01064871 0.17527563
v 0.02989736 0.01067426 0.17513850
v 0.02962311 0.01082010 0.17503415
v 0.02985515 0.01088535 0.17484859
v 0.03020097 0.01068652 0.17500604
v 0.03018943 0.01085315 0.17476263
v 0.02055550 0.01223709 0.17447932
v 0.02029835 0.01149847 0.17564011
v 0.02007962 0.01140652 0.17576585
v 0.02032775 0.01128513 0.17589612
v 0.02059749 0.01137927 0.17577014
v 0.02055272 0.01156155 0.17554721
v 0.01999497 0.01121863 0.17598828
v 0.01965113 0.01130609 0.17590363
v 0.01973734 0.01112103 0.17610962
v 0.01998246 0.01093756 0.17628911
v 0.01959660 0.01096014 0.17628365
v 0.01975908 0.01072473 0.17650784
v 0.01990422 0.01051288 0.17669861
v 0.02010759 0.01042291 0.17677071
v 0.01967238 0.01001340 0.17711971
v 0.01933036 0.01003485 0.17711838
v 0.01951213 0.00981241 0.17727713
v 0.01978986 0.00976907 0.17729480
v 0.01999785 0.00993695 0.17716193
v 0.02004529 0.00969858 0.17733076
v 0.01987565 0.00951810 0.17745975
v 0.02035935 0.00978397 0.17725348
v 0.02070557 0.00966080 0.17732173
v 0.02069552 0.00990695 0.17714772
v 0.02103549 0.00971609 0.17726268
v 0.02045982 0.01003680 0.17706610
v 0.02038191 0.01020248 0.17694260
v 0.02021696 0.01008502 0.17704111
v 0.02019948 0.01027744 0.17689072
v 0.02088663 0.00942953 0.17746606
v 0.02104814 0.00916351 0.17762704
v 0.02074101 0.00918073 0.17763107
v 0.02093269 0.00894977 0.17776093
v 0.02112997 0.00897833 0.17773514
v 0.02117972 0.00874948 0.17786075
v 0.02155322 0.00871475 0.17786060
v 0.02170651 0.00847491 0.17798471
v 0.02191528 0.00864600 0.17787985
v 0.02190625 0.00839130 0.17801880
v 0.02211010 0.00841791 0.17799205
v 0.02227718 0.00861273 0.17787473
v 0.02290727 0.00878925 0.17773425
v 0.02297739 0.00845621 0.17791364
v 0.02323507 0.00821927 0.17801976
v 0.02286929 0.00786536 0.17821825
v 0.02322523 0.00751669 0.17835536
v 0.02342391 0.00764990 0.17828479
v 0.02355149 0.00792346 0.17814709
v 0.02365863 0.00761584 0.17828600
v 0.02353503 0.00733658 0.17841455
v 0.02388800 0.00741876 0.17835855
v 0.02389211 0.00773886 0.17821388
v 0.02423171 0.00752716 0.17828726
v 0.02415724 0.00790067 0.17811786
v 0.02444339 0.00776602 0.17816217
v 0.02443974 0.00807886 0.17800781
v 0.02407089 0.00824545 0.17794945
v 0.02386247 0.00803314 0.17807320
v 0.02505393 0.00841702 0.17778633
v 0.02516849 0.00820129 0.17789180
v 0.02519248 0.00786520 0.17805591
v 0.02545645 0.00811642 0.17791110
v 0.02530947 0.00836710 0.17779330
v 0.02552175 0.00831363 0.17780295
v 0.02604727 0.00784570 0.17799709
v 0.02628690 0.00800522 0.17789404
v 0.02651620 0.00817087 0.17778592
v 0.02648568 0.00840524 0.17766260
v 0.02656682 0.00856500 0.17756300
v 0.02720728 0.00797070 0.17782147
v 0.02723703 0.00760043 0.17800584
v 0.02702044 0.00750061 0.17807579
v 0.02688413 0.00731485 0.17817336
v 0.02719222 0.00729892 0.17815250
v 0.02711111 0.00706473 0.17826349
v 0.02690041 0.00697784 0.17831897
v 0.02661768 0.00712057 0.17828284
v 0.02670069 0.00666177 0.17846384
v 0.02718463 0.00671625 0.17839940
v 0.02752287 0.00633499 0.17851649
v 0.02755208 0.00670258 0.17837007
v 0.02739029 0.00700449 0.17826120
v 0.02779108 0.00693674 0.17824637
v 0.02750574 0.00729416 0.17812088
v 0.02756901 0.00758578 0.17797772
v 0.02785005 0.00732446 0.17806711
v 0.02786328 0.00766229 0.17790332
v 0.02755945 0.00786124 0.17784082
v 0.02739392 0.00775708 0.17791385
v 0.02782826 0.00799136 0.17773793
v 0.02817548 0.00778522 0.17779843
v 0.02852289 0.00792825 0.17767371
v 0.02853372 0.00752634 0.17788092
v 0.02881363 0.00764337 0.17778331
v 0.02893701 0.00726700 0.17795276
v 0.02892094 0.00791086 0.17762474
v 0.02933423 0.00787003 0.17758458
v 0.02951573 0.00750134 0.17775500
v 0.02965814 0.00769553 0.17763268
v 0.02967039 0.00794775 0.17748918
v 0.02940714 0.00818375 0.17739174
v 0.02901160 0.00826031 0.17740889
v 0.02974177 0.00827866 0.17727675
v 0.02963210 0.00867609 0.17704013
v 0.03000062 0.00850391 0.17708701
v 0.02988972 0.00881805 0.17689529
v 0.03017182 0.00866916 0.17694324
v 0.03015153 0.00891971 0.17676833
v 0.03013948 0.00921286 0.17654872
v 0.03045881 0.00897247 0.17665964
v 0.03045345 0.00925732 0.17644043
v 0.03049782 0.00949033 0.17623689
v 0.03032420 0.00966858 0.17612747
v 0.03058529 0.00970126 0.17602029
v 0.03070981 0.00948361 0.17618576
v 0.03096628 0.00946054 0.17612851
v 0.03092401 0.00974435 0.17587178
v 0.03063384 0.00994659 0.17576004
v 0.03033717 0.00996594 0.17583359
v 0.03028275 0.00982043 0.17599762
v 0.03037308 0.01018338 0.17558519
v 0.03069593 0.01010571 0.17556657
v 0.03059841 0.01029510 0.17537576
v 0.03021519 0.01046158 0.17530356
v 0.03052254 0.01050848 0.17512898
v 0.03079178 0.01035974 0.17522273
v 0.03080295 0.01051187 0.17501208
v 0.03052145 0.01071109 0.17483749
v 0.03087525 0.01064859 0.17477467
v 0.01946030 0.01116473 0.17607266
v 0.01932101 0.01102057 0.17623169
v 0.01931780 0.01077097 0.17647839
v 0.01897523 0.01061807 0.17663376
v 0.01926462 0.01045990 0.17676727
v 0.01895727 0.01034686 0.17687465
v 0.01922653 0.01024957 0.17695053
v 0.01907805 0.01013556 0.17704787
v 0.01906933 0.00994513 0.17719574
v 0.01925112 0.00981122 0.17728908
v 0.01907847 0.00980002 0.17730327
v 0.01912130 0.00964642 0.17740657
v 0.01939329 0.00961081 0.17742139
v 0.01963389 0.00961728 0.17740720
v 0.01959693 0.00936142 0.17757266
v 0.01966695 0.00906070 0.17775148
v 0.02086461 0.00871219 0.17789679
v 0.02100721 0.00844385 0.17803214
v 0.02049359 0.00811118 0.17822122
v 0.02070448 0.00781589 0.17835095
v 0.02110356 0.00780637 0.17833795
v 0.02117306 0.00814932 0.17817276
v 0.02150016 0.00795386 0.17825095
v 0.02140834 0.00762262 0.17840785
v 0.02189868 0.00791492 0.17825092
v 0.02174588 0.00822052 0.17811230
v 0.02205133 0.00818439 0.17811423
v 0.02224615 0.00790439 0.17823645
v 0.02208710 0.00765491 0.17836011
v 0.02242835 0.00753436 0.17839316
v 0.02289774 0.00689532 0.17862958
v 0.02257350 0.00685413 0.17866345
v 0.02285506 0.00653375 0.17876653
v 0.02320306 0.00671387 0.17868080
v 0.02325820 0.00623758 0.17884961
v 0.02316597 0.00583594 0.17899094
v 0.02352196 0.00581104 0.17897964
v 0.02373331 0.00617914 0.17884351
v 0.02352960 0.00653226 0.17873015
v 0.02416908 0.00616870 0.17882277
v 0.02436652 0.00653192 0.17868277
v 0.02459176 0.00614859 0.17880603
v 0.02478809 0.00654294 0.17865295
v 0.02451546 0.00680661 0.17857104
v 0.02421385 0.00689868 0.17855286
v 0.02447313 0.00714624 0.17843613
v 0.02413613 0.00721375 0.17843039
v 0.02387116 0.00706693 0.17850591
v 0.02462813 0.00748929 0.17827611
v 0.02484982 0.00716986 0.17840039
v 0.02473274 0.00690311 0.17851907
v 0.02503413 0.00683917 0.17852350
v 0.02521728 0.00713748 0.17838719
v 0.02500994 0.00749072 0.17824667
v 0.02475741 0.00782208 0.17811053
v 0.02573513 0.00735452 0.17825365
v 0.02595764 0.00742288 0.17820601
v 0.02606642 0.00760397 0.17811382
v 0.02627449 0.00733337 0.17821951
v 0.02633682 0.00767130 0.17805695
v 0.02657642 0.00744611 0.17814127
v 0.02636558 0.00697614 0.17836586
v 0.02599618 0.00707639 0.17835355
v 0.02623521 0.00667734 0.17849779
v 0.02644079 0.00632739 0.17861597
v 0.02674581 0.00622998 0.17862596
v 0.02656781 0.00598315 0.17872957
v 0.02629254 0.00606384 0.17872391
v 0.02632048 0.00566702 0.17885399
v 0.02669590 0.00568329 0.17881961
v 0.02690646 0.00591608 0.17872362
v 0.02701031 0.00553137 0.17884138
v 0.02730457 0.00580533 0.17872581
v 0.02739344 0.00608548 0.17862172
v 0.02763351 0.00594183 0.17864990
v 0.02768532 0.00555185 0.17877550
v 0.02797540 0.00573856 0.17868736
v 0.02801611 0.00538007 0.17879994
v 0.02834495 0.00550317 0.17872873
v 0.02825272 0.00592001 0.17859735
v 0.02791381 0.00612344 0.17855771
v 0.02822533 0.00628378 0.17846547
v 0.02786721 0.00650955 0.17841467
v 0.02819258 0.00666333 0.17831708
v 0.02863896 0.00639581 0.17837444
v 0.02845381 0.00679846 0.17823029
v 0.02870389 0.00677097 0.17821190
v 0.02898048 0.00661511 0.17824301
v 0.02888588 0.00692587 0.17812006
v 0.02855531 0.00710834 0.17807904
v 0.02924767 0.00685638 0.17810086
v 0.02936701 0.00722009 0.17791541
v 0.02965228 0.00690027 0.17802313
v 0.02957863 0.00659409 0.17816949
v 0.02997512 0.00651987 0.17814099
v 0.03004435 0.00698755 0.17792296
v 0.02969410 0.00720953 0.17787326
v 0.02988564 0.00742615 0.17773671
v 0.03021703 0.00726245 0.17776605
v 0.03047126 0.00697784 0.17786115
v 0.03049515 0.00731854 0.17769235
v 0.03079695 0.00706140 0.17776831
v 0.03078237 0.00738519 0.17760803
v 0.03106251 0.00717987 0.17766266
v 0.03102041 0.00744815 0.17752872
v 0.03079854 0.00766806 0.17744904
v 0.03051309 0.00761951 0.17753058
v 0.03052649 0.00790070 0.17736644
v 0.03081394 0.00795987 0.17727049
v 0.03053366 0.00815323 0.17720901
v 0.03075978 0.00832770 0.17704373
v 0.03035590 0.00841550 0.17707529
v 0.03020677 0.00814777 0.17727567
v 0.03045662 0.00867297 0.17687726
v 0.03083602 0.00871420 0.17675751
v 0.03071017 0.00903802 0.17654987
v 0.03101140 0.00896118 0.17653166
v 0.03078639 0.00926791 0.17634691
v 0.03114939 0.00915945 0.17633685
v 0.03130191 0.00929901 0.17617319
v 0.03150809 0.00904138 0.17633115
v 0.03158005 0.00927298 0.17610983
v 0.03130089 0.00954272 0.17594635
v 0.03167591 0.00946768 0.17589458
v 0.03148197 0.00969180 0.17573541
v 0.03116978 0.00983624 0.17569266
v 0.03088301 0.00995605 0.17566714
v 0.03098758 0.01012766 0.17543163
v 0.03143632 0.00993155 0.17548810
v 0.03127574 0.01016965 0.17526740
v 0.03156526 0.01010092 0.17523131
v 0.03134231 0.01033261 0.17502126
v 0.03104382 0.01033496 0.17515187
v 0.03105855 0.01048315 0.17494046
v 0.03170167 0.01022952 0.17499500
v 0.01873391 0.01052090 0.17672900
v 0.01888971 0.00945493 0.17753633
v 0.01860657 0.00936374 0.17760229
v 0.01877471 0.00916122 0.17772365
v 0.01848696 0.00915417 0.17773479
v 0.01865017 0.00884717 0.17790845
v 0.01894125 0.00895859 0.17783917
v 0.01900709 0.00868384 0.17798907
v 0.01920093 0.00891522 0.17785565
v 0.01907183 0.00917239 0.17770905
v 0.01938009 0.00912949 0.17772391
v 0.01924250 0.00939871 0.17756366
v 0.01949948 0.00885220 0.17787878
v 0.01930398 0.00867920 0.17798186
v 0.01957028 0.00854105 0.17804285
v 0.02018377 0.00856033 0.17800696
v 0.02027078 0.00831540 0.17813042
v 0.02017467 0.00804181 0.17826767
v 0.02039564 0.00783151 0.17835724
v 0.02010363 0.00766031 0.17844427
v 0.02049999 0.00751712 0.17849165
v 0.02114517 0.00712823 0.17862784
v 0.02120423 0.00747116 0.17848328
v 0.02147279 0.00731320 0.17853784
v 0.02147667 0.00701233 0.17866040
v 0.02131292 0.00680655 0.17874716
v 0.02160941 0.00672894 0.17876202
v 0.02196443 0.00661862 0.17878375
v 0.02221178 0.00688034 0.17867368
v 0.02212892 0.00711847 0.17858649
v 0.02210114 0.00735190 0.17849069
v 0.02235999 0.00715854 0.17855655
v 0.02201231 0.00616245 0.17894171
v 0.02238571 0.00601196 0.17897292
v 0.02340943 0.00482651 0.17928001
v 0.02343509 0.00519608 0.17917607
v 0.02330898 0.00550174 0.17909009
v 0.02366152 0.00540128 0.17910226
v 0.02402924 0.00512595 0.17916370
v 0.02440167 0.00582751 0.17892523
v 0.02476272 0.00573599 0.17893466
v 0.02505869 0.00607312 0.17880415
v 0.02514786 0.00560397 0.17895480
v 0.02544230 0.00580750 0.17887155
v 0.02546047 0.00617560 0.17874487
v 0.02521293 0.00648441 0.17864807
v 0.02540013 0.00678458 0.17851962
v 0.02553208 0.00647910 0.17862946
v 0.02580560 0.00667374 0.17853290
v 0.02559487 0.00708102 0.17838284
v 0.02577783 0.00626721 0.17869022
v 0.02609802 0.00633624 0.17864043
v 0.02603171 0.00599606 0.17876770
v 0.02573478 0.00593085 0.17881187
v 0.02596199 0.00570004 0.17887155
v 0.02598917 0.00526968 0.17900116
v 0.02634811 0.00531589 0.17896191
v 0.02667019 0.00531018 0.17893747
v 0.02640928 0.00501004 0.17904547
v 0.02680918 0.00483582 0.17906247
v 0.02709200 0.00511673 0.17896053
v 0.02723199 0.00469455 0.17906720
v 0.02743739 0.00497284 0.17897333
v 0.02738739 0.00534613 0.17886664
v 0.02778905 0.00508859 0.17890845
v 0.02768164 0.00461035 0.17905147
v 0.02802760 0.00473825 0.17898764
v 0.02810341 0.00434384 0.17908380
v 0.02827783 0.00463159 0.17899478
v 0.02828069 0.00500955 0.17888708
v 0.02850194 0.00467554 0.17896167
v 0.02864449 0.00485965 0.17889545
v 0.02863482 0.00518677 0.17879965
v 0.02867746 0.00549414 0.17869861
v 0.02856995 0.00578122 0.17861334
v 0.02894566 0.00567953 0.17860471
v 0.02871164 0.00600089 0.17851886
v 0.02848076 0.00607837 0.17851643
v 0.02891749 0.00605984 0.17847256
v 0.02907528 0.00627274 0.17837137
v 0.02921037 0.00594028 0.17848058
v 0.02937291 0.00615732 0.17837808
v 0.02932486 0.00645593 0.17826398
v 0.02968741 0.00622696 0.17830536
v 0.02956077 0.00588058 0.17845605
v 0.02992939 0.00584427 0.17841788
v 0.03006167 0.00612195 0.17829245
v 0.03038619 0.00619254 0.17821414
v 0.03032376 0.00581595 0.17837036
v 0.03084595 0.00579797 0.17829564
v 0.03069585 0.00628668 0.17812828
v 0.03040672 0.00660010 0.17804066
v 0.03085977 0.00662253 0.17796011
v 0.03097363 0.00620947 0.17811694
v 0.03121575 0.00634363 0.17802374
v 0.03124357 0.00598590 0.17816293
v 0.03151373 0.00613974 0.17805664
v 0.03149067 0.00647754 0.17791830
v 0.03120417 0.00661322 0.17791049
v 0.03134466 0.00674149 0.17782704
v 0.03157835 0.00675165 0.17777455
v 0.03134004 0.00698380 0.17770865
v 0.03110275 0.00686942 0.17780902
v 0.03132450 0.00731601 0.17753648
v 0.03161889 0.00702921 0.17762505
v 0.03166585 0.00732553 0.17745305
v 0.03142653 0.00754861 0.17738400
v 0.03112762 0.00767834 0.17737352
v 0.03136992 0.00777457 0.17726164
v 0.03113052 0.00801398 0.17716489
v 0.03152047 0.00798315 0.17709062
v 0.03118403 0.00834277 0.17693277
v 0.03158639 0.00833740 0.17683447
v 0.03126402 0.00866156 0.17668893
v 0.03164327 0.00868839 0.17656697
v 0.03200993 0.00832120 0.17673166
v 0.03201753 0.00865283 0.17648679
v 0.03179243 0.00887527 0.17638272
v 0.03131631 0.00890582 0.17649380
v 0.03176585 0.00906412 0.17623572
v 0.03202164 0.00891238 0.17627930
v 0.03192161 0.00920093 0.17606206
v 0.03226807 0.00899240 0.17612555
v 0.03218970 0.00925754 0.17591513
v 0.03194263 0.00941370 0.17585562
v 0.03182265 0.00966129 0.17564250
v 0.03209834 0.00946204 0.17575072
v 0.03217686 0.00958926 0.17558453
v 0.03201630 0.00979810 0.17541257
v 0.03174597 0.00990488 0.17539801
v 0.03188563 0.01001202 0.17520323
v 0.03219070 0.00988831 0.17522235
v 0.03240038 0.00992966 0.17506320
v 0.03352944 0.00978339 0.17467415
v 0.03379855 0.00963538 0.17472522
v 0.03361217 0.00959546 0.17487943
v 0.03390562 0.00938116 0.17498657
v 0.03356171 0.00940842 0.17513542
v 0.03385732 0.00920050 0.17522729
v 0.03370832 0.00908698 0.17542508
v 0.03398726 0.00900571 0.17537381
v 0.03411652 0.00909930 0.17520103
v 0.03423258 0.00884689 0.17540878
v 0.03444909 0.00892255 0.17520346
v 0.03425788 0.00921414 0.17498764
v 0.03451691 0.00908688 0.17498166
v 0.03442416 0.00928503 0.17480380
v 0.03412553 0.00948389 0.17473016
v 0.01834380 0.00896527 0.17784909
v 0.01832625 0.00871713 0.17798665
v 0.01876767 0.00855655 0.17806325
v 0.01868532 0.00825815 0.17821432
v 0.01834181 0.00807117 0.17831067
v 0.01861347 0.00787573 0.17839546
v 0.01892443 0.00794955 0.17835455
v 0.01901299 0.00820544 0.17823253
v 0.01894302 0.00842136 0.17812842
v 0.01924054 0.00839081 0.17813281
v 0.01927013 0.00799548 0.17832246
v 0.01957409 0.00819238 0.17821840
v 0.01957935 0.00789417 0.17835957
v 0.01943944 0.00760263 0.17849211
v 0.01975796 0.00769507 0.17844250
v 0.01985343 0.00797375 0.17831216
v 0.01981225 0.00733337 0.17859412
v 0.02022896 0.00721396 0.17863000
v 0.01999598 0.00703876 0.17870958
v 0.02015759 0.00696689 0.17873343
v 0.02035493 0.00687286 0.17876169
v 0.02062786 0.00672336 0.17880801
v 0.02038808 0.00649344 0.17890134
v 0.02073693 0.00643524 0.17890933
v 0.02102059 0.00634174 0.17892938
v 0.02083079 0.00611060 0.17901682
v 0.02120198 0.00600024 0.17903525
v 0.02134961 0.00644147 0.17887836
v 0.02160847 0.00607986 0.17898981
v 0.02170929 0.00640811 0.17887329
v 0.02184675 0.00581851 0.17906329
v 0.02191426 0.00546231 0.17916888
v 0.02256888 0.00443188 0.17941820
v 0.02352055 0.00409940 0.17945766
v 0.02363090 0.00444077 0.17937123
v 0.02381191 0.00475818 0.17928000
v 0.02367003 0.00506308 0.17920265
v 0.02414475 0.00468927 0.17928209
v 0.02443051 0.00488400 0.17921152
v 0.02440389 0.00451462 0.17931403
v 0.02467062 0.00462439 0.17926884
v 0.02484927 0.00496570 0.17916336
v 0.02489101 0.00537720 0.17904062
v 0.02521047 0.00519696 0.17907541
v 0.02551777 0.00542294 0.17898839
v 0.02558241 0.00502185 0.17910211
v 0.02527016 0.00478076 0.17918927
v 0.02562955 0.00461807 0.17920969
v 0.02587279 0.00483371 0.17913470
v 0.02615259 0.00481311 0.17911960
v 0.02648133 0.00450635 0.17917574
v 0.02600621 0.00443851 0.17922906
v 0.02630517 0.00404572 0.17930382
v 0.02671588 0.00402359 0.17927893
v 0.02653316 0.00367816 0.17937248
v 0.02686161 0.00364960 0.17935532
v 0.02670718 0.00341818 0.17941626
v 0.02695276 0.00334402 0.17941272
v 0.02711124 0.00354077 0.17935922
v 0.02714365 0.00388623 0.17927768
v 0.02733910 0.00356747 0.17933334
v 0.02760482 0.00379089 0.17925916
v 0.02757654 0.00336267 0.17935358
v 0.02792013 0.00344507 0.17930450
v 0.02807210 0.00384250 0.17920511
v 0.02777368 0.00416971 0.17915576
v 0.02740111 0.00425464 0.17916667
v 0.02696481 0.00436823 0.17917389
v 0.02841333 0.00402158 0.17913304
v 0.02842608 0.00365906 0.17921178
v 0.02871641 0.00375928 0.17916086
v 0.02868503 0.00413379 0.17908032
v 0.02846993 0.00438345 0.17904102
v 0.02883099 0.00448593 0.17897714
v 0.02898841 0.00401218 0.17907654
v 0.02921476 0.00427835 0.17899036
v 0.02916546 0.00460022 0.17891217
v 0.02896819 0.00493283 0.17883885
v 0.02940701 0.00482092 0.17882138
v 0.02919972 0.00525409 0.17871411
v 0.02888634 0.00531116 0.17873378
v 0.02938311 0.00557977 0.17858499
v 0.02960068 0.00519000 0.17868527
v 0.02977409 0.00552319 0.17855345
v 0.03000190 0.00514804 0.17864706
v 0.02983045 0.00480392 0.17877458
v 0.03025953 0.00474780 0.17873599
v 0.03037757 0.00512784 0.17860336
v 0.03016087 0.00548532 0.17851344
v 0.03055027 0.00544189 0.17847217
v 0.03071159 0.00508694 0.17856960
v 0.03087311 0.00532608 0.17846393
v 0.03125350 0.00525607 0.17842628
v 0.03130043 0.00564948 0.17828047
v 0.03160268 0.00576251 0.17818701
v 0.03154853 0.00543533 0.17831616
v 0.03187628 0.00539658 0.17826945
v 0.03192224 0.00571832 0.17814330
v 0.03180245 0.00599826 0.17805972
v 0.03212416 0.00591522 0.17802347
v 0.03192427 0.00618332 0.17795963
v 0.03171775 0.00625784 0.17797076
v 0.03184961 0.00647922 0.17784485
v 0.03211903 0.00625513 0.17788452
v 0.03208428 0.00645541 0.17780444
v 0.03205251 0.00665042 0.17771710
v 0.03181714 0.00678436 0.17770607
v 0.03197854 0.00699884 0.17755423
v 0.03226632 0.00674274 0.17761588
v 0.03241809 0.00703198 0.17742188
v 0.03200008 0.00741006 0.17732010
v 0.03163791 0.00763464 0.17728119
v 0.03183628 0.00774927 0.17716055
v 0.03212675 0.00769553 0.17711732
v 0.03188912 0.00800851 0.17697919
v 0.03224676 0.00794662 0.17692339
v 0.03240401 0.00816028 0.17673401
v 0.03227316 0.00843198 0.17657697
v 0.03257024 0.00834140 0.17655162
v 0.03235733 0.00866763 0.17636647
v 0.03277670 0.00850891 0.17634929
v 0.03256493 0.00880966 0.17617603
v 0.03254613 0.00908469 0.17593793
v 0.03287000 0.00877667 0.17608687
v 0.03294612 0.00907895 0.17577988
v 0.03262083 0.00928281 0.17572017
v 0.03235503 0.00936877 0.17574289
v 0.03249212 0.00951315 0.17553333
v 0.03227131 0.00970819 0.17541003
v 0.03247640 0.00973141 0.17528525
v 0.03277840 0.00953448 0.17537918
v 0.03275930 0.00934897 0.17559366
v 0.03295362 0.00931549 0.17554282
v 0.03307967 0.00941278 0.17537827
v 0.03296022 0.00960132 0.17521439
v 0.03300937 0.00971600 0.17504245
v 0.03320818 0.00953268 0.17517091
v 0.03337207 0.00928555 0.17537698
v 0.03319897 0.00918225 0.17557011
v 0.03346817 0.00906534 0.17556613
v 0.03336667 0.00891162 0.17576033
v 0.03368796 0.00884064 0.17568401
v 0.03401382 0.00877451 0.17559166
v 0.03391479 0.00860120 0.17580359
v 0.03425556 0.00838809 0.17582938
v 0.03429876 0.00862488 0.17559503
v 0.03446299 0.00846545 0.17566057
v 0.03451991 0.00863055 0.17546815
v 0.03465062 0.00840015 0.17561737
v 0.03481609 0.00844391 0.17547298
v 0.03471629 0.00868298 0.17529471
v 0.03477142 0.00886807 0.17505872
v 0.03501545 0.00852997 0.17525218
v 0.01183034 0.01243231 0.17460574
v 0.01834737 0.00777484 0.17844653
v 0.01853524 0.00755539 0.17853735
v 0.01845561 0.00725983 0.17866011
v 0.01876770 0.00728323 0.17864304
v 0.01884493 0.00763156 0.17849738
v 0.01910905 0.00739539 0.17858871
v 0.01911791 0.00771716 0.17845306
v 0.01973026 0.00693552 0.17875581
v 0.01968013 0.00651895 0.17891165
v 0.02004910 0.00673395 0.17882413
v 0.02003424 0.00629794 0.17898082
v 0.02034064 0.00615842 0.17901938
v 0.02015553 0.00588202 0.17911430
v 0.01984222 0.00603122 0.17907658
v 0.01978158 0.00625500 0.17900371
v 0.01962788 0.00582388 0.17914716
v 0.01988371 0.00575323 0.17916360
v 0.01974478 0.00551538 0.17923776
v 0.01959234 0.00521143 0.17932637
v 0.01946277 0.00490271 0.17941136
v 0.01982619 0.00485605 0.17941354
v 0.01951613 0.00450824 0.17950787
v 0.01986995 0.00443942 0.17951501
v 0.01988637 0.00524078 0.17931123
v 0.02004644 0.00550571 0.17923172
v 0.02055319 0.00589056 0.17909866
v 0.02068731 0.00556006 0.17919516
v 0.02089936 0.00576599 0.17912434
v 0.02057031 0.00621945 0.17899121
v 0.02094664 0.00541235 0.17922833
v 0.02117385 0.00561227 0.17915903
v 0.02129093 0.00523700 0.17926248
v 0.02165870 0.00524350 0.17924435
v 0.02157329 0.00487921 0.17934743
v 0.02182852 0.00460815 0.17940649
v 0.02149789 0.00441248 0.17946782
v 0.02191096 0.00420386 0.17950101
v 0.02230236 0.00414453 0.17949876
v 0.02211615 0.00389481 0.17956265
v 0.02184866 0.00379495 0.17959392
v 0.02211913 0.00356250 0.17963031
v 0.02180616 0.00340976 0.17967142
v 0.02208471 0.00320175 0.17969847
v 0.02245901 0.00330545 0.17966397
v 0.02239726 0.00376260 0.17957828
v 0.02273956 0.00364014 0.17958868
v 0.02286310 0.00327762 0.17965240
v 0.02293099 0.00389731 0.17952740
v 0.02264436 0.00402209 0.17951201
v 0.02344173 0.00378076 0.17953023
v 0.02355493 0.00341901 0.17959586
v 0.02378588 0.00381046 0.17950851
v 0.02378716 0.00416333 0.17943181
v 0.02401192 0.00406476 0.17944359
v 0.02398349 0.00439529 0.17936676
v 0.02428776 0.00419281 0.17939969
v 0.02421213 0.00375607 0.17949976
v 0.02451262 0.00392117 0.17944942
v 0.02456727 0.00358929 0.17951706
v 0.02481241 0.00382227 0.17945367
v 0.02468007 0.00423993 0.17936534
v 0.02508235 0.00408459 0.17937720
v 0.02515410 0.00365573 0.17946843
v 0.02549832 0.00390921 0.17939069
v 0.02547905 0.00343289 0.17949388
v 0.02581213 0.00357764 0.17944302
v 0.02591403 0.00398026 0.17934705
v 0.02568220 0.00426294 0.17929617
v 0.02535884 0.00436237 0.17929257
v 0.02617515 0.00364023 0.17940521
v 0.02605278 0.00326825 0.17948975
v 0.02642840 0.00328494 0.17946083
v 0.02623533 0.00298840 0.17952911
v 0.02591195 0.00288351 0.17956857
v 0.02574847 0.00322879 0.17951727
v 0.02548232 0.00297699 0.17957935
v 0.02565354 0.00257474 0.17963550
v 0.02595967 0.00250668 0.17962617
v 0.02624552 0.00263504 0.17958609
v 0.02617898 0.00219711 0.17965399
v 0.02664818 0.00236414 0.17959599
v 0.02653351 0.00286575 0.17952831
v 0.02688274 0.00278772 0.17951553
v 0.02675527 0.00312921 0.17946777
v 0.02702123 0.00306888 0.17945833
v 0.02725411 0.00325140 0.17940469
v 0.02725628 0.00282748 0.17947865
v 0.02751435 0.00304138 0.17941971
v 0.02782025 0.00307376 0.17938501
v 0.02765920 0.00268698 0.17946422
v 0.02805955 0.00276547 0.17941394
v 0.02818501 0.00313522 0.17933902
v 0.02825530 0.00345889 0.17927002
v 0.02838046 0.00285516 0.17936835
v 0.02888398 0.00281299 0.17932660
v 0.02902128 0.00298929 0.17928299
v 0.02903504 0.00319586 0.17924384
v 0.02911086 0.00351489 0.17917099
v 0.02936484 0.00389331 0.17906389
v 0.02965933 0.00346063 0.17912260
v 0.02975603 0.00299731 0.17920020
v 0.02991113 0.00319409 0.17914764
v 0.03013396 0.00334857 0.17909006
v 0.02997444 0.00376794 0.17902246
v 0.02967658 0.00389218 0.17903036
v 0.02984626 0.00413864 0.17895287
v 0.02953102 0.00419415 0.17897661
v 0.02940006 0.00447586 0.17891998
v 0.02967548 0.00447855 0.17888615
v 0.03002991 0.00442889 0.17885542
v 0.03018164 0.00406186 0.17893002
v 0.03037745 0.00433411 0.17883659
v 0.03061662 0.00453394 0.17875032
v 0.03065526 0.00422876 0.17882745
v 0.03051272 0.00399490 0.17890381
v 0.03082625 0.00396716 0.17886678
v 0.03093537 0.00430676 0.17876582
v 0.03118027 0.00392285 0.17882285
v 0.03122665 0.00425238 0.17873671
v 0.03114096 0.00450208 0.17868286
v 0.03139746 0.00442856 0.17866173
v 0.03124681 0.00478482 0.17858188
v 0.03089024 0.00473013 0.17865395
v 0.03099663 0.00503848 0.17854196
v 0.03057261 0.00484692 0.17866544
v 0.03150220 0.00489932 0.17850427
v 0.03170144 0.00510275 0.17840306
v 0.03176571 0.00471701 0.17851370
v 0.03200399 0.00487854 0.17841943
v 0.03194774 0.00512396 0.17835156
v 0.03220213 0.00511084 0.17830240
v 0.03219704 0.00550919 0.17816202
v 0.03256706 0.00523154 0.17817880
v 0.03250053 0.00490012 0.17830859
v 0.03278989 0.00483975 0.17826147
v 0.03299821 0.00510687 0.17811960
v 0.03278858 0.00546985 0.17803937
v 0.03247954 0.00567111 0.17803662
v 0.03277695 0.00583240 0.17790010
v 0.03241230 0.00605646 0.17789758
v 0.03230933 0.00642761 0.17775937
v 0.03265404 0.00622446 0.17776315
v 0.03256479 0.00659250 0.17761185
v 0.03293064 0.00636417 0.17762352
v 0.03279972 0.00674976 0.17746902
v 0.03276804 0.00702518 0.17733206
v 0.03262735 0.00730045 0.17721561
v 0.03232660 0.00741556 0.17723218
v 0.03245284 0.00762592 0.17707111
v 0.03279104 0.00753000 0.17703075
v 0.03299747 0.00715762 0.17718753
v 0.03316450 0.00745966 0.17695535
v 0.03290491 0.00776883 0.17684706
v 0.03258918 0.00785019 0.17688959
v 0.03272621 0.00805151 0.17671335
v 0.03300422 0.00796136 0.17668781
v 0.03287550 0.00820840 0.17655225
v 0.03311204 0.00809058 0.17655795
v 0.03325244 0.00788779 0.17665076
v 0.03336553 0.00810257 0.17644800
v 0.03305441 0.00827698 0.17643564
v 0.03313454 0.00845779 0.17625581
v 0.03348805 0.00836270 0.17619196
v 0.03324350 0.00869839 0.17600529
v 0.03364686 0.00858115 0.17593933
v 0.03385451 0.00822513 0.17615086
v 0.03396137 0.00840298 0.17595787
v 0.03412637 0.00820151 0.17605016
v 0.03442337 0.00797049 0.17609077
v 0.03450130 0.00815479 0.17590891
v 0.03458062 0.00826489 0.17577579
v 0.03473763 0.00798169 0.17592578
v 0.03486358 0.00817770 0.17569162
v 0.03500640 0.00791058 0.17583673
v 0.03512029 0.00799820 0.17569516
v 0.03511852 0.00821945 0.17549176
v 0.03522975 0.00832294 0.17531508
v 0.03543352 0.00810776 0.17537480
v 0.01089281 0.01224435 0.17499309
v 0.01121374 0.01215729 0.17513744
v 0.01160287 0.01220218 0.17504395
v 0.01156404 0.01238000 0.17472205
v 0.01180615 0.01232486 0.17482036
v 0.01196830 0.01223196 0.17497624
v 0.01661376 0.00708630 0.17877344
v 0.01663898 0.00678647 0.17888736
v 0.01682561 0.00653729 0.17897296
v 0.01717185 0.00655087 0.17896011
v 0.01699806 0.00628339 0.17905774
v 0.01727327 0.00620355 0.17907845
v 0.01750076 0.00644452 0.17899057
v 0.01779285 0.00657932 0.17893558
v 0.01917557 0.00473340 0.17946083
v 0.01918580 0.00435977 0.17955109
v 0.01938589 0.00413199 0.17959770
v 0.01970457 0.00412576 0.17959091
v 0.01987984 0.00382358 0.17965088
v 0.01988630 0.00343625 0.17972675
v 0.02023295 0.00370593 0.17966464
v 0.02006823 0.00412851 0.17958011
v 0.02048706 0.00409717 0.17957449
v 0.02064390 0.00452133 0.17947345
v 0.02051291 0.00484753 0.17939661
v 0.02081573 0.00483133 0.17939156
v 0.02093274 0.00454935 0.17945801
v 0.02117653 0.00477191 0.17939230
v 0.02114593 0.00439319 0.17948694
v 0.02124076 0.00400345 0.17957060
v 0.02087967 0.00422275 0.17953514
v 0.02052379 0.00375641 0.17964676
v 0.02054843 0.00345352 0.17970483
v 0.02023459 0.00323914 0.17975388
v 0.02022861 0.00287259 0.17981808
v 0.02037373 0.00260928 0.17985521
v 0.02002386 0.00254919 0.17987442
v 0.02069304 0.00248285 0.17986375
v 0.02075479 0.00203052 0.17992528
v 0.02106706 0.00230322 0.17987827
v 0.02103905 0.00281161 0.17980173
v 0.02120133 0.00317108 0.17973679
v 0.02138850 0.00294604 0.17976897
v 0.02148244 0.00327948 0.17970750
v 0.02119679 0.00353040 0.17966962
v 0.02153060 0.00367386 0.17963016
v 0.02160621 0.00401880 0.17955487
v 0.02176872 0.00294040 0.17975505
v 0.02144886 0.00252377 0.17983298
v 0.02189915 0.00243018 0.17983008
v 0.02226815 0.00278632 0.17976064
v 0.02228957 0.00225290 0.17984102
v 0.02263485 0.00246738 0.17979684
v 0.02273758 0.00290045 0.17972357
v 0.02296006 0.00259393 0.17976425
v 0.02293170 0.00222141 0.17982083
v 0.02325622 0.00240936 0.17977890
v 0.02321565 0.00198837 0.17983980
v 0.02356114 0.00211566 0.17980655
v 0.02375333 0.00299756 0.17966333
v 0.02397373 0.00266553 0.17970834
v 0.02415386 0.00298062 0.17964886
v 0.02396840 0.00338229 0.17958487
v 0.02434644 0.00332413 0.17957916
v 0.02453090 0.00296149 0.17963490
v 0.02434635 0.00254770 0.17970888
v 0.02480431 0.00261020 0.17967757
v 0.02488827 0.00303180 0.17960532
v 0.02464204 0.00326956 0.17957576
v 0.02487377 0.00343622 0.17953076
v 0.02517415 0.00324280 0.17955034
v 0.02516280 0.00291745 0.17961026
v 0.02502476 0.00277887 0.17964140
v 0.02524065 0.00255276 0.17966315
v 0.02529913 0.00212384 0.17972137
v 0.02551762 0.00228467 0.17968680
v 0.02580402 0.00223938 0.17967480
v 0.02558667 0.00192929 0.17972733
v 0.02592248 0.00194003 0.17970477
v 0.02619747 0.00173343 0.17970924
v 0.02646922 0.00195673 0.17966402
v 0.02652041 0.00163168 0.17969785
v 0.02679635 0.00185443 0.17965094
v 0.02699541 0.00214465 0.17960004
v 0.02707601 0.00246588 0.17954947
v 0.02728826 0.00218256 0.17957059
v 0.02737901 0.00248434 0.17952126
v 0.02760999 0.00225510 0.17953091
v 0.02749957 0.00188834 0.17958611
v 0.02737170 0.00152411 0.17963528
v 0.02814960 0.00040387 0.17963470
v 0.02783149 0.00019717 0.17967278
v 0.02809936 0.00004962 0.17965170
v 0.02788414 -0.00023892 0.17967468
v 0.02819517 -0.00018417 0.17964645
v 0.02843031 0.00007028 0.17961736
v 0.02841121 -0.00035583 0.17962462
v 0.02873937 -0.00022418 0.17958923
v 0.02881783 0.00019888 0.17957474
v 0.02909450 -0.00008502 0.17954953
v 0.02915716 0.00036096 0.17953406
v 0.02888689 0.00046729 0.17956050
v 0.02897646 0.00070496 0.17954059
v 0.02880124 0.00095819 0.17954379
v 0.02909953 0.00108511 0.17950568
v 0.02881664 0.00125949 0.17952060
v 0.02890060 0.00252386 0.17936983
v 0.02908940 0.00225339 0.17938837
v 0.02917803 0.00265775 0.17932060
v 0.02942809 0.00229785 0.17934688
v 0.02957781 0.00265298 0.17927725
v 0.02980621 0.00225510 0.17930930
v 0.02958954 0.00200397 0.17936751
v 0.02983948 0.00184265 0.17935599
v 0.03011592 0.00200925 0.17930225
v 0.03012770 0.00233731 0.17925964
v 0.02995442 0.00263684 0.17923669
v 0.03036038 0.00260742 0.17919075
v 0.03008926 0.00296582 0.17916690
v 0.03041046 0.00300488 0.17911969
v 0.03056253 0.00279761 0.17913608
v 0.03076475 0.00296411 0.17907840
v 0.03054233 0.00334021 0.17903947
v 0.03034011 0.00369864 0.17899252
v 0.03068630 0.00367108 0.17895284
v 0.03090878 0.00334756 0.17898668
v 0.03097788 0.00367084 0.17891101
v 0.03127938 0.00343930 0.17891174
v 0.03153367 0.00371973 0.17881189
v 0.03147073 0.00409467 0.17873601
v 0.03172146 0.00393524 0.17873186
v 0.03175430 0.00430093 0.17863364
v 0.03153502 0.00462769 0.17858194
v 0.03208667 0.00448312 0.17852220
v 0.03206767 0.00417511 0.17861130
v 0.03226598 0.00420413 0.17856548
v 0.03224673 0.00394592 0.17863342
v 0.03249249 0.00403705 0.17856035
v 0.03242661 0.00437204 0.17848505
v 0.03276892 0.00418915 0.17845895
v 0.03262447 0.00458646 0.17837920
v 0.03230931 0.00472348 0.17840584
v 0.03293958 0.00448462 0.17833679
v 0.03314470 0.00413242 0.17838545
v 0.03319953 0.00443176 0.17828964
v 0.03309734 0.00471875 0.17822717
v 0.03337296 0.00457687 0.17820053
v 0.03327110 0.00486267 0.17813597
v 0.03334778 0.00511517 0.17802618
v 0.03311135 0.00549762 0.17794621
v 0.03347442 0.00538910 0.17788858
v 0.03331895 0.00572397 0.17779950
v 0.03306020 0.00583224 0.17782793
v 0.03291920 0.00606015 0.17776805
v 0.03316457 0.00603662 0.17770993
v 0.03328182 0.00627240 0.17756532
v 0.03311711 0.00659702 0.17745538
v 0.03343743 0.00648727 0.17740956
v 0.03325278 0.00682117 0.17729500
v 0.03298885 0.00687271 0.17735092
v 0.03337729 0.00707556 0.17711130
v 0.03358714 0.00672147 0.17723624
v 0.03371462 0.00697281 0.17705287
v 0.03353584 0.00730466 0.17692160
v 0.03382918 0.00717871 0.17688925
v 0.03372998 0.00750558 0.17672153
v 0.03338803 0.00761844 0.17678006
v 0.03349012 0.00779300 0.17662491
v 0.03314452 0.00774225 0.17678731
v 0.03370571 0.00783517 0.17650839
v 0.03367357 0.00809036 0.17633400
v 0.03394522 0.00790979 0.17635492
v 0.03412774 0.00800360 0.17620538
v 0.03427961 0.00769443 0.17636353
v 0.03460239 0.00758603 0.17629312
v 0.03474014 0.00772717 0.17612222
v 0.03503305 0.00764255 0.17602917
v 0.03489320 0.00743900 0.17625424
v 0.03518416 0.00728723 0.17620624
v 0.03538725 0.00739438 0.17600964
v 0.03526611 0.00773578 0.17582304
v 0.03549245 0.00754102 0.17583574
v 0.03566542 0.00730997 0.17589159
v 0.03565961 0.00753903 0.17572020
v 0.03547094 0.00771030 0.17571413
v 0.03558849 0.00778918 0.17555803
v 0.03533538 0.00793018 0.17561346
v 0.03587318 0.00754971 0.17554422
v 0.01103945 0.01193100 0.17548952
v 0.01118113 0.01203088 0.17534323
v 0.01127539 0.01193155 0.17548288
v 0.01152915 0.01186819 0.17555460
v 0.01189839 0.01211121 0.17518037
v 0.01638712 0.00765955 0.17854112
v 0.01617900 0.00781458 0.17847565
v 0.01613229 0.00757178 0.17858511
v 0.01630596 0.00742242 0.17864590
v 0.01629232 0.00685791 0.17886673
v 0.01637041 0.00720786 0.17873157
v 0.01625616 0.00653979 0.17898386
v 0.01649711 0.00652353 0.17898471
v 0.01598528 0.00566132 0.17927473
v 0.01614823 0.00531555 0.17937338
v 0.01654740 0.00535831 0.17935306
v 0.01640097 0.00505496 0.17944165
v 0.01666467 0.00503378 0.17944122
v 0.01739306 0.00582761 0.17919556
v 0.01709997 0.00562704 0.17926297
v 0.01703726 0.00596579 0.17916046
v 0.01753734 0.00613889 0.17909430
v 0.01776081 0.00627591 0.17904320
v 0.01794441 0.00639432 0.17899786
v 0.01852636 0.00510144 0.17938051
v 0.01829231 0.00483862 0.17945546
v 0.01839489 0.00443939 0.17955139
v 0.01863225 0.00412704 0.17961754
v 0.01857995 0.00476208 0.17946841
v 0.01861250 0.00377124 0.17969458
v 0.01883393 0.00355151 0.17973309
v 0.01859366 0.00343350 0.17976219
v 0.01881015 0.00318997 0.17980118
v 0.01859822 0.00231653 0.17994781
v 0.01832438 0.00216531 0.17997635
v 0.01890206 0.00226068 0.17994772
v 0.01903404 0.00190530 0.17999144
v 0.01928902 0.00221387 0.17994394
v 0.01909442 0.00255804 0.17989931
v 0.01912139 0.00294424 0.17983566
v 0.01970847 0.00274316 0.17985358
v 0.01965444 0.00237445 0.17991129
v 0.01993526 0.00299603 0.17980518
v 0.01958721 0.00200424 0.17996385
v 0.02079050 0.00161066 0.17997551
v 0.02112210 0.00183984 0.17993828
v 0.02107355 0.00140509 0.17998877
v 0.02138739 0.00153677 0.17996440
v 0.02143657 0.00186218 0.17992593
v 0.02134220 0.00212695 0.17989465
v 0.02163442 0.00210312 0.17988696
v 0.02169469 0.00170178 0.17993445
v 0.02261898 0.00204535 0.17985744
v 0.02262248 0.00169263 0.17990100
v 0.02242627 0.00140085 0.17993927
v 0.02283240 0.00138007 0.17992554
v 0.02290124 0.00182053 0.17987442
v 0.02318299 0.00159244 0.17988852
v 0.02318691 0.00118378 0.17992941
v 0.02291801 0.00097778 0.17995929
v 0.02317548 0.00076599 0.17996490
v 0.02350812 0.00097311 0.17993231
v 0.02350116 0.00141171 0.17989243
v 0.02384597 0.00122391 0.17989290
v 0.02345722 0.00176755 0.17985608
v 0.02398376 0.00223260 0.17977063
v 0.02435335 0.00213431 0.17976677
v 0.02461972 0.00224417 0.17973901
v 0.02507138 0.00176297 0.17977582
v 0.02495214 0.00136212 0.17982162
v 0.02540981 0.00146408 0.17978606
v 0.02530694 0.00185101 0.17975420
v 0.02516374 0.00197241 0.17974870
v 0.02584091 0.00159802 0.17974664
v 0.02610338 0.00138553 0.17974973
v 0.02634049 0.00142160 0.17973093
v 0.02656351 0.00131598 0.17972446
v 0.02661002 0.00109561 0.17973788
v 0.02684166 0.00119980 0.17971138
v 0.02674966 0.00150516 0.17969290
v 0.02702141 0.00152176 0.17966777
v 0.02716317 0.00185321 0.17962091
v 0.02719976 0.00119122 0.17968045
v 0.02702228 0.00094067 0.17971445
v 0.02729304 0.00085510 0.17969556
v 0.02751762 0.00070279 0.17968311
v 0.02731622 0.00056058 0.17970901
v 0.02705379 0.00063007 0.17972797
v 0.02718224 0.00023376 0.17973038
v 0.02678470 0.00036322 0.17975908
v 0.02686484 -0.00008005 0.17976263
v 0.02720207 -0.00019287 0.17973523
v 0.02751761 -0.00002524 0.17970569
v 0.02792252 -0.00073297 0.17966699
v 0.02814461 -0.00044550 0.17965131
v 0.02830391 -0.00071481 0.17963121
v 0.02816282 -0.00101334 0.17963686
v 0.02852853 -0.00110379 0.17959552
v 0.02864623 -0.00063586 0.17959695
v 0.02885833 -0.00087823 0.17956912
v 0.02902809 -0.00053702 0.17955685
v 0.02915132 -0.00091458 0.17953485
v 0.02932841 -0.00066940 0.17952094
v 0.02936870 -0.00035046 0.17951936
v 0.02944737 0.00004199 0.17950748
v 0.02969868 -0.00024948 0.17947864
v 0.02960633 -0.00060324 0.17948721
v 0.02988405 -0.00051370 0.17945209
v 0.03007222 -0.00020215 0.17942813
v 0.02980416 0.00013129 0.17946175
v 0.03014219 0.00023145 0.17941489
v 0.02990302 0.00052127 0.17943970
v 0.02955216 0.00044461 0.17948578
v 0.02967719 0.00085797 0.17945438
v 0.02931502 0.00075339 0.17950160
v 0.02941892 0.00106531 0.17947333
v 0.02966104 0.00125793 0.17943185
v 0.02983841 0.00106708 0.17942409
v 0.02996804 0.00125647 0.17939359
v 0.02983204 0.00152393 0.17938925
v 0.03013643 0.00159860 0.17934184
v 0.02954759 0.00166159 0.17940967
v 0.03028970 0.00119437 0.17935258
v 0.03051620 0.00151645 0.17929552
v 0.03038249 0.00184381 0.17928479
v 0.03039373 0.00217419 0.17924565
v 0.03074195 0.00191751 0.17922495
v 0.03062418 0.00232556 0.17919507
v 0.03070798 0.00261038 0.17914436
v 0.03090848 0.00231464 0.17915584
v 0.03101748 0.00264789 0.17909332
v 0.03119194 0.00299329 0.17900966
v 0.03130532 0.00264075 0.17905057
v 0.03157985 0.00279276 0.17898206
v 0.03147566 0.00311380 0.17894489
v 0.03164285 0.00303967 0.17893141
v 0.03167512 0.00329892 0.17887518
v 0.03183330 0.00294928 0.17891187
v 0.03208363 0.00320294 0.17881773
v 0.03186426 0.00361993 0.17877631
v 0.03218523 0.00362106 0.17871661
v 0.03197516 0.00393436 0.17868683
v 0.03248203 0.00369577 0.17864195
v 0.03244771 0.00332004 0.17872548
v 0.03275511 0.00343579 0.17863873
v 0.03275263 0.00380713 0.17855893
v 0.03301727 0.00358289 0.17854988
v 0.03305788 0.00320758 0.17861687
v 0.03329507 0.00339404 0.17852373
v 0.03324239 0.00375146 0.17845706
v 0.03298735 0.00389392 0.17848520
v 0.03342767 0.00392761 0.17836591
v 0.03343221 0.00423834 0.17828241
v 0.03373883 0.00393927 0.17827536
v 0.03369591 0.00441309 0.17815817
v 0.03352839 0.00478702 0.17809036
v 0.03377884 0.00470694 0.17804477
v 0.03369028 0.00503687 0.17795700
v 0.03398119 0.00480032 0.17795116
v 0.03396642 0.00511978 0.17784059
v 0.03373910 0.00532697 0.17783423
v 0.03362609 0.00562225 0.17774889
v 0.03392706 0.00545728 0.17771951
v 0.03381927 0.00587027 0.17757561
v 0.03346464 0.00595343 0.17765616
v 0.03356454 0.00618198 0.17751819
v 0.03380909 0.00631509 0.17736789
v 0.03391950 0.00664157 0.17716125
v 0.03417097 0.00632141 0.17723492
v 0.03419567 0.00660461 0.17707761
v 0.03402670 0.00689886 0.17697791
v 0.03435981 0.00678165 0.17691025
v 0.03412869 0.00719766 0.17675586
v 0.03460943 0.00702478 0.17665874
v 0.03431210 0.00738348 0.17656201
v 0.03401888 0.00759073 0.17654770
v 0.03451324 0.00739505 0.17646696
v 0.03475169 0.00727145 0.17643979
v 0.03503373 0.00710117 0.17641280
v 0.03484427 0.00706519 0.17653125
v 0.03497266 0.00685199 0.17659906
v 0.03525014 0.00677902 0.17650323
v 0.03532275 0.00699417 0.17632971
v 0.03542003 0.00713452 0.17617894
v 0.03556132 0.00689459 0.17625417
v 0.03563152 0.00708774 0.17607527
v 0.03578442 0.00681110 0.17616161
v 0.03572131 0.00657205 0.17635590
v 0.03603942 0.00652271 0.17617082
v 0.03595413 0.00696472 0.17593152
v 0.03622382 0.00663171 0.17596552
v 0.03634647 0.00634027 0.17606628
v 0.03643880 0.00649771 0.17589134
v 0.03632442 0.00682007 0.17574628
v 0.03660304 0.00636124 0.17584793
v 0.03673013 0.00613101 0.17587918
v 0.03608921 0.00719675 0.17565474
v 0.03585115 0.00731506 0.17575267
v 0.01086546 0.01179672 0.17567155
v 0.01096794 0.01164203 0.17586096
v 0.01120444 0.01177014 0.17569531
v 0.01123134 0.01152765 0.17598302
v 0.01151967 0.01166702 0.17580809
v 0.01174344 0.01175687 0.17568858
v 0.01575267 0.00486279 0.17950516
v 0.01593170 0.00510513 0.17943741
v 0.01612761 0.00487250 0.17949609
v 0.01594947 0.00459659 0.17957114
v 0.01619310 0.00447559 0.17959549
v 0.01596039 0.00432852 0.17963585
v 0.01614905 0.00411606 0.17968011
v 0.01645514 0.00424509 0.17964334
v 0.01636502 0.00393207 0.17971574
v 0.01644956 0.00366907 0.17976761
v 0.01747047 0.00315921 0.17983987
v 0.01775739 0.00299423 0.17986220
v 0.01806746 0.00283249 0.17988162
v 0.01780433 0.00263812 0.17991994
v 0.01804403 0.00241064 0.17994843
v 0.01828179 0.00182425 0.18002196
v 0.01830218 0.00130243 0.18007884
v 0.01837289 0.00157712 0.18004858
v 0.01923297 0.00100711 0.18008041
v 0.01932701 0.00138815 0.18004318
v 0.01934968 0.00172897 0.18000459
v 0.01949237 0.00149832 0.18002753
v 0.01956706 0.00124457 0.18004962
v 0.02068207 0.00102255 0.18003668
v 0.02072338 0.00065283 0.18006320
v 0.02111353 0.00045801 0.18006363
v 0.02101742 0.00097623 0.18002963
v 0.02140527 0.00082864 0.18002802
v 0.02131344 0.00119293 0.18000128
v 0.02080823 0.00127194 0.18001070
v 0.02178401 0.00072708 0.18002225
v 0.02214042 0.00100754 0.17998636
v 0.02258523 0.00098987 0.17997115
v 0.02238387 0.00060358 0.18000876
v 0.02280737 0.00056808 0.17999408
v 0.02250392 0.00014639 0.18003058
v 0.02294180 0.00008835 0.18001651
v 0.02313966 0.00040399 0.17999146
v 0.02348944 0.00048807 0.17996904
v 0.02328139 0.00010931 0.18000102
v 0.02360539 0.00005930 0.17998679
v 0.02386572 0.00034030 0.17995876
v 0.02384619 0.00076376 0.17993167
v 0.02417460 0.00055850 0.17992839
v 0.02414559 0.00020755 0.17995018
v 0.02450679 0.00075580 0.17989621
v 0.02418950 0.00099759 0.17989499
v 0.02455456 0.00121384 0.17985638
v 0.02485311 0.00092154 0.17986479
v 0.02520281 0.00103220 0.17983653
v 0.02512304 0.00060687 0.17987000
v 0.02477494 0.00055707 0.17989404
v 0.02489826 0.00021518 0.17990279
v 0.02527870 0.00020090 0.17987833
v 0.02505950 -0.00017285 0.17990411
v 0.02543984 -0.00019278 0.17987704
v 0.02568234 0.00022491 0.17984851
v 0.02546454 0.00052396 0.17985344
v 0.02568250 0.00053778 0.17983783
v 0.02563235 0.00077640 0.17982806
v 0.02538347 0.00079620 0.17984373
v 0.02549061 0.00104068 0.17981892
v 0.02610166 0.00015399 0.17981853
v 0.02671797 0.00082593 0.17974464
v 0.02648993 0.00005792 0.17979085
v 0.02623568 -0.00022018 0.17981598
v 0.02585580 -0.00027524 0.17984616
v 0.02617281 -0.00065656 0.17982147
v 0.02655362 -0.00038052 0.17979095
v 0.02658229 -0.00082162 0.17978561
v 0.02697040 -0.00056158 0.17975476
v 0.02689542 -0.00102927 0.17975360
v 0.02721737 -0.00089481 0.17972791
v 0.02717798 -0.00128329 0.17971832
v 0.02747850 -0.00152945 0.17967731
v 0.02778432 -0.00138071 0.17965685
v 0.02791606 -0.00111829 0.17965691
v 0.02813693 -0.00139508 0.17962115
v 0.02845303 -0.00151028 0.17958344
v 0.02872596 -0.00148163 0.17955649
v 0.02893065 -0.00119846 0.17954872
v 0.02903798 -0.00154779 0.17951648
v 0.02881899 -0.00180301 0.17952309
v 0.02908269 -0.00186536 0.17948682
v 0.02888111 -0.00222229 0.17947467
v 0.02928067 -0.00207761 0.17944322
v 0.02938769 -0.00167313 0.17946394
v 0.02960275 -0.00198758 0.17941129
v 0.02950091 -0.00231339 0.17939134
v 0.02978520 -0.00222705 0.17936322
v 0.02987164 -0.00195947 0.17937778
v 0.02978131 -0.00167111 0.17941270
v 0.03010494 -0.00177316 0.17935880
v 0.03006686 -0.00133368 0.17939429
v 0.02964460 -0.00129636 0.17945462
v 0.02927354 -0.00126221 0.17950458
v 0.02948030 -0.00094049 0.17949347
v 0.02986869 -0.00089505 0.17944310
v 0.03022123 -0.00095795 0.17939154
v 0.03016645 -0.00061768 0.17941013
v 0.03056071 -0.00075845 0.17934717
v 0.03038191 -0.00037750 0.17938275
v 0.03041675 -0.00001880 0.17937822
v 0.03068497 -0.00028989 0.17933670
v 0.03075361 0.00013541 0.17932475
v 0.03098475 -0.00014337 0.17928966
v 0.03116039 0.00024725 0.17925780
v 0.03080878 0.00062735 0.17930376
v 0.03045540 0.00038980 0.17936592
v 0.03040906 0.00079602 0.17935806
v 0.03065744 0.00110168 0.17930438
v 0.03103144 0.00103394 0.17925179
v 0.03087907 0.00143991 0.17924812
v 0.03108472 0.00169717 0.17919604
v 0.03113301 0.00202325 0.17915631
v 0.03121589 0.00235886 0.17910416
v 0.03140782 0.00211536 0.17910262
v 0.03151238 0.00240674 0.17904932
v 0.03174008 0.00205231 0.17905164
v 0.03142841 0.00173203 0.17913736
v 0.03184858 0.00152332 0.17908357
v 0.03153935 0.00133890 0.17915201
v 0.03175940 0.00109015 0.17913144
v 0.03207868 0.00112814 0.17907306
v 0.03225795 0.00145087 0.17901622
v 0.03212215 0.00186700 0.17900299
v 0.03251749 0.00176257 0.17893842
v 0.03255628 0.00136288 0.17896623
v 0.03281379 0.00147504 0.17890465
v 0.03276930 0.00106525 0.17894150
v 0.03302574 0.00124084 0.17887650
v 0.03307179 0.00151538 0.17884698
v 0.03331507 0.00128781 0.17880733
v 0.03326411 0.00166995 0.17879102
v 0.03292854 0.00190045 0.17884004
v 0.03329440 0.00200513 0.17874905
v 0.03308123 0.00232819 0.17875555
v 0.03276146 0.00233246 0.17882497
v 0.03287553 0.00261423 0.17876009
v 0.03257724 0.00265533 0.17881610
v 0.03248727 0.00238196 0.17887460
v 0.03260570 0.00210977 0.17888516
v 0.03232286 0.00216785 0.17893265
v 0.03203355 0.00224133 0.17897774
v 0.03181405 0.00247559 0.17898758
v 0.03184836 0.00271533 0.17894807
v 0.03240755 0.00296356 0.17879886
v 0.03276036 0.00299435 0.17872076
v 0.03318628 0.00275650 0.17866765
v 0.03331981 0.00307547 0.17858170
v 0.03349771 0.00284387 0.17857977
v 0.03355048 0.00316986 0.17850459
v 0.03356879 0.00356976 0.17841313
v 0.03383031 0.00324081 0.17841310
v 0.03377690 0.00288861 0.17849681
v 0.03407289 0.00294464 0.17840076
v 0.03400858 0.00258475 0.17848268
v 0.03431500 0.00263309 0.17838181
v 0.03437339 0.00300543 0.17829607
v 0.03411774 0.00330875 0.17831409
v 0.03440110 0.00338144 0.17821001
v 0.03413320 0.00371686 0.17821518
v 0.03388023 0.00355634 0.17832947
v 0.03401713 0.00414319 0.17814029
v 0.03432368 0.00399597 0.17808427
v 0.03420964 0.00429617 0.17803806
v 0.03398676 0.00448886 0.17805057
v 0.03422335 0.00456384 0.17795084
v 0.03422727 0.00487512 0.17784303
v 0.03443556 0.00463110 0.17785455
v 0.03452290 0.00491409 0.17772200
v 0.03421949 0.00521094 0.17771844
v 0.03417824 0.00558163 0.17757916
v 0.03448058 0.00530612 0.17758583
v 0.03445911 0.00566779 0.17743900
v 0.03414975 0.00596503 0.17741611
v 0.03444799 0.00602066 0.17727951
v 0.03449024 0.00636700 0.17708661
v 0.03468908 0.00604025 0.17717538
v 0.03485699 0.00620203 0.17701996
v 0.03469460 0.00658115 0.17688390
v 0.03494959 0.00642575 0.17685883
v 0.03488703 0.00667038 0.17674750
v 0.03519651 0.00645520 0.17671864
v 0.03510016 0.00620761 0.17690573
v 0.03535030 0.00601813 0.17687753
v 0.03555305 0.00616418 0.17669067
v 0.03548811 0.00650418 0.17653647
v 0.03547145 0.00675153 0.17639981
v 0.03571964 0.00628778 0.17652721
v 0.03596471 0.00621436 0.17641312
v 0.03585649 0.00597180 0.17661996
v 0.03617344 0.00581036 0.17650763
v 0.03625968 0.00610703 0.17627271
v 0.03645611 0.00574097 0.17634454
v 0.03639735 0.00551114 0.17652225
v 0.03623759 0.00550513 0.17663574
v 0.03636817 0.00532880 0.17664035
v 0.03621294 0.00525818 0.17677159
v 0.03645992 0.00509067 0.17668811
v 0.03651652 0.00526892 0.17656323
v 0.03672779 0.00500403 0.17652742
v 0.03661237 0.00539993 0.17641687
v 0.03684068 0.00525742 0.17630447
v 0.03695112 0.00498239 0.17635748
v 0.03705478 0.00510770 0.17619418
v 0.03671506 0.00560501 0.17621371
v 0.03655862 0.00599927 0.17610864
v 0.03653881 0.00626831 0.17596303
v 0.01067027 0.01139349 0.17614903
v 0.01091894 0.01147006 0.17605949
v 0.01093066 0.01122470 0.17631741
v 0.01109367 0.01138376 0.17614923
v 0.01435548 0.00627499 0.17911053
v 0.01404612 0.00639240 0.17907547
v 0.01413272 0.00609033 0.17917632
v 0.01404527 0.00574255 0.17928648
v 0.01437375 0.00592957 0.17922351
v 0.01443640 0.00552786 0.17934415
v 0.01466881 0.00581119 0.17925478
v 0.01470452 0.00554684 0.17933429
v 0.01450645 0.00481726 0.17953775
v 0.01439478 0.00515009 0.17945190
v 0.01416358 0.00489368 0.17952353
v 0.01425750 0.00444165 0.17963437
v 0.01464335 0.00444467 0.17962863
v 0.01448332 0.00410391 0.17971045
v 0.01476984 0.00412198 0.17970183
v 0.01544168 0.00370471 0.17978113
v 0.01579676 0.00401099 0.17970938
v 0.01578153 0.00360266 0.17979568
v 0.01595020 0.00328448 0.17985294
v 0.01559544 0.00331104 0.17985614
v 0.01573696 0.00288910 0.17992770
v 0.01609519 0.00294186 0.17991052
v 0.01601839 0.00258032 0.17997169
v 0.01622310 0.00232733 0.18000504
v 0.01842436 0.00069998 0.18012671
v 0.01843032 0.00106134 0.18009796
v 0.01873563 0.00044550 0.18013658
v 0.01902624 0.00065811 0.18011465
v 0.01907189 0.00031427 0.18013602
v 0.01931428 0.00056543 0.18011301
v 0.01951960 0.00046579 0.18011380
v 0.01940611 0.00017212 0.18013297
v 0.02004364 -0.00024182 0.18013028
v 0.02022606 -0.00060492 0.18013367
v 0.02058019 -0.00049271 0.18012103
v 0.02079888 -0.00022491 0.18010696
v 0.02091233 -0.00064743 0.18011285
v 0.02108377 -0.00030661 0.18010091
v 0.02135996 -0.00052835 0.18009499
v 0.02128715 -0.00014938 0.18008905
v 0.02105888 0.00001773 0.18008990
v 0.02131867 0.00013284 0.18007593
v 0.02151931 0.00040002 0.18005356
v 0.02187936 0.00031525 0.18004575
v 0.02207556 0.00059384 0.18002188
v 0.02218783 0.00031519 0.18003482
v 0.02241169 -0.00023959 0.18005164
v 0.02269817 -0.00022791 0.18004041
v 0.02252562 -0.00049722 0.18005324
v 0.02249128 -0.00090475 0.18005887
v 0.02279184 -0.00057788 0.18004396
v 0.02290515 -0.00093063 0.18004192
v 0.02311831 -0.00061874 0.18003030
v 0.02301045 -0.00028683 0.18002945
v 0.02314880 -0.00009460 0.18001651
v 0.02335987 -0.00028903 0.18001193
v 0.02337898 -0.00065671 0.18001848
v 0.02362871 -0.00056601 0.18000320
v 0.02370287 -0.00025696 0.17999312
v 0.02398799 -0.00045282 0.17997937
v 0.02392940 -0.00003564 0.17997278
v 0.02426513 -0.00011093 0.17995474
v 0.02437491 -0.00048315 0.17995609
v 0.02465906 -0.00018631 0.17993149
v 0.02464442 -0.00055914 0.17993939
v 0.02449288 -0.00077338 0.17994968
v 0.02481537 -0.00087405 0.17992592
v 0.02487643 -0.00047781 0.17992227
v 0.02520020 -0.00059573 0.17989886
v 0.02515315 -0.00098419 0.17990007
v 0.02549402 -0.00092886 0.17987416
v 0.02555770 -0.00053815 0.17987216
v 0.02579457 -0.00069696 0.17985284
v 0.02588827 -0.00108484 0.17983853
v 0.02629316 -0.00111475 0.17980350
v 0.02608646 -0.00140433 0.17981097
v 0.02578319 -0.00150943 0.17983183
v 0.02604218 -0.00177710 0.17979419
v 0.02642113 -0.00153333 0.17977501
v 0.02639549 -0.00204504 0.17974393
v 0.02670573 -0.00177631 0.17973540
v 0.02681589 -0.00142667 0.17974544
v 0.02660254 -0.00118552 0.17977502
v 0.02708663 -0.00174954 0.17970081
v 0.02680469 -0.00212405 0.17969983
v 0.02718522 -0.00220117 0.17965559
v 0.02743118 -0.00190179 0.17965683
v 0.02758365 -0.00223495 0.17961201
v 0.02800408 -0.00224435 0.17956723
v 0.02774005 -0.00264890 0.17955182
v 0.02816464 -0.00266833 0.17950357
v 0.02842385 -0.00227359 0.17952008
v 0.02859735 -0.00268295 0.17945288
v 0.02859955 -0.00197412 0.17953238
v 0.02857856 -0.00172339 0.17955658
v 0.02901474 -0.00269644 0.17940280
v 0.02877413 -0.00314563 0.17936896
v 0.02919093 -0.00303891 0.17933401
v 0.02941647 -0.00268411 0.17935526
v 0.02922021 -0.00239951 0.17941599
v 0.02969123 -0.00249994 0.17934377
v 0.02978673 -0.00280878 0.17928641
v 0.02950034 -0.00302573 0.17929480
v 0.02973515 -0.00327386 0.17921881
v 0.03009070 -0.00301651 0.17920772
v 0.03010319 -0.00269257 0.17925670
v 0.02995918 -0.00246228 0.17930981
v 0.03030304 -0.00240524 0.17926344
v 0.03007614 -0.00213531 0.17932996
v 0.03042314 -0.00198026 0.17929114
v 0.03040073 -0.00155576 0.17933118
v 0.03071540 -0.00168665 0.17927098
v 0.03075070 -0.00203384 0.17923260
v 0.03098076 -0.00132581 0.17925366
v 0.03130437 -0.00151654 0.17918643
v 0.03136903 -0.00116962 0.17919734
v 0.03113567 -0.00094650 0.17924814
v 0.03087804 -0.00094525 0.17929123
v 0.03070245 -0.00111777 0.17931230
v 0.03064866 -0.00137430 0.17930624
v 0.03043515 -0.00118338 0.17934978
v 0.03100153 -0.00057605 0.17928134
v 0.03143957 -0.00071426 0.17920349
v 0.03131408 -0.00023331 0.17923398
v 0.03170011 -0.00032880 0.17916666
v 0.03158659 0.00011569 0.17918817
v 0.03148009 0.00054260 0.17920049
v 0.03118173 0.00068579 0.17924435
v 0.03141860 0.00097672 0.17919400
v 0.03169268 0.00077301 0.17915868
v 0.03196647 0.00079837 0.17911014
v 0.03182891 0.00045609 0.17914301
v 0.03221137 0.00049576 0.17907330
v 0.03221539 0.00084552 0.17906406
v 0.03241184 0.00105841 0.17901541
v 0.03239794 0.00074554 0.17903372
v 0.03259213 0.00080801 0.17899237
v 0.03282239 0.00065079 0.17894751
v 0.03314701 0.00085840 0.17886679
v 0.03309702 0.00033707 0.17889197
v 0.03344550 0.00051172 0.17880846
v 0.03353724 0.00091309 0.17877289
v 0.03365431 0.00128003 0.17872507
v 0.03348828 0.00153397 0.17875043
v 0.03372338 0.00165601 0.17867938
v 0.03396963 0.00133224 0.17863712
v 0.03403928 0.00169620 0.17858864
v 0.03384357 0.00197305 0.17861603
v 0.03357860 0.00199899 0.17868243
v 0.03347221 0.00177344 0.17873361
v 0.03342737 0.00235544 0.17867288
v 0.03369581 0.00222668 0.17862460
v 0.03368658 0.00254160 0.17858041
v 0.03345188 0.00262531 0.17862836
v 0.03393046 0.00226031 0.17855519
v 0.03425423 0.00223486 0.17846133
v 0.03407854 0.00199600 0.17854655
v 0.03431200 0.00181219 0.17849519
v 0.03429269 0.00140408 0.17853806
v 0.03458964 0.00154794 0.17843381
v 0.03460120 0.00199011 0.17838292
v 0.03481792 0.00169666 0.17834534
v 0.03488306 0.00134830 0.17835522
v 0.03504251 0.00160632 0.17827615
v 0.03495855 0.00198737 0.17826151
v 0.03531254 0.00173941 0.17816022
v 0.03522541 0.00125677 0.17824118
v 0.03551392 0.00136914 0.17812259
v 0.03572385 0.00166788 0.17800693
v 0.03549551 0.00211429 0.17804184
v 0.03520627 0.00216974 0.17814650
v 0.03528209 0.00258408 0.17805377
v 0.03567347 0.00245667 0.17791690
v 0.03548114 0.00285437 0.17792758
v 0.03530290 0.00288766 0.17799506
v 0.03515654 0.00293985 0.17804012
v 0.03494917 0.00282306 0.17813593
v 0.03496745 0.00241934 0.17819742
v 0.03464981 0.00266156 0.17826804
v 0.03474127 0.00228485 0.17829776
v 0.03451507 0.00236179 0.17836176
v 0.03466778 0.00309659 0.17818137
v 0.03495399 0.00323093 0.17805365
v 0.03466266 0.00347034 0.17810368
v 0.03485483 0.00357599 0.17801181
v 0.03464594 0.00384601 0.17801524
v 0.03443595 0.00368344 0.17812912
v 0.03448479 0.00428140 0.17794720
v 0.03483039 0.00411322 0.17787103
v 0.03470677 0.00451266 0.17779224
v 0.03509800 0.00435501 0.17768910
v 0.03485308 0.00477115 0.17764825
v 0.03471960 0.00507883 0.17758713
v 0.03476910 0.00537164 0.17744817
v 0.03495938 0.00502176 0.17751363
v 0.03505012 0.00523441 0.17739014
v 0.03498238 0.00552933 0.17729227
v 0.03471437 0.00574893 0.17730412
v 0.03492339 0.00585098 0.17716885
v 0.03514767 0.00564716 0.17716441
v 0.03513426 0.00592484 0.17703503
v 0.03541104 0.00560956 0.17705136
v 0.03569025 0.00573367 0.17684088
v 0.03569061 0.00540179 0.17700589
v 0.03557072 0.00521603 0.17715311
v 0.03583632 0.00509134 0.17706750
v 0.03592983 0.00534802 0.17689706
v 0.03611055 0.00498447 0.17695642
v 0.03601987 0.00560666 0.17671619
v 0.03634203 0.00492950 0.17683859
v 0.03633835 0.00456186 0.17699371
v 0.03657184 0.00474304 0.17676241
v 0.03666837 0.00434271 0.17686429
v 0.03652526 0.00414767 0.17704024
v 0.03675990 0.00396512 0.17694989
v 0.03691982 0.00410989 0.17677698
v 0.03687394 0.00451877 0.17663701
v 0.03711587 0.00417526 0.17659270
v 0.03712090 0.00448849 0.17644945
v 0.03696769 0.00475601 0.17645544
v 0.03714639 0.00477756 0.17628387
v 0.03728889 0.00448550 0.17629495
v 0.03731017 0.00420758 0.17640602
v 0.03768703 0.00363205 0.17628268
v 0.03778837 0.00329517 0.17631219
v 0.00943937 0.01075830 0.17679428
v 0.00966665 0.01081647 0.17673932
v 0.00985322 0.01098395 0.17658601
v 0.00987975 0.01116647 0.17640604
v 0.01018522 0.01120844 0.17635608
v 0.01005968 0.01103790 0.17653067
v 0.01033955 0.01098599 0.17657127
v 0.01052877 0.01120889 0.17634651
v 0.01069157 0.01100064 0.17654581
v 0.01054286 0.01082727 0.17671103
v 0.01094433 0.00939359 0.17775388
v 0.01095722 0.00913971 0.17790755
v 0.01131751 0.00867896 0.17815677
v 0.01153029 0.00873563 0.17812280
v 0.01336948 0.00700793 0.17886348
v 0.01326964 0.00671976 0.17897211
v 0.01337602 0.00639630 0.17908542
v 0.01310766 0.00627924 0.17912892
v 0.01288656 0.00660849 0.17901932
v 0.01272178 0.00626959 0.17913818
v 0.01288366 0.00599847 0.17922441
v 0.01314792 0.00586160 0.17926308
v 0.01343490 0.00566705 0.17931879
v 0.01370354 0.00580807 0.17927220
v 0.01372726 0.00543088 0.17938380
v 0.01410013 0.00529669 0.17941589
v 0.01383299 0.00502646 0.17949374
v 0.01388916 0.00462213 0.17959575
v 0.01356267 0.00478470 0.17955939
v 0.01425195 0.00356317 0.17982584
v 0.01437303 0.00318814 0.17989606
v 0.01456684 0.00338217 0.17985828
v 0.01439287 0.00385602 0.17976605
v 0.01517616 0.00358301 0.17981149
v 0.01527726 0.00335577 0.17985454
v 0.01513590 0.00311923 0.17990097
v 0.01538448 0.00302420 0.17991289
v 0.01514488 0.00282062 0.17995151
v 0.01541599 0.00264471 0.17997449
v 0.01569842 0.00243219 0.18000116
v 0.01595464 0.00219562 0.18003009
v 0.01566104 0.00203000 0.18005789
v 0.01592157 0.00181494 0.18008002
v 0.01620489 0.00198563 0.18005261
v 0.01616142 0.00166000 0.18009340
v 0.01595022 0.00142984 0.18012228
v 0.01629763 0.00133551 0.18012402
v 0.01659651 0.00146075 0.18010446
v 0.01659717 0.00112485 0.18013655
v 0.01630841 0.00014456 0.18020924
v 0.01875717 -0.00062634 0.18017542
v 0.01912899 -0.00071536 0.18016727
v 0.01903336 -0.00039328 0.18016515
v 0.01880859 -0.00021167 0.18016634
v 0.01854451 -0.00033304 0.18017566
v 0.01856758 0.00003888 0.18016299
v 0.01830494 -0.00019626 0.18017752
v 0.01829557 0.00011905 0.18016609
v 0.01842733 0.00034381 0.18015106
v 0.01885542 0.00010519 0.18015311
v 0.01909252 -0.00006082 0.18015320
v 0.01979248 -0.00056146 0.18014603
v 0.01972739 -0.00095132 0.18015259
v 0.01997426 -0.00088141 0.18014534
v 0.02022779 -0.00107007 0.18013724
v 0.02055529 -0.00086835 0.18012677
v 0.02082445 -0.00105157 0.18011873
v 0.02091228 -0.00134113 0.18011353
v 0.02118246 -0.00156750 0.18009912
v 0.02146537 -0.00131396 0.18009430
v 0.02161226 -0.00095236 0.18009064
v 0.02204952 -0.00096445 0.18007538
v 0.02212075 -0.00136624 0.18006985
v 0.02227083 -0.00114243 0.18006802
v 0.02242003 -0.00133255 0.18005888
v 0.02272996 -0.00125482 0.18004729
v 0.02262389 -0.00159125 0.18004355
v 0.02290088 -0.00151151 0.18003372
v 0.02303567 -0.00125555 0.18003300
v 0.02326084 -0.00097018 0.18002426
v 0.02309066 -0.00147195 0.18002512
v 0.02310060 -0.00172733 0.18001283
v 0.02348333 -0.00183078 0.17998213
v 0.02318704 -0.00206940 0.17998752
v 0.02342193 -0.00231299 0.17995471
v 0.02370516 -0.00210629 0.17995166
v 0.02377682 -0.00242471 0.17992162
v 0.02395371 -0.00214017 0.17993228
v 0.02388734 -0.00181952 0.17995644
v 0.02426627 -0.00195279 0.17992166
v 0.02415814 -0.00149960 0.17995322
v 0.02453594 -0.00155750 0.17992494
v 0.02443036 -0.00113354 0.17994745
v 0.02407124 -0.00114703 0.17997113
v 0.02353605 -0.00109735 0.18000687
v 0.02352441 -0.00083844 0.18001115
v 0.02473844 -0.00126538 0.17992308
v 0.02492560 -0.00155893 0.17989764
v 0.02498143 -0.00120087 0.17990802
v 0.02527099 -0.00131970 0.17988182
v 0.02525186 -0.00172427 0.17986440
v 0.02549788 -0.00155719 0.17985382
v 0.02558768 -0.00128040 0.17985838
v 0.02559176 -0.00194968 0.17982101
v 0.02521778 -0.00204706 0.17984586
v 0.02531720 -0.00236478 0.17981071
v 0.02564786 -0.00239526 0.17978049
v 0.02596984 -0.00221719 0.17976816
v 0.02588662 -0.00264334 0.17973602
v 0.02547001 -0.00279758 0.17975488
v 0.02580944 -0.00306488 0.17969530
v 0.02616767 -0.00289148 0.17968408
v 0.02625007 -0.00248859 0.17971927
v 0.02650701 -0.00273547 0.17967023
v 0.02656851 -0.00239420 0.17969901
v 0.02688069 -0.00257397 0.17964987
v 0.02672646 -0.00294406 0.17962425
v 0.02704794 -0.00299442 0.17958362
v 0.02731824 -0.00261856 0.17959979
v 0.02746564 -0.00305295 0.17953128
v 0.02789730 -0.00306903 0.17948241
v 0.02764221 -0.00350604 0.17944843
v 0.02804653 -0.00344571 0.17941245
v 0.02831793 -0.00308630 0.17943228
v 0.02842034 -0.00350003 0.17935863
v 0.02846039 -0.00384134 0.17929617
v 0.02865903 -0.00408209 0.17922281
v 0.02830076 -0.00414383 0.17926004
v 0.02846518 -0.00444409 0.17917444
v 0.02888788 -0.00442206 0.17911703
v 0.02903056 -0.00398343 0.17919020
v 0.02924032 -0.00421213 0.17911169
v 0.02939278 -0.00389560 0.17915494
v 0.02919340 -0.00363098 0.17923569
v 0.02906645 -0.00335776 0.17930045
v 0.02936503 -0.00331796 0.17926688
v 0.02949531 -0.00357410 0.17920239
v 0.02978288 -0.00374631 0.17912312
v 0.03011440 -0.00342001 0.17913275
v 0.03014895 -0.00377448 0.17905792
v 0.03049224 -0.00356970 0.17904059
v 0.03042683 -0.00313257 0.17913307
v 0.03036820 -0.00276559 0.17920322
v 0.03069474 -0.00281308 0.17914032
v 0.03058060 -0.00252814 0.17920255
v 0.03059908 -0.00226730 0.17923257
v 0.03106242 -0.00285675 0.17906906
v 0.03129823 -0.00254919 0.17907460
v 0.03135548 -0.00218152 0.17911220
v 0.03149494 -0.00179111 0.17913058
v 0.03163808 -0.00207025 0.17907639
v 0.03168296 -0.00244269 0.17902039
v 0.03185879 -0.00210266 0.17903119
v 0.03178811 -0.00182980 0.17907405
v 0.03211900 -0.00187286 0.17900264
v 0.03190809 -0.00149670 0.17907803
v 0.03169725 -0.00164175 0.17910890
v 0.03158969 -0.00144730 0.17914194
v 0.03175241 -0.00106503 0.17913387
v 0.03179039 -0.00067902 0.17914371
v 0.03201572 -0.00081445 0.17909689
v 0.03203386 -0.00047141 0.17910355
v 0.03202405 0.00001013 0.17911020
v 0.03230887 -0.00029117 0.17905380
v 0.03248388 0.00009467 0.17902278
v 0.03254801 0.00051865 0.17900882
v 0.03276696 0.00031595 0.17896564
v 0.03287194 -0.00002213 0.17894218
v 0.03317712 -0.00006439 0.17887515
v 0.03343134 0.00010840 0.17881689
v 0.03342085 -0.00029391 0.17881491
v 0.03305223 -0.00045142 0.17889476
v 0.03339162 -0.00071460 0.17880821
v 0.03308688 -0.00090570 0.17887067
v 0.03335231 -0.00113239 0.17879544
v 0.03372106 -0.00097015 0.17871477
v 0.03370114 -0.00053256 0.17874068
v 0.03394449 -0.00069501 0.17867288
v 0.03395651 -0.00041235 0.17867940
v 0.03375641 -0.00010846 0.17873563
v 0.03412640 -0.00014005 0.17863712
v 0.03396414 0.00024332 0.17868170
v 0.03367596 0.00026801 0.17875697
v 0.03376936 0.00058429 0.17872672
v 0.03410056 0.00061398 0.17863715
v 0.03387703 0.00095422 0.17868433
v 0.03421524 0.00099973 0.17858791
v 0.03461385 0.00103296 0.17846600
v 0.03442121 0.00065897 0.17854535
v 0.03465636 0.00064722 0.17847723
v 0.03483820 0.00070779 0.17841556
v 0.03499126 0.00094620 0.17834837
v 0.03526398 0.00083621 0.17825873
v 0.03510483 0.00049295 0.17833321
v 0.03543384 0.00053522 0.17821107
v 0.03554881 0.00094830 0.17814259
v 0.03573185 0.00053265 0.17809306
v 0.03559830 0.00019803 0.17815816
v 0.03589986 0.00014529 0.17803305
v 0.03598315 0.00049274 0.17798978
v 0.03590688 0.00087485 0.17800253
v 0.03617030 0.00065631 0.17789957
v 0.03614304 0.00097101 0.17789465
v 0.03600417 0.00128970 0.17792844
v 0.03574285 0.00123044 0.17804424
v 0.03601434 0.00164194 0.17788730
v 0.03592519 0.00188943 0.17789661
v 0.03575588 0.00206326 0.17794496
v 0.03594507 0.00218402 0.17784407
v 0.03597140 0.00253976 0.17777109
v 0.03576083 0.00285022 0.17780899
v 0.03601042 0.00288800 0.17768735
v 0.03584004 0.00318268 0.17770398
v 0.03601608 0.00310129 0.17764215
v 0.03601070 0.00327228 0.17760210
v 0.03584196 0.00355548 0.17760605
v 0.03564859 0.00343008 0.17773006
v 0.03558966 0.00368509 0.17768738
v 0.03538651 0.00354752 0.17780951
v 0.03556924 0.00317334 0.17782446
v 0.03527976 0.00316803 0.17794421
v 0.03508714 0.00353427 0.17793364
v 0.03511997 0.00388330 0.17782588
v 0.03539020 0.00394919 0.17769513
v 0.03546352 0.00427917 0.17755927
v 0.03530180 0.00458429 0.17752791
v 0.03509572 0.00473404 0.17756390
v 0.03525246 0.00492926 0.17742227
v 0.03558488 0.00461536 0.17738635
v 0.03548192 0.00499197 0.17729196
v 0.03571324 0.00487964 0.17722299
v 0.03580289 0.00464554 0.17726987
v 0.03598457 0.00470651 0.17714583
v 0.03591655 0.00437372 0.17730872
v 0.03615205 0.00439648 0.17717371
v 0.03632550 0.00423105 0.17713531
v 0.03617898 0.00410095 0.17726485
v 0.03641610 0.00394009 0.17718372
v 0.03627625 0.00374054 0.17732796
v 0.03654750 0.00357590 0.17721985
v 0.03637795 0.00344504 0.17736053
v 0.03654417 0.00323044 0.17732129
v 0.03672385 0.00328760 0.17719418
v 0.03684701 0.00354239 0.17703278
v 0.03662267 0.00383572 0.17708948
v 0.03695477 0.00380325 0.17686996
v 0.03710448 0.00354642 0.17684648
v 0.03712421 0.00384509 0.17672195
v 0.03730411 0.00355453 0.17668085
v 0.03732363 0.00387228 0.17653807
v 0.03752630 0.00392538 0.17632025
v 0.03753794 0.00351694 0.17647932
v 0.03744715 0.00322723 0.17667152
v 0.03766101 0.00310223 0.17651678
v 0.03755750 0.00286734 0.17668864
v 0.03777840 0.00272699 0.17652782
v 0.03783209 0.00297214 0.17639261
v 0.03795182 0.00272739 0.17634589
v 0.00309222 0.01203098 0.17551445
v 0.00321100 0.01218484 0.17528738
v 0.00358278 0.01247702 0.17479697
v 0.00341251 0.01243832 0.17486832
v 0.00361972 0.01236508 0.17500342
v 0.00382007 0.01245660 0.17483066
v 0.00389398 0.01234918 0.17502771
v 0.00442121 0.01215240 0.17532846
v 0.00443944 0.01200665 0.17553979
v 0.00878621 0.01041714 0.17707904
v 0.00984740 0.01059122 0.17692780
v 0.01003926 0.01082761 0.17672363
v 0.01017900 0.01058725 0.17692551
v 0.01032755 0.01076724 0.17677057
v 0.01031824 0.01035895 0.17710393
v 0.01000429 0.01036771 0.17710371
v 0.01014029 0.01018149 0.17724260
v 0.01040150 0.01010788 0.17728949
v 0.01043382 0.00983121 0.17748180
v 0.01038846 0.00953787 0.17767433
v 0.01028964 0.00927658 0.17783659
v 0.01002384 0.00946112 0.17772818
v 0.00981846 0.00875931 0.17813211
v 0.01007391 0.00850354 0.17826100
v 0.01068399 0.00834128 0.17833676
v 0.01078570 0.00862009 0.17819577
v 0.01098314 0.00895432 0.17801501
v 0.01101415 0.00876746 0.17811566
v 0.01103712 0.00843634 0.17828552
v 0.01134424 0.00839688 0.17830011
v 0.01121723 0.00813492 0.17842859
v 0.01296572 0.00690613 0.17890961
v 0.01200006 0.00632190 0.17913100
v 0.01201946 0.00604968 0.17921939
v 0.01188284 0.00581299 0.17929398
v 0.01160818 0.00568542 0.17933420
v 0.01189612 0.00543289 0.17940501
v 0.01254710 0.00554956 0.17936357
v 0.01259130 0.00590860 0.17925583
v 0.01284935 0.00566534 0.17932632
v 0.01341867 0.00534238 0.17941357
v 0.01355477 0.00512274 0.17947232
v 0.01420762 0.00227493 0.18004213
v 0.01410523 0.00196024 0.18008517
v 0.01449308 0.00253442 0.18000150
v 0.01481682 0.00225195 0.18003963
v 0.01483237 0.00180930 0.18009712
v 0.01456598 0.00153854 0.18013162
v 0.01485404 0.00144189 0.18013914
v 0.01517135 0.00158365 0.18011868
v 0.01512381 0.00204068 0.18006474
v 0.01539128 0.00189853 0.18007922
v 0.01540310 0.00224960 0.18003302
v 0.01512775 0.00244839 0.18000870
v 0.01486161 0.00267896 0.17997678
v 0.01494317 0.00300406 0.17992320
v 0.01433883 0.00289160 0.17994722
v 0.01559685 0.00158612 0.18011174
v 0.01537885 0.00119901 0.18015543
v 0.01570341 0.00114410 0.18015460
v 0.01602012 0.00103625 0.18015775
v 0.01576595 0.00071561 0.18018819
v 0.01607819 0.00068857 0.18018352
v 0.01632505 0.00090256 0.18016168
v 0.01595790 0.00028387 0.18021034
v 0.01567178 0.00041217 0.18021033
v 0.01554137 0.00010187 0.18022815
v 0.01583477 -0.00019949 0.18023389
v 0.01614082 -0.00009625 0.18022366
v 0.01610721 -0.00046378 0.18023567
v 0.01577566 -0.00063513 0.18024673
v 0.01603559 -0.00087115 0.18024431
v 0.01575995 -0.00099338 0.18025151
v 0.01594321 -0.00125095 0.18024690
v 0.01911298 -0.00141138 0.18016364
v 0.01951165 -0.00127560 0.18015558
v 0.01922637 -0.00105399 0.18016573
v 0.01978253 -0.00162210 0.18014218
v 0.01973006 -0.00197397 0.18013271
v 0.02002852 -0.00190643 0.18012665
v 0.02015393 -0.00150436 0.18013411
v 0.01989646 -0.00121790 0.18014661
v 0.02081214 -0.00168527 0.18010919
v 0.02076447 -0.00207840 0.18009613
v 0.02102513 -0.00191449 0.18009430
v 0.02156139 -0.00166342 0.18008282
v 0.02191336 -0.00169571 0.18006876
v 0.02202701 -0.00200027 0.18005188
v 0.02228089 -0.00173334 0.18005225
v 0.02227121 -0.00219656 0.18002902
v 0.02258725 -0.00194669 0.18002856
v 0.02282171 -0.00176535 0.18002725
v 0.02289369 -0.00204697 0.18000655
v 0.02262960 -0.00234314 0.17999965
v 0.02303327 -0.00242581 0.17997025
v 0.02270518 -0.00281003 0.17995486
v 0.02312337 -0.00281564 0.17992950
v 0.02326896 -0.00257724 0.17994348
v 0.02349543 -0.00275134 0.17991063
v 0.02329610 -0.00315079 0.17988147
v 0.02362600 -0.00313297 0.17985980
v 0.02395141 -0.00283890 0.17986827
v 0.02413015 -0.00239389 0.17989871
v 0.02432784 -0.00267929 0.17985745
v 0.02466572 -0.00269232 0.17983069
v 0.02450140 -0.00232303 0.17987738
v 0.02492173 -0.00228357 0.17984924
v 0.02504962 -0.00271136 0.17979895
v 0.02511666 -0.00311682 0.17974792
v 0.02480231 -0.00300778 0.17978642
v 0.02478879 -0.00336972 0.17974219
v 0.02512779 -0.00352844 0.17969284
v 0.02481387 -0.00377426 0.17968253
v 0.02513531 -0.00393076 0.17963086
v 0.02545075 -0.00369217 0.17964125
v 0.02545742 -0.00328021 0.17969856
v 0.02576554 -0.00347516 0.17964539
v 0.02610466 -0.00329575 0.17963885
v 0.02603800 -0.00369849 0.17958632
v 0.02639923 -0.00352292 0.17957738
v 0.02644319 -0.00311536 0.17963066
v 0.02674883 -0.00329648 0.17957504
v 0.02672880 -0.00372095 0.17951294
v 0.02632675 -0.00400375 0.17950638
v 0.02673874 -0.00414099 0.17943982
v 0.02701206 -0.00387997 0.17945764
v 0.02714179 -0.00347476 0.17950719
v 0.02734018 -0.00386462 0.17942464
v 0.02710609 -0.00419229 0.17939169
v 0.02741713 -0.00418140 0.17935989
v 0.02771577 -0.00394583 0.17936870
v 0.02788069 -0.00368170 0.17939554
v 0.02811379 -0.00382446 0.17934286
v 0.02796394 -0.00420438 0.17929160
v 0.02813517 -0.00445862 0.17921786
v 0.02786658 -0.00449609 0.17924464
v 0.02764495 -0.00434921 0.17930103
v 0.02762641 -0.00471057 0.17922540
v 0.02795707 -0.00475061 0.17917542
v 0.02771676 -0.00511093 0.17911786
v 0.02814024 -0.00501428 0.17908569
v 0.02825073 -0.00470407 0.17914662
v 0.02855030 -0.00484515 0.17906772
v 0.02837133 -0.00532550 0.17896994
v 0.02874555 -0.00515115 0.17896066
v 0.02898287 -0.00484381 0.17900284
v 0.02927781 -0.00453369 0.17903244
v 0.02935439 -0.00489316 0.17893118
v 0.02907355 -0.00520819 0.17889342
v 0.02947487 -0.00527206 0.17880801
v 0.02972153 -0.00488828 0.17887019
v 0.02958751 -0.00460315 0.17896556
v 0.02997095 -0.00447394 0.17893008
v 0.02960567 -0.00421896 0.17905159
v 0.02997723 -0.00405844 0.17902597
v 0.03036992 -0.00407175 0.17895453
v 0.03042936 -0.00456467 0.17882562
v 0.03009462 -0.00490182 0.17879984
v 0.03048236 -0.00502457 0.17869397
v 0.03081528 -0.00469104 0.17872192
v 0.03083310 -0.00421570 0.17883842
v 0.03112449 -0.00446115 0.17872379
v 0.03128558 -0.00409827 0.17878351
v 0.03106868 -0.00377713 0.17889644
v 0.03072597 -0.00383615 0.17894539
v 0.03085711 -0.00354016 0.17898419
v 0.03079054 -0.00320435 0.17905835
v 0.03145143 -0.00287534 0.17899799
v 0.03165059 -0.00323444 0.17890195
v 0.03180339 -0.00285580 0.17893864
v 0.03198656 -0.00260602 0.17894162
v 0.03210658 -0.00287161 0.17887785
v 0.03227380 -0.00256152 0.17888878
v 0.03205537 -0.00229422 0.17896881
v 0.03239816 -0.00217508 0.17891176
v 0.03260869 -0.00248715 0.17882718
v 0.03276454 -0.00210822 0.17884048
v 0.03293795 -0.00242474 0.17876236
v 0.03315979 -0.00205975 0.17875555
v 0.03291444 -0.00177625 0.17884320
v 0.03255399 -0.00172220 0.17892593
v 0.03286568 -0.00143295 0.17888525
v 0.03321607 -0.00155524 0.17879443
v 0.03308064 -0.00122815 0.17885367
v 0.03360225 -0.00141843 0.17871307
v 0.03351984 -0.00183508 0.17869441
v 0.03384094 -0.00169260 0.17862854
v 0.03394739 -0.00132227 0.17863297
v 0.03408957 -0.00097366 0.17861905
v 0.03424466 -0.00127161 0.17855618
v 0.03442252 -0.00099622 0.17852383
v 0.03424043 -0.00058521 0.17859517
v 0.03463945 -0.00065921 0.17847775
v 0.03472330 -0.00102643 0.17843439
v 0.03482513 -0.00083435 0.17841592
v 0.03489703 -0.00066541 0.17839969
v 0.03486250 -0.00028656 0.17841879
v 0.03448426 -0.00021881 0.17853427
v 0.03467928 0.00011655 0.17847974
v 0.03497720 0.00012750 0.17838538
v 0.03480968 0.00041833 0.17843625
v 0.03458422 0.00041672 0.17850655
v 0.03434000 0.00024164 0.17857776
v 0.03516377 0.00016919 0.17832326
v 0.03522467 -0.00014575 0.17830107
v 0.03533577 0.00020160 0.17825998
v 0.03546981 -0.00004074 0.17821277
v 0.03569859 -0.00018637 0.17811827
v 0.03547523 -0.00027151 0.17820937
v 0.03559319 -0.00047937 0.17815637
v 0.03586857 -0.00063437 0.17802974
v 0.03596120 -0.00022192 0.17800443
v 0.03620914 -0.00038190 0.17788342
v 0.03623100 -0.00089938 0.17784656
v 0.03654363 -0.00059818 0.17770206
v 0.03643859 -0.00021057 0.17777661
v 0.03628307 -0.00005615 0.17785966
v 0.03611214 -0.00005219 0.17794022
v 0.03618941 0.00025345 0.17790274
v 0.03644762 0.00011026 0.17777734
v 0.03640443 0.00047672 0.17779428
v 0.03637344 0.00086713 0.17779146
v 0.03656661 0.00064737 0.17770607
v 0.03665706 0.00032428 0.17766621
v 0.03676200 0.00063748 0.17759891
v 0.03661732 0.00092947 0.17766055
v 0.03684998 0.00094250 0.17752612
v 0.03668528 0.00125854 0.17759180
v 0.03644402 0.00122137 0.17772585
v 0.03624277 0.00116501 0.17783279
v 0.03623141 0.00147327 0.17780478
v 0.03649196 0.00163168 0.17765060
v 0.03617005 0.00188626 0.17778104
v 0.03640373 0.00211441 0.17762576
v 0.03672421 0.00191983 0.17748108
v 0.03659623 0.00238995 0.17747205
v 0.03687795 0.00222177 0.17733897
v 0.03678550 0.00261789 0.17731689
v 0.03649993 0.00287003 0.17743022
v 0.03626431 0.00259006 0.17761499
v 0.03618997 0.00305734 0.17755969
v 0.03635566 0.00321347 0.17743420
v 0.03614906 0.00345822 0.17747911
v 0.03673896 0.00298315 0.17726407
v 0.03693485 0.00278650 0.17718483
v 0.03692361 0.00309967 0.17711194
v 0.03716450 0.00277631 0.17702380
v 0.03704290 0.00244977 0.17718616
v 0.03733823 0.00225058 0.17701772
v 0.03744016 0.00262134 0.17685374
v 0.03756274 0.00230801 0.17683112
v 0.03765932 0.00251495 0.17669861
v 0.03733450 0.00300409 0.17683527
v 0.03776331 0.00215292 0.17669109
v 0.03759199 0.00199518 0.17687134
v 0.03777132 0.00182330 0.17675008
v 0.03790587 0.00187265 0.17661598
v 0.03799314 0.00214276 0.17646619
v 0.03782885 0.00240662 0.17657103
v 0.03792866 0.00249008 0.17644720
v 0.03816527 0.00188504 0.17633797
v 0.03805901 0.00173953 0.17648691
v 0.03823283 0.00157227 0.17632599
v 0.03810930 0.00145892 0.17648413
v 0.03822965 0.00123303 0.17638138
v 0.03828587 0.00094492 0.17634055
v 0.03824855 0.00067310 0.17639281
v 0.00291856 0.01171600 0.17591852
v 0.00277272 0.01183795 0.17576436
v 0.00299835 0.01187946 0.17571924
v 0.00319571 0.01176135 0.17587228
v 0.00313659 0.01156680 0.17609486
v 0.00337930 0.01165979 0.17599577
v 0.00350068 0.01181570 0.17580540
v 0.00324546 0.01190756 0.17568800
v 0.00344482 0.01203079 0.17551846
v 0.00372383 0.01193387 0.17565164
v 0.00381626 0.01209924 0.17542053
v 0.00353207 0.01221564 0.17524660
v 0.00332016 0.01233249 0.17505193
v 0.00378898 0.01225693 0.17518379
v 0.00416860 0.01205151 0.17548242
v 0.00397390 0.01194293 0.17563602
v 0.00388885 0.01176120 0.17586684
v 0.00388748 0.01156985 0.17609335
v 0.00397443 0.01144327 0.17622983
v 0.00371306 0.01143628 0.17624066
v 0.00389776 0.01131390 0.17636337
v 0.00398026 0.01114188 0.17652399
v 0.00367864 0.01121371 0.17645969
v 0.00378432 0.01101324 0.17664056
v 0.00437361 0.01087537 0.17675790
v 0.00455791 0.01096396 0.17667905
v 0.00462677 0.01076218 0.17685089
v 0.00430698 0.01066132 0.17693381
v 0.00454824 0.01053433 0.17703581
v 0.00483530 0.01054825 0.17702214
v 0.00840128 0.01004691 0.17736028
v 0.00871254 0.01014856 0.17728311
v 0.00900479 0.01023962 0.17721220
v 0.00962641 0.00952844 0.17769098
v 0.01017685 0.00971466 0.17756537
v 0.01014591 0.00995496 0.17740370
v 0.00977761 0.00928336 0.17784067
v 0.00955198 0.00926514 0.17785400
v 0.00966971 0.00905521 0.17797363
v 0.00952085 0.00884015 0.17809253
v 0.00952352 0.00856406 0.17823511
v 0.00977759 0.00844159 0.17829478
v 0.00942346 0.00787579 0.17856123
v 0.00992804 0.00817758 0.17842032
v 0.01030153 0.00730331 0.17880083
v 0.01039187 0.00748376 0.17872716
v 0.01062885 0.00754529 0.17869989
v 0.01074948 0.00781342 0.17858328
v 0.01061305 0.00805032 0.17847668
v 0.01089622 0.00809805 0.17845120
v 0.01107592 0.00779828 0.17858476
v 0.01141052 0.00787650 0.17854312
v 0.01130572 0.00760498 0.17866391
v 0.01137320 0.00728275 0.17879330
v 0.01126156 0.00698218 0.17891194
v 0.01126099 0.00670547 0.17901100
v 0.01117974 0.00629214 0.17914964
v 0.01100477 0.00664389 0.17903574
v 0.01080765 0.00644620 0.17910345
v 0.01083934 0.00612622 0.17920584
v 0.01101162 0.00584000 0.17929120
v 0.01134751 0.00588895 0.17927466
v 0.01158454 0.00534930 0.17943146
v 0.01172497 0.00513748 0.17948892
v 0.01195916 0.00507126 0.17950417
v 0.01176106 0.00481644 0.17957170
v 0.01212229 0.00474207 0.17958694
v 0.01234826 0.00448904 0.17964700
v 0.01213836 0.00437854 0.17967575
v 0.01234593 0.00413437 0.17972809
v 0.01202809 0.00410327 0.17973837
v 0.01184723 0.00441803 0.17966859
v 0.01174969 0.00408118 0.17974507
v 0.01164249 0.00428506 0.17970120
v 0.01148441 0.00412524 0.17973595
v 0.01158610 0.00377979 0.17980688
v 0.01137563 0.00343991 0.17987146
v 0.01116919 0.00306653 0.17993761
v 0.01154095 0.00303885 0.17994133
v 0.01174473 0.00341364 0.17987537
v 0.01188200 0.00304901 0.17993805
v 0.01174537 0.00259683 0.18001086
v 0.01252382 0.00312167 0.17992242
v 0.01257103 0.00275116 0.17998334
v 0.01247274 0.00234698 0.18004425
v 0.01276793 0.00255002 0.18001306
v 0.01282645 0.00219342 0.18006381
v 0.01354846 0.00202164 0.18008142
v 0.01343471 0.00173822 0.18011874
v 0.01347503 0.00145673 0.18015091
v 0.01421376 0.00160257 0.18012743
v 0.01435526 0.00120987 0.18016808
v 0.01449574 0.00085480 0.18019861
v 0.01467837 0.00116882 0.18016898
v 0.01477715 0.00085895 0.18019501
v 0.01466565 0.00053940 0.18021989
v 0.01452929 0.00018011 0.18024304
v 0.01483932 0.00022940 0.18023579
v 0.01502397 0.00062335 0.18020819
v 0.01517079 0.00020538 0.18023074
v 0.01542187 0.00054718 0.18020654
v 0.01527101 0.00087482 0.18018594
v 0.01550823 0.00089636 0.18018015
v 0.01502211 0.00110748 0.18016934
v 0.01524684 -0.00014890 0.18024454
v 0.01548571 -0.00038684 0.18024661
v 0.01508497 -0.00054367 0.18025792
v 0.01503418 -0.00103180 0.18026466
v 0.01477357 -0.00080792 0.18026764
v 0.01470518 -0.00118790 0.18026987
v 0.01442436 -0.00135855 0.18027266
v 0.01467816 -0.00166769 0.18026414
v 0.01427985 -0.00173590 0.18026892
v 0.01446926 -0.00209052 0.18025581
v 0.01507122 -0.00174283 0.18025627
v 0.01494987 -0.00139789 0.18026486
v 0.01546624 -0.00175739 0.18024857
v 0.01522438 -0.00211731 0.18024203
v 0.01550663 -0.00214789 0.18023523
v 0.01575912 -0.00199622 0.18023532
v 0.01582710 -0.00162369 0.18024438
v 0.01561468 -0.00131326 0.18025319
v 0.01615510 -0.00155316 0.18023712
v 0.01602460 -0.00186807 0.18023311
v 0.01601765 -0.00219962 0.18021967
v 0.01784551 -0.00309351 0.18010999
v 0.01908640 -0.00295401 0.18008734
v 0.01933248 -0.00276324 0.18009613
v 0.01958270 -0.00220361 0.18012582
v 0.01960964 -0.00254507 0.18010448
v 0.01988218 -0.00228366 0.18011359
v 0.01988019 -0.00265207 0.18008954
v 0.02014934 -0.00251419 0.18009157
v 0.02019368 -0.00218530 0.18010962
v 0.02047978 -0.00235324 0.18009064
v 0.02036220 -0.00269461 0.18007175
v 0.02066706 -0.00272696 0.18005794
v 0.02079269 -0.00240234 0.18007761
v 0.02104802 -0.00224570 0.18007722
v 0.02100298 -0.00260349 0.18005540
v 0.02120259 -0.00286258 0.18002504
v 0.02092203 -0.00289984 0.18003378
v 0.02104515 -0.00313522 0.18000481
v 0.02069128 -0.00316641 0.18001511
v 0.02096821 -0.00352185 0.17996243
v 0.02136905 -0.00402997 0.17987724
v 0.02171258 -0.00405283 0.17985968
v 0.02184076 -0.00377164 0.17989467
v 0.02185431 -0.00346030 0.17993198
v 0.02196320 -0.00300595 0.17997594
v 0.02164874 -0.00276318 0.18001431
v 0.02141926 -0.00283212 0.18001826
v 0.02173097 -0.00244247 0.18003754
v 0.02195267 -0.00259402 0.18001608
v 0.02196729 -0.00229120 0.18003827
v 0.02211928 -0.00242828 0.18002188
v 0.02228456 -0.00262820 0.17999548
v 0.02234829 -0.00301361 0.17995561
v 0.02257569 -0.00326437 0.17991507
v 0.02293867 -0.00317331 0.17990308
v 0.02281125 -0.00354581 0.17986603
v 0.02243749 -0.00368225 0.17987198
v 0.02272594 -0.00391946 0.17981915
v 0.02244852 -0.00402072 0.17982326
v 0.02259723 -0.00426880 0.17977182
v 0.02298963 -0.00420999 0.17975330
v 0.02275766 -0.00460638 0.17969839
v 0.02311461 -0.00458243 0.17967706
v 0.02336256 -0.00431903 0.17970740
v 0.02329744 -0.00398267 0.17976859
v 0.02306951 -0.00378174 0.17981546
v 0.02347246 -0.00357846 0.17981435
v 0.02359105 -0.00401773 0.17974138
v 0.02386577 -0.00376575 0.17975897
v 0.02391221 -0.00334021 0.17981308
v 0.02416701 -0.00357489 0.17976274
v 0.02448078 -0.00364053 0.17972876
v 0.02453799 -0.00399500 0.17966991
v 0.02480894 -0.00417401 0.17961690
v 0.02484451 -0.00464499 0.17952518
v 0.02441680 -0.00486481 0.17951697
v 0.02467991 -0.00514395 0.17943652
v 0.02459551 -0.00555191 0.17935233
v 0.02490122 -0.00538895 0.17936438
v 0.02488609 -0.00569241 0.17929420
v 0.02518541 -0.00549017 0.17931436
v 0.02515662 -0.00505765 0.17941324
v 0.02553834 -0.00528348 0.17932767
v 0.02561593 -0.00486801 0.17941107
v 0.02532699 -0.00457281 0.17949757
v 0.02512092 -0.00428958 0.17956998
v 0.02548575 -0.00411862 0.17956798
v 0.02573440 -0.00444952 0.17948427
v 0.02589861 -0.00407349 0.17953786
v 0.02607379 -0.00434998 0.17947021
v 0.02572847 -0.00381277 0.17959807
v 0.02640429 -0.00451056 0.17940378
v 0.02600111 -0.00470575 0.17940714
v 0.02623970 -0.00491803 0.17933679
v 0.02593416 -0.00512936 0.17932281
v 0.02684192 -0.00533237 0.17917009
v 0.02697155 -0.00486652 0.17926617
v 0.02684915 -0.00453033 0.17935242
v 0.02727363 -0.00454846 0.17930154
v 0.02729340 -0.00499881 0.17919765
v 0.02732454 -0.00541422 0.17909067
v 0.02702559 -0.00575687 0.17903709
v 0.02676362 -0.00568234 0.17909126
v 0.02668900 -0.00594244 0.17902802
v 0.02691519 -0.00610205 0.17895230
v 0.02725495 -0.00607269 0.17891515
v 0.02738404 -0.00573892 0.17899582
v 0.02763061 -0.00590466 0.17891306
v 0.02753202 -0.00620929 0.17883331
v 0.02789744 -0.00615659 0.17879405
v 0.02802961 -0.00570197 0.17891451
v 0.02768001 -0.00553683 0.17901138
v 0.02798863 -0.00533963 0.17902225
v 0.02839347 -0.00568930 0.17886458
v 0.02823852 -0.00594809 0.17880972
v 0.02857874 -0.00593704 0.17875945
v 0.02874362 -0.00552481 0.17885745
v 0.02890206 -0.00579608 0.17875151
v 0.02913225 -0.00555365 0.17878590
v 0.02917293 -0.00587207 0.17868028
v 0.02941881 -0.00563760 0.17871033
v 0.02977582 -0.00553537 0.17867633
v 0.02983807 -0.00517596 0.17877182
v 0.03011614 -0.00527362 0.17869252
v 0.03010488 -0.00557251 0.17860374
v 0.03039186 -0.00542090 0.17859486
v 0.03068074 -0.00527808 0.17858151
v 0.03083700 -0.00502991 0.17862419
v 0.03102304 -0.00530652 0.17850067
v 0.03117483 -0.00484073 0.17861049
v 0.03137658 -0.00510437 0.17849130
v 0.03153003 -0.00482883 0.17854208
v 0.03150440 -0.00445218 0.17865190
v 0.03183798 -0.00464655 0.17852946
v 0.03189287 -0.00426086 0.17862543
v 0.03167131 -0.00401825 0.17873061
v 0.03187326 -0.00367429 0.17877274
v 0.03173765 -0.00348181 0.17884012
v 0.03191853 -0.00335672 0.17883075
v 0.03192973 -0.00309903 0.17887589
v 0.03215897 -0.00317142 0.17881680
v 0.03214835 -0.00347269 0.17876096
v 0.03236343 -0.00329224 0.17875026
v 0.03240014 -0.00356827 0.17868546
v 0.03216270 -0.00376624 0.17869366
v 0.03239445 -0.00385016 0.17862225
v 0.03269400 -0.00370767 0.17858392
v 0.03251682 -0.00413620 0.17852022
v 0.03288206 -0.00402524 0.17846172
v 0.03307211 -0.00369330 0.17849490
v 0.03295160 -0.00335843 0.17859846
v 0.03262434 -0.00331335 0.17868552
v 0.03284877 -0.00301663 0.17868961
v 0.03247406 -0.00293002 0.17878899
v 0.03278967 -0.00271829 0.17875389
v 0.03306691 -0.00272855 0.17868739
v 0.03322344 -0.00244174 0.17869260
v 0.03341514 -0.00271948 0.17860233
v 0.03317155 -0.00304498 0.17860669
v 0.03344759 -0.00307281 0.17853186
v 0.03374377 -0.00291370 0.17848303
v 0.03370972 -0.00255603 0.17855357
v 0.03352473 -0.00227209 0.17864113
v 0.03386726 -0.00227850 0.17855304
v 0.03398412 -0.00259219 0.17847382
v 0.03417791 -0.00227420 0.17846713
v 0.03403100 -0.00196304 0.17854877
v 0.03375948 -0.00200894 0.17861613
v 0.03416926 -0.00160455 0.17854800
v 0.03435424 -0.00191556 0.17846175
v 0.03458015 -0.00145914 0.17844168
v 0.03463023 -0.00190860 0.17838107
v 0.03451917 -0.00228018 0.17836569
v 0.03481665 -0.00211853 0.17829666
v 0.03479411 -0.00249762 0.17824623
v 0.03504346 -0.00227103 0.17819846
v 0.03502839 -0.00198260 0.17824593
v 0.03486564 -0.00176663 0.17832416
v 0.03516087 -0.00171094 0.17823224
v 0.03495866 -0.00141629 0.17832870
v 0.03482575 -0.00122220 0.17838913
v 0.03502845 -0.00098544 0.17833902
v 0.03527209 -0.00135071 0.17822711
v 0.03533193 -0.00101703 0.17823154
v 0.03527950 -0.00077362 0.17826508
v 0.03511409 -0.00056049 0.17833080
v 0.03537330 -0.00050510 0.17824146
v 0.03553334 -0.00079898 0.17816614
v 0.03552973 -0.00117468 0.17814404
v 0.03573349 -0.00100732 0.17807140
v 0.03575806 -0.00132880 0.17803641
v 0.03552896 -0.00154327 0.17811191
v 0.03578247 -0.00168500 0.17798871
v 0.03599225 -0.00146198 0.17791866
v 0.03602493 -0.00184003 0.17785751
v 0.03624893 -0.00156287 0.17778445
v 0.03615677 -0.00125443 0.17786093
v 0.03596031 -0.00109802 0.17796399
v 0.03633273 -0.00124783 0.17777412
v 0.03651966 -0.00107922 0.17768741
v 0.03648819 -0.00144131 0.17767418
v 0.03671471 -0.00133475 0.17755753
v 0.03678419 -0.00095190 0.17754913
v 0.03690506 -0.00053662 0.17750381
v 0.03669061 -0.00012677 0.17764247
v 0.03697250 -0.00011584 0.17748083
v 0.03684244 0.00013885 0.17756451
v 0.03701345 0.00022723 0.17746059
v 0.03685875 0.00038477 0.17755347
v 0.03699907 0.00059460 0.17745782
v 0.03719553 0.00035669 0.17733820
v 0.03718813 0.00000323 0.17734531
v 0.03737503 0.00014996 0.17721356
v 0.03737360 0.00050485 0.17720459
v 0.03719911 0.00065884 0.17732346
v 0.03732010 0.00088354 0.17722005
v 0.03708670 0.00095258 0.17737631
v 0.03692625 0.00127963 0.17744751
v 0.03720158 0.00135339 0.17725850
v 0.03695107 0.00162366 0.17739153
v 0.03675954 0.00154333 0.17751653
v 0.03696290 0.00190839 0.17734372
v 0.03710871 0.00173325 0.17727715
v 0.03713332 0.00203931 0.17720898
v 0.03727497 0.00173779 0.17716188
v 0.03730013 0.00196762 0.17710742
v 0.03743789 0.00183942 0.17702359
v 0.03765334 0.00159134 0.17688696
v 0.03744400 0.00148895 0.17706970
v 0.03760272 0.00128482 0.17697073
v 0.03746854 0.00112265 0.17709027
v 0.03765133 0.00101547 0.17695465
v 0.03777504 0.00120224 0.17682991
v 0.03782243 0.00075830 0.17681819
v 0.03797347 0.00105954 0.17666010
v 0.03806243 0.00067444 0.17659308
v 0.03815159 0.00097247 0.17648953
v 0.03808150 0.00124557 0.17654018
v 0.03792056 0.00149994 0.17666153
v 0.03819019 0.00031778 0.17646474
v 0.03796035 0.00026205 0.17670514
v 0.03814363 -0.00006314 0.17652301
v 0.03811112 -0.00043500 0.17655945
v 0.03822807 -0.00059015 0.17642575
v 0.03815282 -0.00069846 0.17650595
v 0.00301397 0.01139893 0.17626889
v 0.00325653 0.01137955 0.17629578
v 0.00309434 0.01122729 0.17643808
v 0.00337313 0.01120352 0.17646715
v 0.00320656 0.01101685 0.17662952
v 0.00351546 0.01101114 0.17664041
v 0.00335916 0.01079590 0.17681801
v 0.00369387 0.01080301 0.17681601
v 0.00351808 0.01055347 0.17701099
v 0.00430679 0.01035208 0.17717195
v 0.00398313 0.01025040 0.17724323
v 0.00366829 0.01029221 0.17720851
v 0.00381796 0.01003635 0.17739133
v 0.00352286 0.01007144 0.17736256
v 0.00360519 0.00982193 0.17753000
v 0.00432530 0.00933670 0.17783881
v 0.00454339 0.00949030 0.17775272
v 0.00465281 0.00971634 0.17761548
v 0.00446885 0.00989087 0.17750049
v 0.00467554 0.00993829 0.17747144
v 0.00452016 0.01010861 0.17735190
v 0.00466714 0.01033194 0.17719046
v 0.00481305 0.01010956 0.17735220
v 0.00498117 0.01032025 0.17719693
v 0.00836642 0.00981595 0.17752045
v 0.00864527 0.00987488 0.17747696
v 0.00851969 0.00962134 0.17764529
v 0.00867909 0.00941171 0.17777246
v 0.01013290 0.00696152 0.17892984
v 0.01032097 0.00676801 0.17899774
v 0.01049641 0.00649673 0.17908856
v 0.01035805 0.00706525 0.17889136
v 0.01053514 0.00726987 0.17881177
v 0.01081390 0.00731680 0.17878995
v 0.01105100 0.00713614 0.17885693
v 0.01108169 0.00745657 0.17873001
v 0.01087004 0.00758820 0.17867953
v 0.01105898 0.00687396 0.17895502
v 0.01060918 0.00621490 0.17917952
v 0.01148873 0.00451141 0.17964742
v 0.01053922 0.00330621 0.17989545
v 0.01084109 0.00306314 0.17993835
v 0.01056870 0.00274911 0.17998915
v 0.01096794 0.00269833 0.17999805
v 0.01132916 0.00266260 0.18000293
v 0.01112040 0.00236813 0.18004794
v 0.01109413 0.00199802 0.18009839
v 0.01110628 0.00156107 0.18015109
v 0.01134698 0.00180362 0.18012256
v 0.01143158 0.00220255 0.18007007
v 0.01162416 0.00183185 0.18011823
v 0.01176154 0.00215280 0.18007578
v 0.01258872 0.00195816 0.18009680
v 0.01334408 0.00120828 0.18017744
v 0.01335888 0.00086374 0.18020801
v 0.01340125 0.00048355 0.18023697
v 0.01348528 0.00014868 0.18025690
v 0.01365201 0.00038821 0.18024182
v 0.01364738 0.00071112 0.18021858
v 0.01388292 0.00088928 0.18020186
v 0.01378003 0.00010455 0.18025598
v 0.01385286 -0.00022342 0.18026891
v 0.01357871 -0.00018448 0.18027094
v 0.01368580 -0.00055426 0.18028026
v 0.01354941 -0.00091931 0.18028664
v 0.01346951 -0.00068405 0.18028627
v 0.01330350 -0.00123154 0.18028880
v 0.01368123 -0.00133060 0.18028302
v 0.01415494 -0.00213461 0.18025943
v 0.01431716 -0.00232800 0.18024930
v 0.01487323 -0.00255038 0.18022739
v 0.01510286 -0.00271796 0.18021317
v 0.01516018 -0.00307355 0.18018492
v 0.01533601 -0.00283340 0.18020055
v 0.01537086 -0.00248853 0.18022133
v 0.01508377 -0.00240692 0.18023212
v 0.01541667 -0.00306830 0.18018008
v 0.01561260 -0.00319495 0.18016313
v 0.01534509 -0.00342075 0.18014861
v 0.01606463 -0.00360361 0.18011011
v 0.01585361 -0.00396475 0.18007611
v 0.01611854 -0.00388022 0.18007942
v 0.01620219 -0.00416422 0.18004141
v 0.01586200 -0.00440775 0.18001880
v 0.01565052 -0.00418927 0.18005420
v 0.01551187 -0.00442416 0.18002533
v 0.01567153 -0.00473718 0.17997580
v 0.01593164 -0.00475183 0.17996658
v 0.01609144 -0.00495935 0.17992737
v 0.01582031 -0.00503461 0.17992294
v 0.01605509 -0.00532880 0.17986197
v 0.01566224 -0.00537500 0.17986502
v 0.01583509 -0.00570718 0.17979446
v 0.01621716 -0.00573685 0.17977582
v 0.01632373 -0.00541696 0.17983688
v 0.01658636 -0.00553497 0.17980444
v 0.01680765 -0.00521002 0.17985889
v 0.01640070 -0.00436896 0.18000827
v 0.01720389 -0.00468015 0.17993579
v 0.01778518 -0.00417358 0.17999269
v 0.01782681 -0.00379419 0.18003937
v 0.01773417 -0.00343781 0.18008133
v 0.01803516 -0.00341495 0.18007483
v 0.01819236 -0.00373169 0.18003598
v 0.01831636 -0.00342899 0.18006540
v 0.01845902 -0.00364825 0.18003712
v 0.01930121 -0.00309308 0.18006883
v 0.01972098 -0.00339810 0.18002441
v 0.01994027 -0.00323676 0.18003532
v 0.02009696 -0.00291144 0.18006157
v 0.02026658 -0.00331076 0.18001544
v 0.01995410 -0.00355646 0.17999863
v 0.02021379 -0.00373389 0.17996640
v 0.02055165 -0.00360040 0.17996992
v 0.02041699 -0.00296295 0.18004648
v 0.02043110 -0.00399664 0.17992050
v 0.02073809 -0.00386597 0.17992705
v 0.02070785 -0.00423871 0.17987186
v 0.02125178 -0.00480243 0.17975175
v 0.02147627 -0.00461887 0.17977541
v 0.02148588 -0.00431290 0.17982857
v 0.02174808 -0.00441144 0.17979926
v 0.02177252 -0.00476370 0.17973224
v 0.02204717 -0.00451947 0.17976302
v 0.02199279 -0.00419260 0.17982382
v 0.02196702 -0.00393723 0.17986562
v 0.02220194 -0.00396628 0.17984741
v 0.02208573 -0.00369659 0.17989174
v 0.02221110 -0.00335486 0.17992589
v 0.02227844 -0.00426056 0.17979515
v 0.02238136 -0.00458762 0.17972867
v 0.02210842 -0.00489255 0.17968613
v 0.02249763 -0.00496927 0.17964461
v 0.02296369 -0.00501166 0.17960193
v 0.02260084 -0.00536353 0.17955376
v 0.02293868 -0.00550150 0.17949745
v 0.02265480 -0.00567368 0.17948010
v 0.02283724 -0.00592307 0.17940437
v 0.02323730 -0.00573770 0.17941798
v 0.02333659 -0.00528912 0.17951364
v 0.02372934 -0.00514948 0.17951309
v 0.02349772 -0.00475815 0.17961340
v 0.02399783 -0.00478012 0.17956906
v 0.02379168 -0.00456592 0.17963005
v 0.02368256 -0.00435519 0.17967751
v 0.02386294 -0.00409756 0.17970822
v 0.02398689 -0.00436453 0.17965138
v 0.02431658 -0.00630179 0.17918161
v 0.02455638 -0.00608859 0.17922083
v 0.02463712 -0.00584833 0.17927740
v 0.02484128 -0.00601761 0.17921407
v 0.02515308 -0.00584631 0.17922925
v 0.02513144 -0.00623477 0.17912381
v 0.02539736 -0.00596997 0.17917166
v 0.02547381 -0.00566187 0.17924393
v 0.02570480 -0.00588647 0.17915999
v 0.02586040 -0.00548383 0.17924696
v 0.02601884 -0.00531332 0.17927263
v 0.02608835 -0.00577823 0.17914439
v 0.02649485 -0.00569019 0.17912056
v 0.02632181 -0.00607321 0.17903439
v 0.02660837 -0.00633850 0.17891861
v 0.02616181 -0.00647531 0.17893167
v 0.02641261 -0.00673053 0.17881668
v 0.02675910 -0.00664172 0.17880008
v 0.02699409 -0.00638983 0.17885100
v 0.02712514 -0.00677786 0.17869882
v 0.02729717 -0.00639371 0.17880708
v 0.02757546 -0.00650848 0.17872552
v 0.02761472 -0.00693665 0.17856421
v 0.02723149 -0.00715872 0.17854297
v 0.02746837 -0.00738971 0.17841266
v 0.02783622 -0.00721527 0.17841995
v 0.02807945 -0.00692642 0.17849153
v 0.02798103 -0.00656412 0.17864169
v 0.02842539 -0.00659766 0.17855664
v 0.02841681 -0.00695410 0.17842262
v 0.02877442 -0.00680066 0.17841797
v 0.02882990 -0.00641873 0.17855267
v 0.02860086 -0.00625861 0.17864946
v 0.02828805 -0.00624573 0.17870418
v 0.02887670 -0.00608322 0.17866257
v 0.02916865 -0.00620468 0.17856793
v 0.02912646 -0.00655475 0.17844737
v 0.02946704 -0.00634143 0.17846127
v 0.02941437 -0.00670398 0.17833136
v 0.02978247 -0.00647058 0.17834810
v 0.02977104 -0.00615622 0.17846964
v 0.02953146 -0.00594553 0.17858917
v 0.02993652 -0.00585724 0.17854175
v 0.03013074 -0.00615594 0.17839601
v 0.03029643 -0.00576602 0.17850121
v 0.03054426 -0.00597839 0.17837473
v 0.03066100 -0.00559952 0.17848161
v 0.03139895 -0.00544489 0.17837613
v 0.03143458 -0.00576584 0.17825858
v 0.03131984 -0.00603595 0.17818416
v 0.03164316 -0.00594891 0.17814352
v 0.03178190 -0.00555386 0.17825470
v 0.03198334 -0.00583014 0.17810959
v 0.03212386 -0.00554886 0.17817928
v 0.03212878 -0.00523279 0.17828387
v 0.03174655 -0.00509204 0.17841461
v 0.03215750 -0.00482068 0.17840710
v 0.03218412 -0.00441504 0.17852026
v 0.03249923 -0.00455109 0.17840901
v 0.03218728 -0.00406586 0.17861462
v 0.03195960 -0.00395840 0.17869003
v 0.03276043 -0.00432858 0.17841115
v 0.03282741 -0.00462027 0.17830963
v 0.03253536 -0.00497644 0.17826996
v 0.03297951 -0.00494632 0.17816830
v 0.03311080 -0.00460663 0.17824167
v 0.03306470 -0.00430273 0.17834184
v 0.03330413 -0.00442667 0.17824287
v 0.03338092 -0.00412665 0.17830490
v 0.03316972 -0.00397464 0.17840204
v 0.03343617 -0.00371838 0.17839323
v 0.03370956 -0.00396884 0.17825279
v 0.03380804 -0.00357559 0.17832536
v 0.03361024 -0.00331277 0.17843956
v 0.03392558 -0.00322153 0.17837335
v 0.03409476 -0.00291418 0.17838663
v 0.03417664 -0.00316895 0.17831369
v 0.03442683 -0.00297162 0.17827640
v 0.03429434 -0.00261127 0.17838190
v 0.03454553 -0.00263010 0.17830396
v 0.03467789 -0.00278571 0.17823454
v 0.03473883 -0.00304019 0.17816090
v 0.03486850 -0.00278439 0.17817026
v 0.03506553 -0.00260739 0.17813284
v 0.03505009 -0.00298624 0.17806169
v 0.03531987 -0.00272745 0.17801390
v 0.03529739 -0.00237268 0.17808804
v 0.03523914 -0.00204285 0.17816252
v 0.03548840 -0.00210629 0.17805640
v 0.03560767 -0.00247614 0.17794553
v 0.03577206 -0.00208575 0.17793872
v 0.03559713 -0.00184662 0.17804941
v 0.03539629 -0.00180963 0.17813522
v 0.03534291 -0.00160416 0.17817984
v 0.03582468 -0.00235443 0.17787460
v 0.03585053 -0.00256564 0.17782498
v 0.03571687 -0.00270428 0.17785846
v 0.03583163 -0.00288571 0.17776685
v 0.03604630 -0.00268121 0.17770909
v 0.03605389 -0.00228696 0.17777646
v 0.03626917 -0.00255215 0.17762146
v 0.03633571 -0.00225607 0.17764105
v 0.03652222 -0.00244476 0.17750468
v 0.03653598 -0.00203842 0.17756790
v 0.03627766 -0.00195416 0.17771849
v 0.03644333 -0.00173663 0.17766380
v 0.03664617 -0.00168365 0.17755728
v 0.03679174 -0.00194736 0.17743170
v 0.03670684 -0.00224146 0.17743503
v 0.03690665 -0.00222855 0.17731020
v 0.03705098 -0.00188794 0.17727158
v 0.03687880 -0.00160007 0.17742813
v 0.03709709 -0.00149365 0.17730185
v 0.03724361 -0.00168237 0.17717026
v 0.03730538 -0.00133405 0.17717545
v 0.03713094 -0.00120447 0.17731645
v 0.03694695 -0.00124973 0.17742813
v 0.03705089 -0.00091119 0.17739441
v 0.03723287 -0.00103174 0.17726440
v 0.03723264 -0.00075165 0.17728702
v 0.03709409 -0.00065036 0.17738641
v 0.03717094 -0.00040121 0.17734547
v 0.03739844 -0.00055853 0.17717862
v 0.03737621 -0.00019836 0.17720966
v 0.03756799 -0.00034412 0.17705743
v 0.03753082 -0.00003952 0.17709387
v 0.03756023 0.00027167 0.17706549
v 0.03775259 -0.00007742 0.17690286
v 0.03773684 0.00038452 0.17691106
v 0.03756620 0.00070630 0.17704205
v 0.03798169 -0.00016266 0.17669191
v 0.03791704 -0.00050052 0.17674753
v 0.03805430 -0.00068106 0.17660965
v 0.03796474 -0.00081763 0.17668442
v 0.03810128 -0.00095337 0.17653021
v 0.03793465 -0.00111447 0.17667612
v 0.03808049 -0.00136807 0.17648737
v 0.03789129 -0.00147604 0.17666217
v 0.03800349 -0.00165817 0.17651913
v 0.03803175 -0.00192889 0.17642624
v 0.00298203 0.01050946 0.17703484
v 0.00274223 0.01027319 0.17720435
v 0.00321964 0.01058737 0.17698050
v 0.00273483 0.01002914 0.17737796
v 0.00271148 0.00981195 0.17752100
v 0.00303119 0.00967551 0.17761249
v 0.00409599 0.00917545 0.17792647
v 0.00374413 0.00830350 0.17836163
v 0.00420047 0.00747043 0.17871954
v 0.00439968 0.00774872 0.17861279
v 0.00439022 0.00798260 0.17851558
v 0.00451283 0.00819791 0.17842227
v 0.00476375 0.00820511 0.17842010
v 0.00465981 0.00840256 0.17833014
v 0.00438608 0.00849091 0.17828485
v 0.00466112 0.00863663 0.17821776
v 0.00445256 0.00875787 0.17815547
v 0.00434350 0.00900803 0.17802219
v 0.00464003 0.00890662 0.17808035
v 0.00464273 0.00922354 0.17790733
v 0.00488831 0.00902203 0.17801985
v 0.00485320 0.00877640 0.17814818
v 0.00512525 0.00908945 0.17798230
v 0.00496853 0.00928687 0.17787241
v 0.00479153 0.00949539 0.17775159
v 0.00486213 0.00966263 0.17765047
v 0.00492413 0.00985110 0.17752739
v 0.00594159 0.00858231 0.17824147
v 0.00600124 0.00827908 0.17838681
v 0.00617110 0.00853998 0.17826173
v 0.00687731 0.00788007 0.17856833
v 0.00747866 0.00838977 0.17833096
v 0.00758286 0.00807333 0.17848109
v 0.00775089 0.00828958 0.17837923
v 0.00780060 0.00860986 0.17821982
v 0.00741375 0.00877017 0.17813988
v 0.00769517 0.00892700 0.17805624
v 0.00749729 0.00905377 0.17798889
v 0.00789680 0.00948117 0.17773706
v 0.00808886 0.00929651 0.17784637
v 0.00839698 0.00936322 0.17780476
v 0.00829727 0.00912735 0.17794250
v 0.00776926 0.00780963 0.17859749
v 0.00975504 0.00476401 0.17959119
v 0.00949396 0.00465176 0.17961957
v 0.00945044 0.00433878 0.17969223
v 0.00919331 0.00447562 0.17966113
v 0.00924650 0.00488666 0.17956166
v 0.00895741 0.00472568 0.17960242
v 0.00890328 0.00439194 0.17967979
v 0.00906231 0.00425204 0.17971124
v 0.00957905 0.00407550 0.17974826
v 0.00973765 0.00382666 0.17979828
v 0.00984264 0.00409018 0.17974515
v 0.01020828 0.00350363 0.17985947
v 0.01042737 0.00360449 0.17984198
v 0.01025881 0.00255545 0.18001923
v 0.01019306 0.00219769 0.18007129
v 0.00986834 0.00201736 0.18009386
v 0.01016725 0.00177838 0.18012619
v 0.01047242 0.00198929 0.18009988
v 0.01045442 0.00235419 0.18004997
v 0.01046039 0.00155304 0.18015314
v 0.01042240 0.00117303 0.18019409
v 0.01055724 0.00084116 0.18022455
v 0.01090370 0.00080765 0.18022670
v 0.01116670 0.00110721 0.18019827
v 0.01147927 0.00142227 0.18016515
v 0.01119417 0.00073541 0.18023212
v 0.01132563 0.00046255 0.18025212
v 0.01177815 0.00124164 0.18018291
v 0.01219691 0.00105945 0.18019806
v 0.01339110 -0.00046359 0.18028162
v 0.01311269 -0.00254068 0.18025766
v 0.01374734 -0.00255835 0.18024677
v 0.01336859 -0.00292053 0.18023022
v 0.01398218 -0.00300632 0.18021216
v 0.01386642 -0.00276840 0.18023260
v 0.01417616 -0.00337158 0.18017715
v 0.01435821 -0.00368396 0.18014267
v 0.01404505 -0.00376987 0.18013960
v 0.01395408 -0.00417694 0.18009361
v 0.01497589 -0.00409299 0.18008131
v 0.01447330 -0.00474646 0.18000214
v 0.01448079 -0.00507919 0.17994794
v 0.01512630 -0.00544205 0.17986597
v 0.01536763 -0.00533838 0.17987964
v 0.01551127 -0.00504657 0.17992892
v 0.01494113 -0.00572354 0.17981508
v 0.01505446 -0.00601840 0.17975003
v 0.01497362 -0.00633325 0.17967920
v 0.01524277 -0.00618259 0.17970749
v 0.01527388 -0.00651566 0.17962592
v 0.01571620 -0.00600784 0.17973387
v 0.01597583 -0.00599951 0.17972787
v 0.01585805 -0.00628717 0.17966469
v 0.01625409 -0.00624948 0.17966051
v 0.01598352 -0.00648267 0.17961305
v 0.01613054 -0.00666565 0.17956030
v 0.01640095 -0.00658493 0.17957309
v 0.01662156 -0.00642453 0.17960548
v 0.01661010 -0.00613757 0.17967560
v 0.01689190 -0.00621811 0.17964478
v 0.01679249 -0.00587726 0.17972659
v 0.01649179 -0.00590903 0.17973059
v 0.01703604 -0.00552225 0.17979100
v 0.01714019 -0.00593112 0.17970108
v 0.01737677 -0.00567560 0.17974709
v 0.01741833 -0.00532883 0.17981482
v 0.01713192 -0.00508612 0.17987000
v 0.01747906 -0.00492795 0.17988559
v 0.01771586 -0.00516339 0.17983475
v 0.01783204 -0.00481198 0.17989264
v 0.01795122 -0.00443408 0.17994955
v 0.01819437 -0.00469717 0.17989822
v 0.01824867 -0.00434262 0.17995255
v 0.01807442 -0.00408292 0.17999561
v 0.01847451 -0.00495526 0.17984250
v 0.01884207 -0.00483560 0.17984866
v 0.01918530 -0.00485587 0.17983064
v 0.01947655 -0.00454333 0.17987206
v 0.01981134 -0.00422079 0.17991051
v 0.01994866 -0.00387167 0.17995786
v 0.02012997 -0.00406046 0.17992346
v 0.01994945 -0.00594131 0.17957056
v 0.02002979 -0.00620166 0.17950226
v 0.02029497 -0.00624554 0.17947580
v 0.02095732 -0.00529404 0.17966438
v 0.02136947 -0.00538800 0.17962221
v 0.02120643 -0.00507227 0.17970016
v 0.02147592 -0.00496936 0.17970734
v 0.02177815 -0.00516156 0.17964957
v 0.02176924 -0.00560156 0.17955098
v 0.02181708 -0.00608990 0.17942839
v 0.02207439 -0.00574078 0.17950124
v 0.02217237 -0.00534445 0.17958585
v 0.02237653 -0.00567041 0.17949980
v 0.02223601 -0.00598853 0.17943063
v 0.02251966 -0.00590085 0.17943445
v 0.02249279 -0.00623920 0.17934671
v 0.02287894 -0.00631229 0.17929892
v 0.02313701 -0.00608322 0.17934003
v 0.02320859 -0.00638116 0.17925339
v 0.02296486 -0.00658820 0.17921454
v 0.02318962 -0.00667899 0.17916885
v 0.02330144 -0.00694379 0.17907590
v 0.02339390 -0.00723044 0.17897250
v 0.02304520 -0.00727167 0.17898929
v 0.02326999 -0.00753036 0.17887570
v 0.02364556 -0.00739771 0.17888885
v 0.02352975 -0.00782675 0.17873534
v 0.02402047 -0.00756683 0.17878961
v 0.02395179 -0.00722003 0.17892496
v 0.02405943 -0.00697168 0.17900066
v 0.02427721 -0.00683426 0.17902612
v 0.02437926 -0.00659399 0.17909175
v 0.02458557 -0.00679895 0.17900812
v 0.02468080 -0.00638373 0.17912543
v 0.02495227 -0.00663586 0.17902228
v 0.02537104 -0.00656522 0.17899823
v 0.02552094 -0.00621082 0.17908998
v 0.02563339 -0.00639377 0.17902318
v 0.02588434 -0.00620282 0.17904938
v 0.02575506 -0.00658795 0.17894604
v 0.02598499 -0.00690640 0.17881113
v 0.02549154 -0.00697153 0.17884906
v 0.02572005 -0.00723279 0.17872861
v 0.02604414 -0.00728427 0.17866869
v 0.02571700 -0.00759665 0.17859058
v 0.02610130 -0.00756760 0.17855270
v 0.02596858 -0.00788547 0.17844107
v 0.02634167 -0.00771857 0.17845767
v 0.02643257 -0.00734079 0.17859412
v 0.02670806 -0.00757523 0.17846129
v 0.02687121 -0.00721506 0.17857747
v 0.02665174 -0.00696106 0.17870370
v 0.02630580 -0.00704691 0.17872116
v 0.02707425 -0.00746249 0.17845001
v 0.02693847 -0.00776367 0.17834714
v 0.02722379 -0.00765796 0.17834476
v 0.02715907 -0.00791632 0.17824156
v 0.02747536 -0.00774487 0.17826074
v 0.02781741 -0.00753488 0.17828970
v 0.02776984 -0.00788303 0.17814130
v 0.02815286 -0.00768445 0.17815970
v 0.02819687 -0.00727686 0.17833006
v 0.02846604 -0.00744855 0.17820546
v 0.02860289 -0.00715738 0.17830527
v 0.02884249 -0.00738919 0.17815555
v 0.02891459 -0.00706042 0.17828600
v 0.02909722 -0.00684576 0.17833899
v 0.02925045 -0.00709744 0.17820065
v 0.02975509 -0.00690012 0.17817776
v 0.02953441 -0.00731778 0.17804182
v 0.02918675 -0.00744785 0.17805699
v 0.02936170 -0.00765009 0.17792239
v 0.02971174 -0.00755838 0.17788910
v 0.02993349 -0.00723767 0.17799040
v 0.03006548 -0.00751892 0.17782614
v 0.02982357 -0.00780609 0.17773610
v 0.03017003 -0.00779355 0.17765849
v 0.03043262 -0.00749042 0.17775272
v 0.03031350 -0.00721149 0.17791666
v 0.03068501 -0.00716977 0.17784875
v 0.03054302 -0.00693280 0.17799106
v 0.03021282 -0.00690411 0.17807736
v 0.03014839 -0.00655261 0.17823848
v 0.03042568 -0.00629572 0.17828168
v 0.03057484 -0.00657550 0.17813599
v 0.03072239 -0.00620544 0.17825139
v 0.03103929 -0.00633109 0.17813051
v 0.03092136 -0.00679077 0.17796515
v 0.03125152 -0.00657098 0.17798422
v 0.03145331 -0.00628784 0.17805406
v 0.03158054 -0.00661966 0.17788206
v 0.03125430 -0.00681369 0.17787762
v 0.03141933 -0.00695007 0.17777335
v 0.03173035 -0.00693094 0.17770064
v 0.03143250 -0.00724881 0.17762312
v 0.03177173 -0.00720212 0.17755643
v 0.03162738 -0.00750186 0.17743616
v 0.03195987 -0.00732645 0.17743860
v 0.03187765 -0.00756812 0.17732703
v 0.03214448 -0.00746533 0.17730524
v 0.03222720 -0.00721558 0.17742108
v 0.03209917 -0.00698907 0.17757257
v 0.03247974 -0.00699362 0.17746378
v 0.03244365 -0.00667618 0.17762891
v 0.03269830 -0.00674786 0.17752380
v 0.03278843 -0.00646933 0.17762814
v 0.03251574 -0.00628177 0.17778839
v 0.03206750 -0.00656033 0.17778271
v 0.03221432 -0.00620087 0.17790433
v 0.03243910 -0.00595776 0.17794652
v 0.03216435 -0.00598602 0.17800632
v 0.03230004 -0.00572366 0.17807333
v 0.03187436 -0.00620706 0.17798563
v 0.03266188 -0.00561307 0.17802109
v 0.03276498 -0.00592828 0.17787088
v 0.03295457 -0.00566702 0.17792332
v 0.03301917 -0.00534924 0.17802225
v 0.03272446 -0.00525766 0.17813136
v 0.03241463 -0.00539398 0.17816235
v 0.03325645 -0.00507272 0.17805264
v 0.03336571 -0.00472931 0.17813232
v 0.03355162 -0.00501617 0.17798521
v 0.03335338 -0.00531363 0.17794185
v 0.03362515 -0.00527988 0.17787204
v 0.03393936 -0.00502655 0.17785973
v 0.03375356 -0.00466467 0.17803670
v 0.03407919 -0.00460898 0.17795175
v 0.03398331 -0.00423669 0.17809471
v 0.03358557 -0.00436032 0.17818011
v 0.03404687 -0.00378726 0.17820169
v 0.03433402 -0.00392715 0.17807275
v 0.03432584 -0.00357001 0.17817296
v 0.03410311 -0.00343750 0.17827454
v 0.03431831 -0.00329468 0.17824303
v 0.03454422 -0.00331961 0.17816299
v 0.03459047 -0.00364676 0.17806538
v 0.03484650 -0.00338763 0.17804169
v 0.03517338 -0.00331873 0.17793832
v 0.03531487 -0.00303082 0.17795287
v 0.03545065 -0.00323047 0.17785123
v 0.03534013 -0.00356039 0.17781027
v 0.03561556 -0.00343982 0.17772614
v 0.03567560 -0.00314044 0.17777742
v 0.03556315 -0.00288605 0.17788397
v 0.03589877 -0.00325491 0.17764359
v 0.03604430 -0.00296060 0.17764856
v 0.03622015 -0.00314566 0.17751041
v 0.03620547 -0.00283057 0.17759727
v 0.03642785 -0.00280844 0.17748105
v 0.03649952 -0.00314682 0.17735663
v 0.03665536 -0.00286551 0.17733514
v 0.03659471 -0.00266663 0.17741946
v 0.03675684 -0.00254413 0.17734413
v 0.03687923 -0.00283664 0.17719702
v 0.03700329 -0.00251929 0.17718475
v 0.03711070 -0.00281561 0.17703735
v 0.03723540 -0.00245905 0.17702618
v 0.03710451 -0.00222632 0.17717407
v 0.03730409 -0.00203268 0.17706091
v 0.03749531 -0.00235284 0.17683946
v 0.03752867 -0.00195465 0.17689694
v 0.03743829 -0.00166046 0.17702405
v 0.03767937 -0.00164865 0.17682388
v 0.03754106 -0.00130673 0.17699554
v 0.03742280 -0.00095581 0.17713034
v 0.03762428 -0.00100665 0.17696655
v 0.03774856 -0.00123218 0.17683089
v 0.03779218 -0.00083774 0.17683838
v 0.03759371 -0.00069931 0.17701862
v 0.03772931 -0.00049188 0.17691699
v 0.03787160 -0.00183145 0.17661334
v 0.03770277 -0.00207483 0.17671918
v 0.03789105 -0.00219775 0.17650818
v 0.03772132 -0.00245844 0.17661264
v 0.03791776 -0.00261774 0.17636719
v -0.00178911 0.01237558 0.17482663
v -0.00173334 0.01218362 0.17514861
v -0.00176512 0.01204578 0.17534583
v -0.00153509 0.01197455 0.17544939
v -0.00067433 0.01184784 0.17564217
v 0.00277253 0.00956342 0.17767802
v 0.00318587 0.00942538 0.17776691
v 0.00357413 0.00758054 0.17866756
v 0.00381231 0.00726852 0.17879095
v 0.00390678 0.00690543 0.17892575
v 0.00411265 0.00709628 0.17885989
v 0.00458550 0.00751337 0.17870752
v 0.00482634 0.00722568 0.17882030
v 0.00525200 0.00755530 0.17869788
v 0.00584381 0.00775000 0.17862164
v 0.00571219 0.00817307 0.17843663
v 0.00587361 0.00799756 0.17851581
v 0.00631980 0.00743079 0.17875545
v 0.00659154 0.00766589 0.17865984
v 0.00664996 0.00727188 0.17882127
v 0.00692014 0.00753671 0.17871539
v 0.00714023 0.00774774 0.17862666
v 0.00726584 0.00744385 0.17875363
v 0.00743109 0.00777969 0.17861211
v 0.00762151 0.00750284 0.17872797
v 0.00725323 0.00713013 0.17887793
v 0.00738889 0.00695306 0.17894344
v 0.00711658 0.00684866 0.17898106
v 0.00742440 0.00667032 0.17904239
v 0.00871253 0.00526382 0.17946451
v 0.00897295 0.00543036 0.17941776
v 0.00898002 0.00509351 0.17950945
v 0.00870891 0.00490738 0.17955733
v 0.00812804 0.00331226 0.17988718
v 0.00778605 0.00317438 0.17991057
v 0.00802660 0.00295526 0.17994818
v 0.00915703 0.00107806 0.18020178
v 0.00947380 0.00110138 0.18020135
v 0.00960641 0.00139664 0.18017036
v 0.00986032 0.00156824 0.18015074
v 0.01014977 0.00134192 0.18017648
v 0.00983714 0.00066101 0.18024037
v 0.01007384 0.00046753 0.18025485
v 0.01018156 0.00012897 0.18027618
v 0.01036769 0.00047971 0.18025357
v 0.01051483 0.00011426 0.18027689
v 0.01070526 0.00045786 0.18025455
v 0.01086027 0.00006061 0.18027887
v 0.01063228 -0.00019885 0.18029230
v 0.01057454 -0.00056116 0.18030458
v 0.01086968 -0.00036502 0.18029727
v 0.01092677 -0.00086688 0.18030899
v 0.01050241 -0.00099860 0.18031424
v 0.01071576 -0.00122733 0.18031628
v 0.01093299 -0.00130042 0.18031479
v 0.01075448 -0.00154120 0.18031604
v 0.01101309 -0.00157373 0.18031308
v 0.01113832 -0.00046078 0.18029837
v 0.01108706 -0.00016223 0.18028876
v 0.01118515 0.00013510 0.18027353
v 0.01102886 0.00044327 0.18025494
v 0.01142728 0.00018695 0.18026884
v 0.01214363 -0.00146240 0.18030092
v 0.01199120 -0.00174646 0.18029950
v 0.01165499 -0.00205600 0.18029741
v 0.01195753 -0.00216953 0.18029077
v 0.01189631 -0.00249680 0.18027856
v 0.01171146 -0.00279492 0.18026491
v 0.01177719 -0.00317865 0.18023759
v 0.01195131 -0.00377896 0.18018024
v 0.01213606 -0.00410474 0.18014064
v 0.01345987 -0.00368665 0.18016005
v 0.01371002 -0.00389627 0.18013246
v 0.01364791 -0.00425125 0.18009073
v 0.01380210 -0.00454584 0.18004707
v 0.01425525 -0.00490042 0.17998315
v 0.01444730 -0.00539966 0.17989124
v 0.01493544 -0.00674792 0.17957591
v 0.01482292 -0.00708765 0.17948700
v 0.01460410 -0.00731281 0.17942766
v 0.01427650 -0.00724640 0.17945612
v 0.01438051 -0.00753027 0.17936803
v 0.01464868 -0.00768573 0.17931044
v 0.01497640 -0.00739267 0.17939160
v 0.01498662 -0.00779974 0.17926135
v 0.01531033 -0.00761151 0.17931125
v 0.01507851 -0.00705341 0.17948901
v 0.01527306 -0.00684598 0.17954001
v 0.01573781 -0.00716464 0.17943433
v 0.01606579 -0.00707114 0.17944934
v 0.01638823 -0.00687296 0.17949515
v 0.01643441 -0.00722742 0.17938850
v 0.01668788 -0.00697397 0.17945361
v 0.01661186 -0.00670200 0.17953404
v 0.01700057 -0.00709311 0.17940327
v 0.01732395 -0.00687848 0.17945067
v 0.01733618 -0.00655682 0.17954044
v 0.01722636 -0.00628345 0.17961497
v 0.01751896 -0.00599899 0.17967003
v 0.01751014 -0.00634088 0.17958862
v 0.01781088 -0.00622766 0.17960260
v 0.01779855 -0.00593338 0.17967331
v 0.01817026 -0.00552728 0.17974495
v 0.01839742 -0.00531116 0.17977936
v 0.01875341 -0.00524796 0.17977652
v 0.01887380 -0.00557825 0.17970421
v 0.01918504 -0.00531433 0.17974409
v 0.01899140 -0.00506500 0.17980200
v 0.01938106 -0.00564734 0.17966574
v 0.01932757 -0.00592520 0.17960493
v 0.01908346 -0.00608298 0.17957861
v 0.01982199 -0.00712650 0.17924506
v 0.01953860 -0.00733350 0.17919540
v 0.01966372 -0.00753113 0.17912178
v 0.02028158 -0.00719403 0.17919795
v 0.02020753 -0.00682385 0.17931732
v 0.01990337 -0.00672766 0.17936313
v 0.02011462 -0.00649146 0.17941969
v 0.01980080 -0.00643710 0.17945094
v 0.01976865 -0.00614627 0.17952940
v 0.02067248 -0.00688989 0.17926950
v 0.02061132 -0.00730856 0.17914105
v 0.02082303 -0.00716980 0.17917421
v 0.02145103 -0.00689676 0.17922131
v 0.02191764 -0.00645465 0.17932503
v 0.02213478 -0.00627850 0.17936057
v 0.02220979 -0.00661032 0.17926157
v 0.02263209 -0.00664682 0.17922171
v 0.02237364 -0.00687827 0.17917084
v 0.02208599 -0.00698923 0.17915392
v 0.02235056 -0.00716037 0.17908116
v 0.02258945 -0.00697360 0.17912544
v 0.02267626 -0.00726007 0.17902380
v 0.02291426 -0.00691125 0.17911919
v 0.02282706 -0.00742453 0.17895599
v 0.02265372 -0.00757175 0.17891528
v 0.02293284 -0.00758484 0.17888721
v 0.02272864 -0.00783997 0.17880611
v 0.02307214 -0.00785596 0.17876830
v 0.02279514 -0.00813779 0.17867781
v 0.02317634 -0.00820062 0.17861505
v 0.02361902 -0.00826474 0.17854564
v 0.02323506 -0.00859061 0.17843735
v 0.02358959 -0.00859912 0.17839966
v 0.02389651 -0.00847684 0.17842506
v 0.02400154 -0.00818701 0.17854280
v 0.02390418 -0.00795313 0.17864931
v 0.02434957 -0.00790723 0.17862238
v 0.02443536 -0.00749020 0.17877869
v 0.02485324 -0.00752994 0.17871835
v 0.02462645 -0.00727963 0.17883952
v 0.02464814 -0.00706149 0.17891589
v 0.02486818 -0.00714951 0.17886095
v 0.02483305 -0.00691278 0.17894717
v 0.02510924 -0.00690680 0.17891751
v 0.02513688 -0.00719257 0.17881387
v 0.02536025 -0.00739319 0.17871227
v 0.02524041 -0.00782104 0.17855954
v 0.02558130 -0.00797498 0.17845517
v 0.02530351 -0.00811914 0.17842902
v 0.02549299 -0.00826361 0.17834064
v 0.02576318 -0.00814786 0.17835648
v 0.02602276 -0.00818265 0.17830313
v 0.02574835 -0.00841925 0.17823083
v 0.02607696 -0.00841373 0.17818375
v 0.02632716 -0.00822183 0.17823724
v 0.02624982 -0.00799152 0.17835562
v 0.02658655 -0.00793573 0.17832742
v 0.02666150 -0.00824182 0.17817293
v 0.02687535 -0.00801910 0.17824380
v 0.02702823 -0.00822467 0.17811841
v 0.02740930 -0.00807199 0.17812054
v 0.02727467 -0.00838162 0.17799182
v 0.02801492 -0.00798083 0.17804753
v 0.02813460 -0.00813147 0.17794708
v 0.02826871 -0.00792642 0.17802246
v 0.02850661 -0.00809946 0.17788129
v 0.02853025 -0.00772260 0.17806522
v 0.02889223 -0.00809302 0.17779922
v 0.02954447 -0.00780396 0.17780429
v 0.02957265 -0.00800735 0.17768727
v 0.02937287 -0.00829062 0.17757138
v 0.02986981 -0.00813773 0.17753809
v 0.02961864 -0.00845413 0.17740953
v 0.02991819 -0.00846133 0.17732698
v 0.03020525 -0.00825360 0.17738446
v 0.03026800 -0.00801175 0.17751335
v 0.03053560 -0.00807990 0.17740356
v 0.03055286 -0.00777945 0.17757152
v 0.03072696 -0.00789597 0.17746283
v 0.03092661 -0.00771155 0.17751305
v 0.03080033 -0.00745328 0.17768152
v 0.03110567 -0.00742755 0.17761807
v 0.03109002 -0.00712460 0.17777188
v 0.03127074 -0.00758582 0.17748984
v 0.03113199 -0.00781738 0.17739781
v 0.03139033 -0.00779068 0.17733800
v 0.03167626 -0.00777109 0.17726521
v 0.03144821 -0.00806711 0.17714354
v 0.03173237 -0.00791946 0.17715482
v 0.03197090 -0.00776117 0.17717932
v 0.03182702 -0.00806613 0.17702319
v 0.03214850 -0.00790265 0.17702716
v 0.03237676 -0.00761386 0.17713831
v 0.03244259 -0.00728946 0.17731421
v 0.03274214 -0.00732291 0.17719810
v 0.03272679 -0.00761826 0.17701752
v 0.03295251 -0.00741705 0.17707132
v 0.03298167 -0.00757843 0.17695572
v 0.03284696 -0.00784280 0.17681711
v 0.03315108 -0.00762943 0.17685645
v 0.03321945 -0.00736923 0.17700554
v 0.03347527 -0.00748267 0.17683304
v 0.03353307 -0.00717725 0.17701093
v 0.03334457 -0.00709778 0.17712680
v 0.03308096 -0.00718152 0.17716876
v 0.03328552 -0.00685367 0.17728146
v 0.03292725 -0.00701169 0.17731567
v 0.03267249 -0.00710834 0.17734552
v 0.03275959 -0.00691037 0.17742447
v 0.03300878 -0.00667719 0.17746199
v 0.03341190 -0.00647513 0.17743262
v 0.03317366 -0.00625473 0.17761105
v 0.03352785 -0.00617664 0.17753787
v 0.03345664 -0.00593182 0.17766837
v 0.03312801 -0.00587329 0.17779070
v 0.03287654 -0.00616373 0.17774030
v 0.03346562 -0.00559149 0.17780415
v 0.03368887 -0.00572485 0.17768282
v 0.03380214 -0.00544208 0.17775604
v 0.03396618 -0.00569147 0.17760425
v 0.03411089 -0.00532663 0.17769731
v 0.03421873 -0.00507977 0.17775082
v 0.03435076 -0.00477975 0.17780611
v 0.03446191 -0.00517892 0.17762918
v 0.03470569 -0.00479346 0.17767755
v 0.03467484 -0.00442950 0.17780655
v 0.03435428 -0.00432932 0.17794765
v 0.03468530 -0.00398486 0.17793701
v 0.03501522 -0.00415805 0.17776472
v 0.03501766 -0.00371021 0.17789423
v 0.03478820 -0.00368362 0.17798750
v 0.03525155 -0.00386935 0.17775938
v 0.03551104 -0.00378659 0.17767441
v 0.03535633 -0.00412497 0.17763846
v 0.03568563 -0.00405814 0.17751247
v 0.03547447 -0.00441425 0.17749411
v 0.03572623 -0.00438049 0.17738876
v 0.03559254 -0.00472653 0.17732999
v 0.03590591 -0.00452692 0.17724644
v 0.03582718 -0.00487933 0.17715674
v 0.03613341 -0.00469550 0.17705939
v 0.03617887 -0.00430164 0.17718002
v 0.03595354 -0.00416904 0.17734595
v 0.03624484 -0.00387576 0.17728700
v 0.03595623 -0.00386279 0.17744296
v 0.03579536 -0.00365915 0.17758173
v 0.03608234 -0.00354517 0.17747256
v 0.03635507 -0.00346582 0.17735136
v 0.03649408 -0.00366992 0.17721350
v 0.03645495 -0.00387485 0.17717258
v 0.03661296 -0.00384247 0.17708484
v 0.03670637 -0.00354861 0.17711732
v 0.03656500 -0.00340427 0.17724956
v 0.03674883 -0.00318433 0.17719348
v 0.03693198 -0.00339597 0.17700876
v 0.03697417 -0.00308475 0.17706808
v 0.03717782 -0.00318561 0.17688809
v 0.03736716 -0.00280200 0.17684084
v 0.03739617 -0.00314133 0.17672906
v 0.03733362 -0.00347305 0.17667911
v 0.03709846 -0.00357803 0.17683173
v 0.03720853 -0.00374966 0.17669121
v 0.03736204 -0.00380579 0.17654100
v 0.03752765 -0.00357193 0.17647679
v 0.03753094 -0.00326965 0.17657478
v 0.03768251 -0.00335309 0.17640221
v 0.03767444 -0.00362027 0.17631747
v 0.03784097 -0.00308102 0.17631711
v -0.00276023 0.01226050 0.17497897
v -0.00245986 0.01198322 0.17540366
v -0.00196007 0.01215274 0.17518626
v -0.00204801 0.01224661 0.17503772
v -0.00186869 0.01227490 0.17499976
v 0.00577277 0.00679755 0.17898889
v 0.00590229 0.00650842 0.17909100
v 0.00610503 0.00684680 0.17897554
v 0.00612206 0.00719751 0.17884616
v 0.00637640 0.00709045 0.17888968
v 0.00648989 0.00676389 0.17900967
v 0.00657237 0.00702011 0.17891846
v 0.00677371 0.00694659 0.17894551
v 0.00699648 0.00719830 0.17885107
v 0.00681760 0.00656528 0.17908002
v 0.00716241 0.00646390 0.17911357
v 0.00694057 0.00621164 0.17919623
v 0.00669759 0.00627124 0.17917804
v 0.00671729 0.00597742 0.17926863
v 0.00700964 0.00586368 0.17930182
v 0.00723959 0.00611816 0.17922380
v 0.00707995 0.00553857 0.17939398
v 0.00728043 0.00378961 0.17979846
v 0.00698495 0.00370758 0.17981250
v 0.00722339 0.00289688 0.17995273
v 0.00753330 0.00296625 0.17994415
v 0.00747091 0.00257776 0.18000418
v 0.00778773 0.00275333 0.17997937
v 0.00776385 0.00228772 0.18004753
v 0.00810367 0.00195355 0.18009436
v 0.00842354 0.00179718 0.18011679
v 0.00851762 0.00152127 0.18015076
v 0.00780628 0.00123016 0.18017969
v 0.00779272 0.00088013 0.18021210
v 0.00771525 0.00045337 0.18024649
v 0.00790368 0.00019531 0.18026596
v 0.00806885 0.00012497 0.18027118
v 0.00899100 0.00067004 0.18023778
v 0.00879506 0.00046237 0.18025351
v 0.00894304 0.00027060 0.18026700
v 0.00924433 0.00037979 0.18026060
v 0.00933611 0.00075858 0.18023233
v 0.00954965 0.00049576 0.18025328
v 0.00947022 0.00014957 0.18027533
v 0.00957170 -0.00026126 0.18029498
v 0.00981302 -0.00059802 0.18030728
v 0.00949219 -0.00079248 0.18031256
v 0.00925959 -0.00047586 0.18030389
v 0.00914895 -0.00078586 0.18031311
v 0.00923727 -0.00115085 0.18031937
v 0.00957043 -0.00127673 0.18031958
v 0.00984610 -0.00099704 0.18031610
v 0.00986698 -0.00140665 0.18031931
v 0.01017436 -0.00069376 0.18030879
v 0.01046329 -0.00142770 0.18031754
v 0.01011483 -0.00175119 0.18031635
v 0.01053262 -0.00183258 0.18031323
v 0.01087060 -0.00188248 0.18030957
v 0.01113917 -0.00259024 0.18028227
v 0.01163404 -0.00244278 0.18028488
v 0.01178547 -0.00229196 0.18028989
v 0.01140813 -0.00269510 0.18027452
v 0.01146563 -0.00307492 0.18024969
v 0.01115075 -0.00294537 0.18026134
v 0.01154219 -0.00343558 0.18022073
v 0.01179276 -0.00350888 0.18021033
v 0.01163085 -0.00377036 0.18018744
v 0.01173858 -0.00420404 0.18013594
v 0.01137938 -0.00400815 0.18016510
v 0.01138660 -0.00440079 0.18011688
v 0.01160281 -0.00450919 0.18009956
v 0.01179986 -0.00462482 0.18007912
v 0.01202440 -0.00442554 0.18010272
v 0.01231194 -0.00441217 0.18009846
v 0.01213719 -0.00477542 0.18004948
v 0.01245708 -0.00468106 0.18005724
v 0.01353473 -0.00585745 0.17982169
v 0.01340907 -0.00609613 0.17977420
v 0.01343697 -0.00635318 0.17971436
v 0.01417758 -0.00695352 0.17954179
v 0.01441560 -0.00816299 0.17915196
v 0.01453173 -0.00792133 0.17923618
v 0.01472586 -0.00800836 0.17919894
v 0.01478516 -0.00836273 0.17906560
v 0.01499043 -0.00810278 0.17915620
v 0.01518610 -0.00834763 0.17905734
v 0.01527094 -0.00798303 0.17918781
v 0.01555219 -0.00819476 0.17909964
v 0.01560288 -0.00782697 0.17922913
v 0.01564108 -0.00747061 0.17934506
v 0.01590648 -0.00765707 0.17927515
v 0.01590477 -0.00736777 0.17936804
v 0.01617470 -0.00746384 0.17932639
v 0.01617901 -0.00776886 0.17922643
v 0.01656012 -0.00767709 0.17923891
v 0.01673193 -0.00729211 0.17935577
v 0.01697845 -0.00747772 0.17928468
v 0.01732093 -0.00727966 0.17933011
v 0.01731155 -0.00770331 0.17919218
v 0.01764701 -0.00745416 0.17925758
v 0.01764607 -0.00776260 0.17915469
v 0.01766601 -0.00705737 0.17938031
v 0.01799853 -0.00682019 0.17943327
v 0.01765951 -0.00662781 0.17950504
v 0.01797261 -0.00649884 0.17952539
v 0.01812405 -0.00626883 0.17957764
v 0.01881465 -0.00622293 0.17955612
v 0.01881070 -0.00591031 0.17963271
v 0.01911018 -0.00574484 0.17965707
v 0.01920336 -0.00793509 0.17900439
v 0.01949141 -0.00779315 0.17904037
v 0.01981730 -0.00787564 0.17898965
v 0.01948694 -0.00807349 0.17893677
v 0.02009148 -0.00815057 0.17886685
v 0.02023119 -0.00779617 0.17899332
v 0.02050569 -0.00807068 0.17887048
v 0.02059694 -0.00766342 0.17901828
v 0.02034952 -0.00749597 0.17909387
v 0.02094507 -0.00742419 0.17908054
v 0.02124017 -0.00760944 0.17899661
v 0.02134139 -0.00728418 0.17910324
v 0.02202463 -0.00735608 0.17903491
v 0.02183100 -0.00677063 0.17923761
v 0.02200932 -0.00776837 0.17888547
v 0.02235313 -0.00749109 0.17896561
v 0.02240430 -0.00781512 0.17884062
v 0.02216749 -0.00814529 0.17872391
v 0.02182815 -0.00808682 0.17877307
v 0.02215934 -0.00849002 0.17857588
v 0.02247330 -0.00834363 0.17861665
v 0.02251371 -0.00805899 0.17873506
v 0.02280700 -0.00851160 0.17851337
v 0.02239779 -0.00870105 0.17846175
v 0.02266306 -0.00880319 0.17839233
v 0.02248149 -0.00893829 0.17834288
v 0.02272081 -0.00906589 0.17825533
v 0.02290909 -0.00878445 0.17837830
v 0.02312021 -0.00893625 0.17828293
v 0.02342471 -0.00881723 0.17831194
v 0.02340634 -0.00911362 0.17816150
v 0.02302620 -0.00922739 0.17814084
v 0.02321175 -0.00936862 0.17804358
v 0.02349521 -0.00941559 0.17798372
v 0.02377282 -0.00883179 0.17826773
v 0.02414033 -0.00897626 0.17815497
v 0.02415800 -0.00864191 0.17832080
v 0.02423795 -0.00831943 0.17846083
v 0.02448551 -0.00848285 0.17836084
v 0.02441467 -0.00874680 0.17824223
v 0.02476633 -0.00865613 0.17824471
v 0.02479947 -0.00831149 0.17840318
v 0.02453595 -0.00820425 0.17848001
v 0.02480647 -0.00798648 0.17854178
v 0.02505876 -0.00812906 0.17845386
v 0.02514265 -0.00839355 0.17832452
v 0.02515878 -0.00874585 0.17815038
v 0.02541706 -0.00851031 0.17823404
v 0.02554120 -0.00871515 0.17811230
v 0.02592200 -0.00868188 0.17806927
v 0.02565357 -0.00897763 0.17795189
v 0.02607789 -0.00938992 0.17763489
v 0.02636994 -0.00921835 0.17769165
v 0.02653010 -0.00903629 0.17777190
v 0.02661402 -0.00878143 0.17790012
v 0.02636257 -0.00854907 0.17806662
v 0.02678604 -0.00848416 0.17803012
v 0.02701925 -0.00865234 0.17789694
v 0.02702761 -0.00843851 0.17801166
v 0.02741535 -0.00862027 0.17783371
v 0.02717714 -0.00889014 0.17773001
v 0.02747450 -0.00885468 0.17768677
v 0.02779831 -0.00866025 0.17772711
v 0.02813413 -0.00837158 0.17781703
v 0.02819478 -0.00864041 0.17764920
v 0.02842127 -0.00841595 0.17772816
v 0.02854128 -0.00861337 0.17758218
v 0.02872553 -0.00834058 0.17769974
v 0.02894837 -0.00854999 0.17751897
v 0.02903815 -0.00825458 0.17767519
v 0.02930844 -0.00862573 0.17737979
v 0.02928697 -0.00884940 0.17723662
v 0.02938846 -0.00896399 0.17712630
v 0.02933573 -0.00918094 0.17697098
v 0.02958118 -0.00898376 0.17705560
v 0.02961870 -0.00874036 0.17722070
v 0.02986170 -0.00888852 0.17704453
v 0.02997828 -0.00867078 0.17716966
v 0.03021181 -0.00849304 0.17722690
v 0.03027566 -0.00875458 0.17701904
v 0.03046570 -0.00847946 0.17716360
v 0.03042073 -0.00831961 0.17728537
v 0.03067894 -0.00827658 0.17723810
v 0.03088702 -0.00800119 0.17735477
v 0.03102131 -0.00822299 0.17717061
v 0.03117734 -0.00798294 0.17728299
v 0.03119237 -0.00845355 0.17695375
v 0.03155548 -0.00830475 0.17694385
v 0.03181045 -0.00834528 0.17682693
v 0.03211064 -0.00813977 0.17687314
v 0.03208658 -0.00840756 0.17667627
v 0.03178143 -0.00855801 0.17667194
v 0.03189650 -0.00871402 0.17649289
v 0.03223011 -0.00856131 0.17648993
v 0.03243139 -0.00832910 0.17660495
v 0.03233237 -0.00818069 0.17676207
v 0.03257578 -0.00809360 0.17673486
v 0.03244746 -0.00791635 0.17691199
v 0.03322018 -0.00785846 0.17666016
v 0.03343506 -0.00795541 0.17650269
v 0.03349265 -0.00810300 0.17635703
v 0.03364417 -0.00790512 0.17645743
v 0.03363147 -0.00770096 0.17661743
v 0.03388094 -0.00775146 0.17647508
v 0.03392838 -0.00753662 0.17661697
v 0.03381847 -0.00739450 0.17676097
v 0.03373555 -0.00722775 0.17690392
v 0.03402081 -0.00709415 0.17687601
v 0.03381681 -0.00697580 0.17702660
v 0.03359133 -0.00689319 0.17715561
v 0.03393587 -0.00661768 0.17718129
v 0.03361633 -0.00662103 0.17729198
v 0.03384373 -0.00625290 0.17739648
v 0.03404758 -0.00636252 0.17727536
v 0.03414690 -0.00619949 0.17731866
v 0.03420121 -0.00589462 0.17743546
v 0.03394064 -0.00595117 0.17750372
v 0.03374007 -0.00595700 0.17756818
v 0.03425932 -0.00552972 0.17756754
v 0.03454133 -0.00554694 0.17745786
v 0.03451259 -0.00586273 0.17733560
v 0.03477222 -0.00570505 0.17730257
v 0.03488322 -0.00535413 0.17740408
v 0.03467662 -0.00528961 0.17751129
v 0.03480704 -0.00507104 0.17754280
v 0.03509346 -0.00503049 0.17744319
v 0.03500155 -0.00476892 0.17757454
v 0.03528547 -0.00473141 0.17746936
v 0.03517874 -0.00445490 0.17760797
v 0.03491854 -0.00452252 0.17768915
v 0.03535065 -0.00498376 0.17734886
v 0.03521201 -0.00526309 0.17730231
v 0.03555162 -0.00515866 0.17718500
v 0.03531544 -0.00548102 0.17716650
v 0.03552654 -0.00548056 0.17706306
v 0.03577348 -0.00533371 0.17699832
v 0.03578481 -0.00510739 0.17709074
v 0.03597117 -0.00505103 0.17701108
v 0.03604750 -0.00528720 0.17686459
v 0.03588470 -0.00553220 0.17684612
v 0.03609697 -0.00553940 0.17671446
v 0.03586476 -0.00578531 0.17673120
v 0.03609562 -0.00582782 0.17656445
v 0.03586331 -0.00602792 0.17660416
v 0.03600919 -0.00617133 0.17642896
v 0.03572313 -0.00627850 0.17654787
v 0.03581162 -0.00642477 0.17640915
v 0.03597240 -0.00646298 0.17627917
v 0.03622031 -0.00626215 0.17622783
v 0.03634695 -0.00590222 0.17634814
v 0.03646739 -0.00611087 0.17613556
v 0.03663506 -0.00583090 0.17616992
v 0.03660194 -0.00557062 0.17634698
v 0.03636613 -0.00552982 0.17654153
v 0.03659758 -0.00534482 0.17647580
v 0.03649457 -0.00524860 0.17659882
v 0.03629736 -0.00526358 0.17672078
v 0.03651633 -0.00497336 0.17670837
v 0.03667257 -0.00512323 0.17653259
v 0.03676426 -0.00487921 0.17657722
v 0.03669218 -0.00461685 0.17673810
v 0.03693417 -0.00460425 0.17656532
v 0.03689581 -0.00420667 0.17675458
v 0.03658953 -0.00435068 0.17691409
v 0.03642562 -0.00467773 0.17689120
v 0.03635994 -0.00442783 0.17703049
v 0.03645101 -0.00410614 0.17709277
v 0.03668615 -0.00406003 0.17695935
v 0.03685928 -0.00378714 0.17693533
v 0.03705168 -0.00386880 0.17676950
v 0.03717300 -0.00401553 0.17661974
v 0.03714354 -0.00433850 0.17651140
v 0.03734758 -0.00411502 0.17643298
v 0.03733750 -0.00441354 0.17631305
v 0.03748721 -0.00420670 0.17626672
v 0.03755235 -0.00390088 0.17632855
v -0.00338294 0.01184109 0.17555768
v -0.00310541 0.01195328 0.17541975
v -0.00302097 0.01176642 0.17566545
v -0.00234599 0.01183142 0.17560849
v 0.00590146 0.00593732 0.17927266
v 0.00599268 0.00622562 0.17918561
v 0.00624176 0.00642654 0.17912257
v 0.00619032 0.00603574 0.17924704
v 0.00646988 0.00615503 0.17921313
v 0.00642992 0.00577097 0.17932835
v 0.00675691 0.00558240 0.17938274
v 0.00648511 0.00545422 0.17941844
v 0.00662967 0.00522162 0.17948006
v 0.00677199 0.00488336 0.17956395
v 0.00694120 0.00417609 0.17972134
v 0.00671272 0.00448807 0.17965463
v 0.00662218 0.00413309 0.17972949
v 0.00678753 0.00394815 0.17976758
v 0.00660246 0.00377148 0.17979938
v 0.00628496 0.00399207 0.17975438
v 0.00607726 0.00373972 0.17980206
v 0.00603918 0.00354297 0.17983777
v 0.00594650 0.00326343 0.17988293
v 0.00631942 0.00300204 0.17992859
v 0.00631110 0.00247534 0.18000943
v 0.00627170 0.00207175 0.18006659
v 0.00657353 0.00215506 0.18005756
v 0.00677441 0.00271204 0.17997733
v 0.00673129 0.00175589 0.18011136
v 0.00736314 0.00207642 0.18007391
v 0.00715521 0.00248206 0.18001587
v 0.00771215 0.00180734 0.18011185
v 0.00768503 0.00145547 0.18015475
v 0.00744967 0.00076721 0.18021960
v 0.00715963 0.00066232 0.18022636
v 0.00733957 0.00030331 0.18025427
v 0.00763818 0.00004468 0.18027333
v 0.00736422 -0.00012277 0.18028026
v 0.00757971 -0.00038562 0.18029439
v 0.00792825 -0.00017542 0.18028705
v 0.00785136 -0.00068591 0.18030757
v 0.00772112 -0.00097113 0.18031514
v 0.00788770 -0.00104919 0.18031708
v 0.00815512 -0.00090417 0.18031433
v 0.00818249 -0.00047189 0.18030148
v 0.00850046 -0.00066312 0.18030844
v 0.00838603 -0.00035281 0.18029802
v 0.00884451 -0.00005298 0.18028508
v 0.00917727 -0.00006616 0.18028619
v 0.00843759 -0.00117569 0.18031927
v 0.00902784 -0.00149387 0.18032120
v 0.00933793 -0.00151779 0.18032098
v 0.00911451 -0.00258743 0.18029694
v 0.00937238 -0.00278641 0.18028603
v 0.00976268 -0.00222516 0.18030846
v 0.00992871 -0.00246436 0.18029922
v 0.01003398 -0.00218115 0.18030884
v 0.00988853 -0.00198828 0.18031471
v 0.01033056 -0.00216287 0.18030673
v 0.01018029 -0.00249158 0.18029578
v 0.00998415 -0.00280460 0.18028049
v 0.01138273 -0.00368008 0.18020035
v 0.01084177 -0.00461938 0.18009671
v 0.01066169 -0.00487311 0.18006342
v 0.01092423 -0.00489230 0.18005643
v 0.01082342 -0.00516983 0.18001401
v 0.01097723 -0.00543124 0.17996465
v 0.01151908 -0.00525266 0.17998466
v 0.01155540 -0.00550269 0.17994006
v 0.01181072 -0.00502466 0.18001669
v 0.01243713 -0.00502548 0.18000269
v 0.01326475 -0.00839810 0.17910017
v 0.01345764 -0.00866702 0.17899025
v 0.01380017 -0.00868784 0.17897063
v 0.01413421 -0.00878198 0.17892094
v 0.01417620 -0.00904810 0.17880606
v 0.01505764 -0.00885089 0.17885689
v 0.01499963 -0.00859079 0.17896916
v 0.01522259 -0.00863937 0.17894073
v 0.01548547 -0.00854160 0.17896831
v 0.01538690 -0.00885245 0.17884195
v 0.01573655 -0.00877570 0.17885870
v 0.01583173 -0.00842374 0.17899954
v 0.01593905 -0.00803030 0.17914383
v 0.01618740 -0.00831934 0.17902509
v 0.01609281 -0.00866486 0.17888971
v 0.01644127 -0.00855405 0.17891960
v 0.01635504 -0.00889322 0.17877921
v 0.01670043 -0.00879001 0.17880740
v 0.01680934 -0.00841702 0.17895647
v 0.01650560 -0.00822351 0.17904793
v 0.01674906 -0.00804211 0.17910272
v 0.01653247 -0.00798914 0.17913387
v 0.01631683 -0.00800388 0.17913799
v 0.01694777 -0.00780722 0.17917593
v 0.01714162 -0.00812357 0.17905130
v 0.01750150 -0.00800153 0.17907712
v 0.01752966 -0.00840121 0.17892393
v 0.01714534 -0.00847452 0.17891702
v 0.01752160 -0.00874261 0.17878790
v 0.01775295 -0.00867523 0.17880235
v 0.01840653 -0.00838577 0.17887949
v 0.01833940 -0.00867270 0.17876645
v 0.01800634 -0.00885306 0.17871027
v 0.01830116 -0.00894901 0.17864896
v 0.01812280 -0.00915033 0.17856763
v 0.01845464 -0.00918610 0.17852621
v 0.01924375 -0.00821667 0.17889574
v 0.01943694 -0.00834299 0.17883282
v 0.01997167 -0.00848318 0.17873824
v 0.02017468 -0.00863123 0.17866110
v 0.02029398 -0.00840018 0.17875174
v 0.02058229 -0.00838110 0.17873901
v 0.02080560 -0.00821494 0.17879193
v 0.02135250 -0.00788913 0.17888446
v 0.02151430 -0.00817224 0.17875974
v 0.02166528 -0.00789932 0.17885979
v 0.02239922 -0.00911658 0.17825876
v 0.02245803 -0.00928506 0.17816234
v 0.02271097 -0.00941135 0.17806828
v 0.02235124 -0.00952707 0.17803238
v 0.02258263 -0.00969815 0.17790898
v 0.02285148 -0.00960364 0.17794307
v 0.02298853 -0.00944965 0.17802122
v 0.02314369 -0.00962094 0.17790033
v 0.02283333 -0.00982159 0.17780669
v 0.02349690 -0.00971097 0.17780392
v 0.02352184 -0.00998196 0.17762337
v 0.02377228 -0.00979071 0.17772261
v 0.02391928 -0.00948331 0.17789514
v 0.02407623 -0.00976987 0.17769955
v 0.02440085 -0.00952307 0.17781412
v 0.02428485 -0.00923285 0.17799887
v 0.02403468 -0.00922043 0.17803574
v 0.02452288 -0.00896216 0.17811877
v 0.02469141 -0.00921280 0.17796114
v 0.02483949 -0.00892978 0.17809731
v 0.02505754 -0.00905688 0.17800018
v 0.02534591 -0.00893845 0.17802347
v 0.02531748 -0.00918158 0.17789095
v 0.02499149 -0.00931436 0.17786400
v 0.02520952 -0.00945123 0.17774707
v 0.02536489 -0.00965512 0.17758940
v 0.02575015 -0.00964688 0.17752701
v 0.02546370 -0.00989215 0.17741008
v 0.02580667 -0.00990167 0.17734132
v 0.02554454 -0.01011893 0.17722620
v 0.02587206 -0.01010770 0.17717374
v 0.02606792 -0.00993347 0.17726886
v 0.02614066 -0.00969034 0.17742653
v 0.02634989 -0.00986938 0.17725613
v 0.02616920 -0.01008109 0.17713361
v 0.02650926 -0.01005963 0.17706949
v 0.02669188 -0.00979791 0.17723125
v 0.02651874 -0.00963379 0.17739148
v 0.02683738 -0.00955615 0.17737622
v 0.02667912 -0.00943527 0.17749545
v 0.02641156 -0.00943402 0.17754825
v 0.02668106 -0.00921732 0.17763472
v 0.02694501 -0.00931906 0.17751427
v 0.02699269 -0.00910626 0.17763989
v 0.02683617 -0.00895029 0.17776465
v 0.02732174 -0.00913925 0.17754387
v 0.02715547 -0.00944159 0.17738083
v 0.02744310 -0.00935593 0.17736949
v 0.02772482 -0.00917343 0.17742334
v 0.02765708 -0.00894861 0.17758734
v 0.02796308 -0.00890054 0.17754388
v 0.02809328 -0.00909952 0.17737939
v 0.02830627 -0.00886316 0.17748311
v 0.02948871 -0.00937936 0.17675572
v 0.02969689 -0.00912900 0.17690530
v 0.02989530 -0.00928806 0.17670808
v 0.02993368 -0.00947751 0.17652496
v 0.03014571 -0.00934503 0.17657678
v 0.03033372 -0.00908820 0.17673734
v 0.03001361 -0.00903305 0.17688480
v 0.03059645 -0.00881940 0.17687141
v 0.03073514 -0.00853745 0.17703854
v 0.03090636 -0.00873248 0.17683983
v 0.03072540 -0.00896683 0.17671295
v 0.03100229 -0.00888486 0.17668680
v 0.03117859 -0.00871170 0.17676450
v 0.03149103 -0.00857480 0.17676241
v 0.03129380 -0.00889490 0.17657095
v 0.03161397 -0.00873044 0.17659268
v 0.03159895 -0.00889172 0.17645706
v 0.03176678 -0.00901270 0.17627103
v 0.03141573 -0.00908704 0.17635013
v 0.03148871 -0.00925388 0.17615359
v 0.03175887 -0.00923697 0.17604724
v 0.03201157 -0.00906686 0.17610629
v 0.03218528 -0.00880994 0.17628052
v 0.03232860 -0.00899817 0.17602518
v 0.03250864 -0.00876157 0.17618152
v 0.03254113 -0.00852737 0.17638725
v 0.03274210 -0.00861285 0.17621953
v 0.03286557 -0.00840829 0.17635466
v 0.03333435 -0.00830676 0.17624316
v 0.03335903 -0.00847293 0.17606857
v 0.03365356 -0.00839743 0.17600125
v 0.03358498 -0.00823898 0.17619171
v 0.03388786 -0.00813348 0.17614462
v 0.03376818 -0.00799796 0.17632407
v 0.03425031 -0.00800726 0.17608406
v 0.03432011 -0.00780225 0.17623325
v 0.03451152 -0.00773969 0.17618979
v 0.03440424 -0.00761377 0.17634297
v 0.03473830 -0.00744510 0.17630713
v 0.03454061 -0.00732779 0.17649059
v 0.03419431 -0.00751367 0.17651523
v 0.03437959 -0.00720273 0.17665356
v 0.03469589 -0.00699930 0.17664066
v 0.03446440 -0.00696948 0.17676848
v 0.03464720 -0.00672565 0.17683260
v 0.03432286 -0.00682394 0.17691577
v 0.03426112 -0.00708221 0.17678619
v 0.03406784 -0.00682834 0.17701695
v 0.03422854 -0.00661707 0.17707224
v 0.03425222 -0.00637051 0.17719458
v 0.03454903 -0.00643240 0.17703940
v 0.03446155 -0.00624213 0.17717831
v 0.03437505 -0.00610562 0.17727818
v 0.03465739 -0.00605084 0.17719026
v 0.03494596 -0.00614890 0.17701649
v 0.03496265 -0.00584375 0.17716190
v 0.03505631 -0.00555960 0.17724884
v 0.03517142 -0.00569897 0.17713861
v 0.03535287 -0.00571390 0.17704382
v 0.03515202 -0.00588675 0.17705759
v 0.03530933 -0.00601797 0.17691275
v 0.03562027 -0.00570627 0.17690700
v 0.03560281 -0.00606693 0.17673294
v 0.03534947 -0.00625427 0.17677011
v 0.03546166 -0.00638397 0.17663654
v 0.03556542 -0.00658389 0.17645691
v 0.03526727 -0.00664984 0.17658023
v 0.03523869 -0.00645728 0.17671280
v 0.03498055 -0.00665256 0.17672159
v 0.03502335 -0.00692334 0.17653072
v 0.03531171 -0.00688400 0.17640454
v 0.03505073 -0.00716415 0.17635202
v 0.03535308 -0.00713425 0.17620724
v 0.03558783 -0.00683377 0.17628111
v 0.03576664 -0.00661676 0.17631700
v 0.03587458 -0.00676776 0.17614249
v 0.03612502 -0.00652347 0.17613026
v 0.03616154 -0.00672412 0.17595959
v 0.03637233 -0.00639139 0.17602574
v 0.03666632 -0.00605496 0.17600494
v 0.03653321 -0.00621408 0.17601791
v 0.03680780 -0.00556238 0.17618430
v 0.03682910 -0.00524371 0.17634406
v 0.03711372 -0.00500415 0.17622357
v 0.03693665 -0.00490796 0.17642773
v 0.03680543 -0.00504010 0.17647337
v 0.03714402 -0.00466690 0.17636517
v 0.03736882 -0.00472351 0.17613254
v -0.00330779 0.01166739 0.17577940
v -0.00342756 0.01150867 0.17595807
v -0.00313277 0.01154425 0.17592712
v -0.00299231 0.01137982 0.17611084
v -0.00312717 0.01123019 0.17625938
v 0.00591454 0.00463641 0.17961334
v 0.00621064 0.00480191 0.17957925
v 0.00611100 0.00509238 0.17950873
v 0.00607163 0.00534161 0.17944351
v 0.00610711 0.00568896 0.17934850
v 0.00628379 0.00549200 0.17940665
v 0.00632598 0.00519687 0.17948491
v 0.00649113 0.00496451 0.17954434
v 0.00651819 0.00471207 0.17960397
v 0.00640527 0.00441620 0.17966815
v 0.00608395 0.00436288 0.17967575
v 0.00592935 0.00399371 0.17975012
v 0.00625232 0.00147699 0.18014015
v 0.00640882 0.00176813 0.18010739
v 0.00653860 0.00138129 0.18015390
v 0.00650406 0.00103973 0.18018896
v 0.00675319 0.00107831 0.18018713
v 0.00688950 0.00074472 0.18021779
v 0.00659762 0.00076395 0.18021379
v 0.00670737 0.00046701 0.18023738
v 0.00697778 0.00036261 0.18024728
v 0.00669806 0.00004260 0.18026337
v 0.00707414 -0.00004480 0.18027301
v 0.00687608 -0.00032309 0.18028474
v 0.00719084 -0.00053110 0.18029663
v 0.00730518 -0.00114468 0.18031490
v 0.00726418 -0.00087143 0.18030939
v 0.00763950 -0.00130585 0.18031821
v 0.00732854 -0.00146722 0.18031787
v 0.00720003 -0.00170322 0.18031601
v 0.00718756 -0.00207397 0.18030948
v 0.00787465 -0.00220059 0.18031224
v 0.00804198 -0.00206616 0.18031697
v 0.00818200 -0.00181973 0.18032045
v 0.00807287 -0.00137750 0.18032045
v 0.00837522 -0.00156088 0.18032208
v 0.00850943 -0.00191898 0.18031902
v 0.00885818 -0.00187350 0.18031888
v 0.00872036 -0.00219638 0.18031238
v 0.00873268 -0.00263937 0.18029477
v 0.00849736 -0.00230084 0.18030972
v 0.00826666 -0.00257877 0.18029836
v 0.00842026 -0.00305557 0.18027240
v 0.00877480 -0.00318661 0.18026451
v 0.00906441 -0.00295715 0.18027834
v 0.00907832 -0.00339359 0.18025012
v 0.00931576 -0.00314471 0.18026584
v 0.00940676 -0.00347751 0.18024062
v 0.00948436 -0.00385211 0.18020688
v 0.00974059 -0.00394284 0.18019493
v 0.01012315 -0.00428705 0.18015054
v 0.01013620 -0.00468167 0.18009923
v 0.01038640 -0.00486569 0.18006889
v 0.01013948 -0.00508374 0.18003941
v 0.00982107 -0.00490256 0.18007182
v 0.00984060 -0.00532617 0.18000461
v 0.01016982 -0.00548553 0.17997101
v 0.01072928 -0.00546259 0.17996423
v 0.00991419 -0.00598813 0.17988214
v 0.00973443 -0.00615997 0.17985045
v 0.00974824 -0.00647006 0.17978079
v 0.01160615 -0.00569287 0.17990126
v 0.01317162 -0.00868393 0.17899301
v 0.01296949 -0.00907202 0.17883676
v 0.01358577 -0.00916769 0.17877380
v 0.01359699 -0.00891165 0.17888625
v 0.01388405 -0.00902185 0.17882852
v 0.01383491 -0.00931158 0.17869762
v 0.01406454 -0.00922458 0.17873036
v 0.01406893 -0.00945425 0.17861694
v 0.01382191 -0.00954248 0.17858191
v 0.01358830 -0.00944131 0.17864217
v 0.01329325 -0.00980084 0.17846289
v 0.01457820 -0.01040735 0.17804152
v 0.01457903 -0.01008618 0.17824567
v 0.01483596 -0.01019852 0.17816649
v 0.01487303 -0.00996378 0.17830759
v 0.01491870 -0.00970023 0.17845331
v 0.01502137 -0.00942520 0.17859042
v 0.01518837 -0.00963928 0.17847430
v 0.01536366 -0.00943399 0.17857025
v 0.01520490 -0.00914206 0.17871863
v 0.01600800 -0.00900674 0.17874426
v 0.01628661 -0.00920450 0.17863956
v 0.01660439 -0.00912210 0.17866284
v 0.01649317 -0.00932870 0.17856993
v 0.01698524 -0.00869278 0.17883554
v 0.01738923 -0.00897504 0.17869371
v 0.01730520 -0.00926318 0.17856296
v 0.01756270 -0.00913577 0.17861107
v 0.01767531 -0.00892297 0.17870164
v 0.01782174 -0.00913885 0.17859300
v 0.01762443 -0.00936401 0.17849440
v 0.01794169 -0.00938901 0.17846152
v 0.01821394 -0.00936798 0.17845438
v 0.01812732 -0.00960165 0.17833667
v 0.01842552 -0.00949722 0.17837044
v 0.01871992 -0.00937332 0.17841229
v 0.01864808 -0.00961630 0.17828891
v 0.02020898 -0.00877982 0.17859061
v 0.02190937 -0.00992523 0.17782303
v 0.02200192 -0.00964410 0.17799152
v 0.02224673 -0.00981540 0.17786456
v 0.02213350 -0.01008804 0.17769301
v 0.02234162 -0.01024448 0.17756348
v 0.02250443 -0.00998938 0.17772736
v 0.02260736 -0.01018936 0.17757895
v 0.02253095 -0.01040134 0.17742656
v 0.02287337 -0.01024921 0.17750533
v 0.02278938 -0.01004404 0.17766275
v 0.02326123 -0.01021677 0.17748503
v 0.02362346 -0.01020868 0.17744980
v 0.02384861 -0.00999039 0.17758029
v 0.02397502 -0.01018994 0.17742001
v 0.02412484 -0.00997992 0.17755331
v 0.02433286 -0.01010052 0.17743695
v 0.02439285 -0.00983109 0.17761847
v 0.02472393 -0.00993234 0.17750203
v 0.02460985 -0.01022491 0.17730325
v 0.02491390 -0.01009668 0.17735510
v 0.02492072 -0.01029852 0.17719637
v 0.02520278 -0.01011020 0.17729562
v 0.02511265 -0.00989938 0.17746567
v 0.02526122 -0.01033380 0.17710489
v 0.02494058 -0.01052679 0.17700012
v 0.02529840 -0.01057956 0.17687917
v 0.02566024 -0.01034637 0.17701556
v 0.02568273 -0.01060327 0.17677408
v 0.02597912 -0.01041214 0.17689053
v 0.02598271 -0.01024347 0.17704076
v 0.02623190 -0.01025192 0.17697658
v 0.02624238 -0.01040930 0.17683113
v 0.02650720 -0.01028464 0.17687738
v 0.02671050 -0.01015005 0.17694341
v 0.02671444 -0.01024881 0.17685527
v 0.02691780 -0.01018167 0.17685201
v 0.02690220 -0.00995850 0.17704959
v 0.02720167 -0.01000870 0.17691864
v 0.02725006 -0.00979810 0.17708521
v 0.02703176 -0.00969025 0.17722922
v 0.02735115 -0.00956982 0.17723727
v 0.02756388 -0.00967435 0.17709427
v 0.02765986 -0.00943997 0.17725018
v 0.02793164 -0.00930899 0.17727277
v 0.02994770 -0.00994586 0.17601613
v 0.02998300 -0.00974936 0.17622917
v 0.02981676 -0.00965939 0.17638416
v 0.03015794 -0.00953702 0.17638814
v 0.03030416 -0.00971707 0.17614386
v 0.03051360 -0.00946777 0.17632959
v 0.03040373 -0.00931589 0.17651628
v 0.03066012 -0.00928024 0.17646075
v 0.03060581 -0.00915396 0.17659462
v 0.03090072 -0.00910001 0.17653708
v 0.03087166 -0.00934384 0.17631792
v 0.03113762 -0.00914841 0.17640387
v 0.03119971 -0.00929633 0.17623550
v 0.03100346 -0.00949707 0.17610696
v 0.03127350 -0.00942242 0.17607196
v 0.03150882 -0.00944189 0.17593799
v 0.03116041 -0.00960080 0.17591940
v 0.03200893 -0.00925574 0.17590176
v 0.03250447 -0.00903629 0.17589709
v 0.03399353 -0.00846436 0.17575131
v 0.03371823 -0.00854547 0.17580942
v 0.03395203 -0.00830261 0.17594795
v 0.03419503 -0.00824432 0.17588348
v 0.03445491 -0.00808978 0.17590231
v 0.03455721 -0.00788248 0.17604416
v 0.03477368 -0.00789059 0.17591943
v 0.03478198 -0.00766754 0.17610970
v 0.03504897 -0.00762109 0.17600177
v 0.03505987 -0.00780542 0.17583336
v 0.03534337 -0.00754535 0.17588919
v 0.03527122 -0.00739200 0.17606113
v 0.03554839 -0.00723822 0.17601324
v 0.03504409 -0.00740692 0.17617647
v 0.03563107 -0.00700226 0.17613879
v 0.03577063 -0.00702542 0.17603267
v 0.03594559 -0.00693674 0.17597427
v 0.03583150 -0.00717065 0.17587692
v 0.03574500 -0.00737646 0.17576978
v 0.00447867 0.00294241 0.17992062
v 0.00452796 0.00259241 0.17997575
v 0.00442764 0.00225308 0.18002301
v 0.00433201 0.00193250 0.18006438
v 0.00575823 -0.00130713 0.18029785
v 0.00558461 -0.00166760 0.18029660
v 0.00544232 -0.00121457 0.18029314
v 0.00529553 -0.00157794 0.18029361
v 0.00531027 -0.00194067 0.18029050
v 0.00553181 -0.00199292 0.18029282
v 0.00589107 -0.00245779 0.18028442
v 0.00626256 -0.00247217 0.18028798
v 0.00682914 -0.00210162 0.18030472
v 0.00698608 -0.00179224 0.18031244
v 0.00699039 -0.00240878 0.18029805
v 0.00700589 -0.00279404 0.18028160
v 0.00727271 -0.00251291 0.18029666
v 0.00733519 -0.00292490 0.18027762
v 0.00708145 -0.00322574 0.18025781
v 0.00743736 -0.00338193 0.18024902
v 0.00767273 -0.00298569 0.18027574
v 0.00754325 -0.00264407 0.18029323
v 0.00786129 -0.00256561 0.18029813
v 0.00803762 -0.00300143 0.18027548
v 0.00782389 -0.00339133 0.18024928
v 0.00818310 -0.00342642 0.18024719
v 0.00813698 -0.00414972 0.18018182
v 0.00840829 -0.00413141 0.18018413
v 0.00897643 -0.00414197 0.18018015
v 0.00894041 -0.00459326 0.18012503
v 0.00924577 -0.00442651 0.18014438
v 0.00928745 -0.00408676 0.18018475
v 0.00916467 -0.00377209 0.18021793
v 0.00892399 -0.00380783 0.18021675
v 0.00899797 -0.00363760 0.18023250
v 0.00882635 -0.00357281 0.18023734
v 0.00956793 -0.00423526 0.18016455
v 0.00951870 -0.00467279 0.18010854
v 0.00983800 -0.00449203 0.18012930
v 0.00986324 -0.00416541 0.18016931
v 0.00945578 -0.00515070 0.18003796
v 0.00918608 -0.00482162 0.18009137
v 0.00900816 -0.00519992 0.18003471
v 0.00925491 -0.00549838 0.17998331
v 0.00956384 -0.00562332 0.17995763
v 0.00989614 -0.00570221 0.17993793
v 0.00971998 -0.00589401 0.17990561
v 0.00949354 -0.00598807 0.17988997
v 0.00948177 -0.00631909 0.17982013
v 0.00917493 -0.00612909 0.17986395
v 0.00925184 -0.00647583 0.17978799
v 0.00915281 -0.00676773 0.17971936
v 0.00949048 -0.00668057 0.17973581
v 0.00937090 -0.00700943 0.17965421
v 0.00909128 -0.00707394 0.17964116
v 0.00928050 -0.00732352 0.17956866
v 0.00954781 -0.00722424 0.17959146
v 0.00966555 -0.00697446 0.17965692
v 0.00976561 -0.00673380 0.17971722
v 0.00956105 -0.00752527 0.17950215
v 0.00957319 -0.00788553 0.17938927
v 0.00931462 -0.00809579 0.17932787
v 0.00938435 -0.00837378 0.17922897
v 0.01252150 -0.00936548 0.17871835
v 0.01272318 -0.00939020 0.17869952
v 0.01304362 -0.00967496 0.17854126
v 0.01274228 -0.00981860 0.17847487
v 0.01279711 -0.01013525 0.17828778
v 0.01299236 -0.01049469 0.17804897
v 0.01425761 -0.01102927 0.17760056
v 0.01434686 -0.01061575 0.17791025
v 0.01456685 -0.01066141 0.17787009
v 0.01466721 -0.01080679 0.17775854
v 0.01492182 -0.01088144 0.17768484
v 0.01460563 -0.01101355 0.17759756
v 0.01491956 -0.01112088 0.17748996
v 0.01522294 -0.01100159 0.17757028
v 0.01560409 -0.01049335 0.17793097
v 0.01536824 -0.01034222 0.17804575
v 0.01500752 -0.01040158 0.17802481
v 0.01514620 -0.01011713 0.17820267
v 0.01547525 -0.01007455 0.17821164
v 0.01531501 -0.00995651 0.17829248
v 0.01515406 -0.00985968 0.17835571
v 0.01707955 -0.00992270 0.17822061
v 0.01709685 -0.00966644 0.17836502
v 0.01712279 -0.00945035 0.17847949
v 0.01737549 -0.00954605 0.17841476
v 0.01705506 -0.00930603 0.17855482
v 0.01774275 -0.00969281 0.17831157
v 0.01736419 -0.00982062 0.17826355
v 0.01759315 -0.00999594 0.17814610
v 0.01730078 -0.01008032 0.17811176
v 0.01704691 -0.01013593 0.17809177
v 0.01719502 -0.01034351 0.17794485
v 0.01752952 -0.01024289 0.17799203
v 0.01721030 -0.01054602 0.17780179
v 0.01721541 -0.01073944 0.17765341
v 0.01787150 -0.01062836 0.17768875
v 0.01784325 -0.01034625 0.17789978
v 0.01816051 -0.01047290 0.17778423
v 0.01819919 -0.01071371 0.17759656
v 0.01795016 -0.01088199 0.17747751
v 0.01832359 -0.01094238 0.17739333
v 0.01855495 -0.01102438 0.17729919
v 0.01862787 -0.01088202 0.17741824
v 0.01845357 -0.01076083 0.17753795
v 0.01868074 -0.01067383 0.17758606
v 0.01867860 -0.01047864 0.17773599
v 0.01884597 -0.01028238 0.17785941
v 0.01846470 -0.01031763 0.17786945
v 0.01843903 -0.01057324 0.17768681
v 0.01814863 -0.01023648 0.17795306
v 0.01835213 -0.01009421 0.17802911
v 0.01812628 -0.01001947 0.17809592
v 0.01805095 -0.00982477 0.17821782
v 0.01786901 -0.00997427 0.17814255
v 0.01794810 -0.01014774 0.17802887
v 0.01775604 -0.01014484 0.17804373
v 0.01877766 -0.00981232 0.17816544
v 0.01906995 -0.01035471 0.17778882
v 0.02226660 -0.01081494 0.17709726
v 0.02252040 -0.01074289 0.17713837
v 0.02258362 -0.01057556 0.17728085
v 0.02276338 -0.01046466 0.17735284
v 0.02279806 -0.01062863 0.17721039
v 0.02276277 -0.01083517 0.17702335
v 0.02352439 -0.01062250 0.17713171
v 0.02375038 -0.01041495 0.17727567
v 0.02382387 -0.01058652 0.17712691
v 0.02368975 -0.01075916 0.17699252
v 0.02398555 -0.01069324 0.17701288
v 0.02417221 -0.01042313 0.17721060
v 0.02430671 -0.01066791 0.17698651
v 0.02459667 -0.01047629 0.17710370
v 0.02463146 -0.01069333 0.17690997
v 0.02437381 -0.01085016 0.17680899
v 0.02463690 -0.01085831 0.17675409
v 0.02493576 -0.01075604 0.17679027
v 0.02479824 -0.01096646 0.17660828
v 0.02530968 -0.01088751 0.17657249
v 0.02491067 -0.01112079 0.17641357
v 0.02520286 -0.01112704 0.17633853
v 0.02497681 -0.01127908 0.17620970
v 0.02535428 -0.01125299 0.17614368
v 0.02546155 -0.01107266 0.17633470
v 0.02571762 -0.01112411 0.17619624
v 0.02568352 -0.01129929 0.17597560
v 0.02610279 -0.01114444 0.17602890
v 0.02597844 -0.01099933 0.17626660
v 0.02572129 -0.01094968 0.17640358
v 0.02608363 -0.01081516 0.17644934
v 0.02626417 -0.01094244 0.17623637
v 0.02644009 -0.01076608 0.17638828
v 0.02633086 -0.01065021 0.17655878
v 0.02663658 -0.01057159 0.17654417
v 0.02641887 -0.01048315 0.17670901
v 0.02607342 -0.01059634 0.17668784
v 0.02672097 -0.01036505 0.17673752
v 0.02687956 -0.01044324 0.17660248
v 0.02697015 -0.01031790 0.17670313
v 0.02744728 -0.00986761 0.17696730
v 0.03029865 -0.00992862 0.17590234
v 0.03034823 -0.01008972 0.17567845
v 0.03061185 -0.00990237 0.17580467
v 0.03054534 -0.00977277 0.17598941
v 0.03067890 -0.00958820 0.17614078
v 0.03083031 -0.00970422 0.17594785
v 0.03431310 -0.00833826 0.17571823
v 0.03448712 -0.00831543 0.17564944
v 0.03462557 -0.00815308 0.17574564
v 0.03486777 -0.00799005 0.17577448
v 0.03502501 -0.00796048 0.17570520
v 0.03528178 -0.00780450 0.17568661
v 0.03555827 -0.00755539 0.17573956
v 0.03560947 -0.00737982 0.17586160
v 0.00422282 0.00304935 0.17990045
v 0.00413256 0.00181848 0.18007559
v 0.00490359 0.00010986 0.18023755
v 0.00524485 -0.00008716 0.18025339
v 0.00550661 -0.00034610 0.18026962
v 0.00521345 -0.00050879 0.18027292
v 0.00499541 -0.00029111 0.18026083
v 0.00516288 -0.00092477 0.18028458
v 0.00546059 -0.00075192 0.18028421
v 0.00573376 -0.00093381 0.18029187
v 0.00570650 -0.00058228 0.18028165
v 0.00510304 -0.00133649 0.18028984
v 0.00520924 -0.00221066 0.18028297
v 0.00570115 -0.00312796 0.18024905
v 0.00536292 -0.00332361 0.18023111
v 0.00561842 -0.00354568 0.18021931
v 0.00596349 -0.00354324 0.18022346
v 0.00604974 -0.00307953 0.18025706
v 0.00587755 -0.00282715 0.18026933
v 0.00608512 -0.00274573 0.18027579
v 0.00634664 -0.00288821 0.18027049
v 0.00632692 -0.00333981 0.18024268
v 0.00660305 -0.00360080 0.18022652
v 0.00687598 -0.00349396 0.18023764
v 0.00713726 -0.00362476 0.18022951
v 0.00686078 -0.00388422 0.18020486
v 0.00719575 -0.00399881 0.18019615
v 0.00697543 -0.00430127 0.18016286
v 0.00736299 -0.00439664 0.18015315
v 0.00704893 -0.00476151 0.18010713
v 0.00741195 -0.00484644 0.18009718
v 0.00768679 -0.00464603 0.18012355
v 0.00746593 -0.00402155 0.18019501
v 0.00737467 -0.00375784 0.18021982
v 0.00831654 -0.00438403 0.18015555
v 0.00837047 -0.00466721 0.18011838
v 0.00895011 -0.00487845 0.18008580
v 0.00839033 -0.00574933 0.17994701
v 0.00834306 -0.00702325 0.17966489
v 0.00856948 -0.00725381 0.17960016
v 0.00856479 -0.00758609 0.17950589
v 0.00883673 -0.00778796 0.17943951
v 0.00856640 -0.00788046 0.17941684
v 0.00874232 -0.00813324 0.17933002
v 0.00846008 -0.00807001 0.17935760
v 0.00850931 -0.00829379 0.17928026
v 0.00872228 -0.00851804 0.17919331
v 0.00907031 -0.00834695 0.17924731
v 0.00903506 -0.00801877 0.17936128
v 0.00921406 -0.00771854 0.17945171
v 0.00901221 -0.00864941 0.17913695
v 0.00883863 -0.00885895 0.17905783
v 0.00914736 -0.00888794 0.17903740
v 0.00928527 -0.00862262 0.17913882
v 0.00929890 -0.00911514 0.17893533
v 0.00975915 -0.00979800 0.17858986
v 0.00999667 -0.00988602 0.17853598
v 0.01232657 -0.00950940 0.17865416
v 0.01209581 -0.00968573 0.17857054
v 0.01216311 -0.00995963 0.17841704
v 0.01239880 -0.00976672 0.17851703
v 0.01248044 -0.01003745 0.17835933
v 0.01258852 -0.00957153 0.17861440
v 0.01225481 -0.01019009 0.17827580
v 0.01283761 -0.01036377 0.17814302
v 0.01416576 -0.01139703 0.17727570
v 0.01432342 -0.01123770 0.17742108
v 0.01440042 -0.01136166 0.17730127
v 0.01445059 -0.01114197 0.17749992
v 0.01449720 -0.01152405 0.17712766
v 0.01482791 -0.01144165 0.17719708
v 0.01494763 -0.01130630 0.17732321
v 0.01520598 -0.01122723 0.17737909
v 0.01553664 -0.01132877 0.17726314
v 0.01544565 -0.01113263 0.17744788
v 0.01598728 -0.01147958 0.17708728
v 0.01621882 -0.01150284 0.17704538
v 0.01639491 -0.01132352 0.17721016
v 0.01659254 -0.01114505 0.17736029
v 0.01676649 -0.01095453 0.17751199
v 0.01663581 -0.01073251 0.17769653
v 0.01591427 -0.01045401 0.17794064
v 0.01569645 -0.01026584 0.17807938
v 0.01684863 -0.01028824 0.17800188
v 0.01694100 -0.01056107 0.17780653
v 0.01691971 -0.01078757 0.17763806
v 0.01704365 -0.01093161 0.17751199
v 0.01731874 -0.01099048 0.17743863
v 0.01700170 -0.01116696 0.17730803
v 0.01739247 -0.01121613 0.17722972
v 0.01767661 -0.01105759 0.17734830
v 0.01776845 -0.01130673 0.17710559
v 0.01812847 -0.01131390 0.17706161
v 0.01800753 -0.01145340 0.17693060
v 0.01773403 -0.01152393 0.17688419
v 0.01802330 -0.01161926 0.17674104
v 0.01874500 -0.01151904 0.17677234
v 0.01894212 -0.01161771 0.17662979
v 0.01896654 -0.01147360 0.17679861
v 0.01913927 -0.01134229 0.17692093
v 0.01898284 -0.01122678 0.17705984
v 0.01917591 -0.01114587 0.17711635
v 0.02359652 -0.01094321 0.17682506
v 0.02385432 -0.01099231 0.17674429
v 0.02390746 -0.01112936 0.17658804
v 0.02414068 -0.01100446 0.17669080
v 0.02408311 -0.01084732 0.17685783
v 0.02384113 -0.01085117 0.17688882
v 0.02444673 -0.01100467 0.17663878
v 0.02418253 -0.01117715 0.17649147
v 0.02455085 -0.01114578 0.17646219
v 0.02434336 -0.01128683 0.17633273
v 0.02409128 -0.01133932 0.17630832
v 0.02426925 -0.01145670 0.17611676
v 0.02462584 -0.01129211 0.17626991
v 0.02470572 -0.01143546 0.17606425
v 0.02506046 -0.01141818 0.17600531
v 0.02481791 -0.01155643 0.17586279
v 0.02513181 -0.01153741 0.17580894
v 0.02537290 -0.01141800 0.17591579
v 0.02637742 -0.01101834 0.17609305
v 0.02672341 -0.01070737 0.17635114
v 0.02694002 -0.01056082 0.17644183
v 0.00534794 -0.00381216 0.18019360
v 0.00551484 -0.00419421 0.18016129
v 0.00571875 -0.00391653 0.18018967
v 0.00583974 -0.00440329 0.18014282
v 0.00548114 -0.00453549 0.18012485
v 0.00567049 -0.00473950 0.18010315
v 0.00586476 -0.00478931 0.18009908
v 0.00573138 -0.00507013 0.18005927
v 0.00597593 -0.00498944 0.18007394
v 0.00620396 -0.00510199 0.18005824
v 0.00630166 -0.00379221 0.18020706
v 0.00655608 -0.00395920 0.18019543
v 0.00668484 -0.00420328 0.18017230
v 0.00670187 -0.00455609 0.18013185
v 0.00693720 -0.00519003 0.18004672
v 0.00722165 -0.00510239 0.18006035
v 0.00749640 -0.00520300 0.18004517
v 0.00765767 -0.00496103 0.18008189
v 0.00781397 -0.00520633 0.18004395
v 0.00788152 -0.00489645 0.18008981
v 0.00798972 -0.00549286 0.17999612
v 0.00825593 -0.00551718 0.17998976
v 0.00811479 -0.00581985 0.17993674
v 0.00789518 -0.00572900 0.17995561
v 0.00808008 -0.00609357 0.17988335
v 0.00801192 -0.00640189 0.17981726
v 0.00806125 -0.00681473 0.17972139
v 0.00780683 -0.00669608 0.17975311
v 0.00781926 -0.00696909 0.17968611
v 0.00692639 -0.00723199 0.17962695
v 0.00799607 -0.00748578 0.17954294
v 0.00837043 -0.00851852 0.17920058
v 0.00851678 -0.00880811 0.17908626
v 0.00834160 -0.00905502 0.17898911
v 0.00864458 -0.00909723 0.17896370
v 0.00899206 -0.00917755 0.17891730
v 0.00872712 -0.00936920 0.17883934
v 0.00845488 -0.00929852 0.17888025
v 0.00853087 -0.00950827 0.17877924
v 0.00876047 -0.00964084 0.17870462
v 0.00952510 -0.01030020 0.17831111
v 0.00943174 -0.01049591 0.17819487
v 0.00935186 -0.01068716 0.17806944
v 0.01166622 -0.01006815 0.17837312
v 0.01156712 -0.00992316 0.17846080
v 0.01412171 -0.01159775 0.17706602
v 0.01390938 -0.01149298 0.17718750
v 0.01433576 -0.01170749 0.17693336
v 0.01460617 -0.01174695 0.17687334
v 0.01491039 -0.01163574 0.17698444
v 0.01487521 -0.01182599 0.17676242
v 0.01465409 -0.01189206 0.17668912
v 0.01485782 -0.01196854 0.17656995
v 0.01511640 -0.01191034 0.17663452
v 0.01511618 -0.01177692 0.17680882
v 0.01539738 -0.01183566 0.17671249
v 0.01528974 -0.01165598 0.17693858
v 0.01548584 -0.01152661 0.17706854
v 0.01598067 -0.01160400 0.17695256
v 0.01620355 -0.01165567 0.17687860
v 0.01639662 -0.01162018 0.17690549
v 0.01659454 -0.01150488 0.17701219
v 0.01658740 -0.01166916 0.17683008
v 0.01699528 -0.01143155 0.17705229
v 0.01739746 -0.01143457 0.17701340
v 0.01719597 -0.01131641 0.17715283
v 0.01671486 -0.01131842 0.17719064
v 0.01749371 -0.01160693 0.17681750
v 0.01771702 -0.01169702 0.17668570
v 0.01741599 -0.01174655 0.17665640
v 0.01765801 -0.01185602 0.17648628
v 0.01734036 -0.01189938 0.17645876
v 0.01758283 -0.01198245 0.17631299
v 0.01791403 -0.01198050 0.17627481
v 0.01797985 -0.01180304 0.17651721
v 0.01825057 -0.01190875 0.17633817
v 0.01844134 -0.01199332 0.17618915
v 0.02359866 -0.01144089 0.17624280
v 0.02380226 -0.01129822 0.17640027
v 0.02386333 -0.01145441 0.17618658
v 0.02388398 -0.01159030 0.17598131
v 0.02416200 -0.01163531 0.17586771
v 0.02448439 -0.01158084 0.17589813
v 0.02435197 -0.01168567 0.17575525
v 0.02460183 -0.01168436 0.17569972
v 0.00424154 -0.00419226 0.18014421
v 0.00543782 -0.00489276 0.18007994
v 0.00597336 -0.00524106 0.18003687
v 0.00618153 -0.00550693 0.17999550
v 0.00601038 -0.00584879 0.17993494
v 0.00633802 -0.00590091 0.17992825
v 0.00642282 -0.00561105 0.17998007
v 0.00654926 -0.00530402 0.18002864
v 0.00662445 -0.00572620 0.17996002
v 0.00685555 -0.00553131 0.17999258
v 0.00663091 -0.00607547 0.17989667
v 0.00708180 -0.00673178 0.17975247
v 0.00677843 -0.00662305 0.17978047
v 0.00694188 -0.00692856 0.17970642
v 0.00668528 -0.00701511 0.17968636
v 0.00642352 -0.00678400 0.17974484
v 0.00639933 -0.00717542 0.17964618
v 0.00664558 -0.00733603 0.17960138
v 0.00672105 -0.00802286 0.17939603
v 0.00635308 -0.00811234 0.17937231
v 0.00656756 -0.00830185 0.17930835
v 0.00677780 -0.00833896 0.17929222
v 0.00680860 -0.00878677 0.17912805
v 0.00685759 -0.00903043 0.17902867
v 0.00803536 -0.01010352 0.17847797
v 0.00833755 -0.01001074 0.17852066
v 0.00844274 -0.00973160 0.17866727
v 0.00825990 -0.01023105 0.17839981
v 0.00831791 -0.01044086 0.17826935
v 0.00899366 -0.01059747 0.17814331
v 0.00922508 -0.01042520 0.17824606
v 0.00908064 -0.01079749 0.17800409
v 0.00926496 -0.01092902 0.17789920
v 0.00901857 -0.01095068 0.17789230
v 0.00916784 -0.01112030 0.17775024
v 0.00943387 -0.01108554 0.17776813
v 0.00936773 -0.01119641 0.17767850
v 0.01456588 -0.01202621 0.17649875
v 0.01429594 -0.01214264 0.17632846
v 0.01468069 -0.01219003 0.17621671
v 0.01484613 -0.01208514 0.17638867
v 0.01509965 -0.01204581 0.17643143
v 0.01536296 -0.01198318 0.17650769
v 0.01552997 -0.01193283 0.17657147
v 0.01638486 -0.01174731 0.17675050
v 0.01670550 -0.01181241 0.17663486
v 0.01667550 -0.01194223 0.17645546
v 0.01708319 -0.01178223 0.17664011
v 0.01733122 -0.01204385 0.17624097
v 0.01738146 -0.01215463 0.17604822
v 0.01767102 -0.01210941 0.17609398
v 0.01757186 -0.01221356 0.17591487
v 0.01822914 -0.01204633 0.17613605
v 0.01826462 -0.01213962 0.17597409
v 0.01847827 -0.01210211 0.17600351
v 0.00396465 -0.00468274 0.18008694
v 0.00417319 -0.00447882 0.18011374
v 0.00427959 -0.00482706 0.18007343
v 0.00398483 -0.00506226 0.18003836
v 0.00423483 -0.00518939 0.18002448
v 0.00439700 -0.00549713 0.17997897
v 0.00533636 -0.00674042 0.17975119
v 0.00561591 -0.00693909 0.17970705
v 0.00610514 -0.00667630 0.17976923
v 0.00618219 -0.00697754 0.17969836
v 0.00630731 -0.00650052 0.17981001
v 0.00641649 -0.00626736 0.17985933
v 0.00663176 -0.00635086 0.17984241
v 0.00651096 -0.00650699 0.17980939
v 0.00571038 -0.00728833 0.17962044
v 0.00586053 -0.00797617 0.17942233
v 0.00564911 -0.00783466 0.17946881
v 0.00564409 -0.00813849 0.17937161
v 0.00565880 -0.00843143 0.17927145
v 0.00583295 -0.00864331 0.17919308
v 0.00635564 -0.00844882 0.17925977
v 0.00641960 -0.00866553 0.17918115
v 0.00663356 -0.00857428 0.17921132
v 0.00652388 -0.00890842 0.17908432
v 0.00621218 -0.00903931 0.17903564
v 0.00642133 -0.00924057 0.17894724
v 0.00610981 -0.00929617 0.17892772
v 0.00633168 -0.00952084 0.17882231
v 0.00651689 -0.00972083 0.17872160
v 0.00801994 -0.01056384 0.17819977
v 0.00788164 -0.01075168 0.17807962
v 0.00770480 -0.01086514 0.17800313
v 0.00796536 -0.01092276 0.17795294
v 0.00809554 -0.01078427 0.17804944
v 0.00806465 -0.01113428 0.17777859
v 0.00839733 -0.01136942 0.17755588
v 0.00822894 -0.01126584 0.17765945
v 0.00865127 -0.01152698 0.17738881
v 0.00905284 -0.01147861 0.17742079
v 0.00928208 -0.01130777 0.17757867
v 0.00951197 -0.01150684 0.17737257
v 0.00961207 -0.01171231 0.17715363
v 0.00986952 -0.01164090 0.17721774
v 0.00985004 -0.01182684 0.17701205
v 0.01443747 -0.01226855 0.17609517
v 0.01729213 -0.01225131 0.17586444
v 0.00387649 -0.00574930 0.17993164
v 0.00404910 -0.00542972 0.17998589
v 0.00374500 -0.00490390 0.18005544
v 0.00416575 -0.00573868 0.17993774
v 0.00407991 -0.00598962 0.17989320
v 0.00410815 -0.00631372 0.17983162
v 0.00412543 -0.00676355 0.17973836
v 0.00380849 -0.00650049 0.17979131
v 0.00375078 -0.00691116 0.17970360
v 0.00348485 -0.00661273 0.17976367
v 0.00344991 -0.00694055 0.17969345
v 0.00357373 -0.00719620 0.17963626
v 0.00373725 -0.00794998 0.17942955
v 0.00369148 -0.00766095 0.17951538
v 0.00402775 -0.00777289 0.17948401
v 0.00385118 -0.00750064 0.17956174
v 0.00367736 -0.00741776 0.17958270
v 0.00381613 -0.00725378 0.17962515
v 0.00400110 -0.00709747 0.17966328
v 0.00514320 -0.00702527 0.17968571
v 0.00515562 -0.00733121 0.17960968
v 0.00539777 -0.00713135 0.17966086
v 0.00542881 -0.00745175 0.17957916
v 0.00563259 -0.00758719 0.17954163
v 0.00546186 -0.00769772 0.17951093
v 0.00538358 -0.00794226 0.17943553
v 0.00470457 -0.00783490 0.17946829
v 0.00466346 -0.00812585 0.17937735
v 0.00492115 -0.00837903 0.17929169
v 0.00512578 -0.00868582 0.17918130
v 0.00481815 -0.00868008 0.17918471
v 0.00526281 -0.00894623 0.17908253
v 0.00550391 -0.00873065 0.17916284
v 0.00549017 -0.00904349 0.17904233
v 0.00558106 -0.00928650 0.17893900
v 0.00584002 -0.00936002 0.17890308
v 0.00601681 -0.00958261 0.17879819
v 0.00591837 -0.00990335 0.17864027
v 0.00625097 -0.00979474 0.17869086
v 0.00621132 -0.01002466 0.17857297
v 0.00633188 -0.01022522 0.17845842
v 0.00604395 -0.01018628 0.17848743
v 0.00616512 -0.01040796 0.17835544
v 0.00627332 -0.01059464 0.17823427
v 0.00780940 -0.01103418 0.17787199
v 0.00775675 -0.01120053 0.17773398
v 0.00763505 -0.01138193 0.17757466
v 0.00778167 -0.01154007 0.17741220
v 0.00748417 -0.01154919 0.17741489
v 0.00953543 -0.01186908 0.17697482
v 0.00982191 -0.01199185 0.17680954
v 0.00987996 -0.01215195 0.17658453
v 0.01006175 -0.01207095 0.17669247
v 0.01015119 -0.01216028 0.17655719
v 0.00303035 -0.00714417 0.17963832
v 0.00283955 -0.00729593 0.17959824
v 0.00256712 -0.00726242 0.17960144
v 0.00273123 -0.00762082 0.17951196
v 0.00234836 -0.00754059 0.17952679
v 0.00205504 -0.00767853 0.17948405
v 0.00225756 -0.00782901 0.17944789
v 0.00209521 -0.00794888 0.17940930
v 0.00229786 -0.00808740 0.17937218
v 0.00249439 -0.00787863 0.17943736
v 0.00258924 -0.00821451 0.17933786
v 0.00274583 -0.00796616 0.17941562
v 0.00289951 -0.00821231 0.17934192
v 0.00277496 -0.00843561 0.17926889
v 0.00304957 -0.00854181 0.17923343
v 0.00339653 -0.00852255 0.17924178
v 0.00326619 -0.00876453 0.17915613
v 0.00303111 -0.00893597 0.17908923
v 0.00332670 -0.00898581 0.17907266
v 0.00353065 -0.00882385 0.17913344
v 0.00401703 -0.00861145 0.17921088
v 0.00427715 -0.00852710 0.17924115
v 0.00435223 -0.00821158 0.17934967
v 0.00419248 -0.00802701 0.17940894
v 0.00440370 -0.00787677 0.17945518
v 0.00457425 -0.00762439 0.17952913
v 0.00459183 -0.00846094 0.17926434
v 0.00419405 -0.00879932 0.17914166
v 0.00504544 -0.00929498 0.17893968
v 0.00534517 -0.00966479 0.17876752
v 0.00539908 -0.00945499 0.17886673
v 0.00526549 -0.00922330 0.17896944
v 0.00587576 -0.01037949 0.17837875
v 0.00547989 -0.01081659 0.17810577
v 0.00619357 -0.01077637 0.17811299
v 0.00601497 -0.01059079 0.17824391
v 0.00706089 -0.01135873 0.17761827
v 0.00715796 -0.01121628 0.17774208
v 0.00731638 -0.01137976 0.17758914
v 0.00744572 -0.01121045 0.17773688
v 0.00971327 -0.01233539 0.17629030
v 0.00991226 -0.01228445 0.17636960
v 0.01010136 -0.01223648 0.17644073
v 0.00209984 -0.00862097 0.17919014
v 0.00233690 -0.00840353 0.17927126
v 0.00244090 -0.00874640 0.17915395
v 0.00257974 -0.00850159 0.17924387
v 0.00276007 -0.00869571 0.17917740
v 0.00268826 -0.00899792 0.17906299
v 0.00257169 -0.00922610 0.17897122
v 0.00254583 -0.00949646 0.17885431
v 0.00280238 -0.00962531 0.17879869
v 0.00306771 -0.00965936 0.17878328
v 0.00320493 -0.00946008 0.17887546
v 0.00323895 -0.00921768 0.17897900
v 0.00341213 -0.00940375 0.17890024
v 0.00341671 -0.00967560 0.17877563
v 0.00363377 -0.00947739 0.17886551
v 0.00381306 -0.00974966 0.17873734
v 0.00412744 -0.00996375 0.17862996
v 0.00441772 -0.00982648 0.17869562
v 0.00469146 -0.00994565 0.17863393
v 0.00487515 -0.01018820 0.17850328
v 0.00470241 -0.01038794 0.17839383
v 0.00490439 -0.01043430 0.17836482
v 0.00503135 -0.01055951 0.17828748
v 0.00513463 -0.01038644 0.17838831
v 0.00505454 -0.01070908 0.17818968
v 0.00521964 -0.01084030 0.17809564
v 0.00537505 -0.01096915 0.17799870
v 0.00540406 -0.01113242 0.17786798
v 0.00566924 -0.01121808 0.17778693
v 0.00541933 -0.01133112 0.17769458
v 0.00596239 -0.01128705 0.17771791
v 0.00612508 -0.01116476 0.17781897
v -0.01845023 0.01176697 0.17498450
v -0.01818115 0.01166254 0.17516754
v -0.01863074 0.01163608 0.17518675
v -0.01836966 0.01146973 0.17544882
v -0.01812814 0.01152521 0.17538432
v 0.00202394 -0.00914764 0.17899107
v 0.00205023 -0.00939868 0.17888770
v 0.00211707 -0.00961896 0.17879196
v 0.00206357 -0.00981873 0.17869440
v 0.00235417 -0.00975455 0.17873154
v 0.00227234 -0.00950748 0.17884608
v 0.00263438 -0.00975745 0.17873480
v 0.00259866 -0.01002747 0.17859717
v 0.00287473 -0.00986884 0.17868192
v 0.00293088 -0.01014679 0.17853839
v 0.00272582 -0.01032169 0.17843903
v 0.00297276 -0.01037674 0.17841132
v 0.00319921 -0.01028873 0.17846165
v 0.00321922 -0.00997882 0.17862665
v 0.00347933 -0.01021152 0.17850453
v 0.00357203 -0.00998004 0.17862653
v 0.00366765 -0.01016437 0.17853067
v 0.00384158 -0.01008206 0.17857182
v 0.00409349 -0.01024478 0.17848247
v 0.00427744 -0.01039536 0.17839569
v 0.00426488 -0.01059387 0.17827354
v 0.00407987 -0.01045471 0.17836209
v 0.00444583 -0.01139807 0.17766335
v -0.01888632 0.01169641 0.17507706
v -0.01901288 0.01157495 0.17525424
v -0.01875286 0.01144562 0.17546109
v -0.01903095 0.01141254 0.17548932
v -0.01890836 0.01128098 0.17567145
v -0.01920646 0.01129059 0.17563371
v -0.01909825 0.01110132 0.17587367
v -0.01879723 0.01113708 0.17585559
v -0.01856854 0.01127432 0.17570053
v -0.01856011 0.01107645 0.17593950
v -0.01833215 0.01117487 0.17583588
v -0.01826506 0.01130719 0.17567465
v -0.01806707 0.01140787 0.17554932
v -0.01770252 0.01106589 0.17598169
v 0.00184146 -0.00985068 0.17867175
v 0.00197194 -0.01003470 0.17858147
v 0.00225249 -0.01003470 0.17858752
v 0.00210736 -0.01026764 0.17845557
v 0.00185226 -0.01020508 0.17848384
v 0.00186371 -0.01046967 0.17832745
v 0.00171958 -0.01075467 0.17814430
v 0.00205379 -0.01077209 0.17814413
v 0.00228448 -0.01055582 0.17828807
v 0.00236512 -0.01085580 0.17809602
v 0.00260510 -0.01071991 0.17819180
v 0.00257814 -0.01049567 0.17833401
v 0.00242369 -0.01028699 0.17845233
v 0.00285590 -0.01057761 0.17828813
v 0.00285866 -0.01081281 0.17813455
v 0.00310080 -0.01076056 0.17817241
v 0.00304271 -0.01098730 0.17801242
v 0.00332310 -0.01092554 0.17805927
v 0.00337396 -0.01070691 0.17820837
v 0.00315649 -0.01053284 0.17831873
v 0.00344207 -0.01046692 0.17835760
v 0.00386952 -0.01094202 0.17804095
v 0.00355958 -0.01086487 0.17810107
v 0.00356894 -0.01106216 0.17795772
v 0.00378255 -0.01116248 0.17787872
v 0.00358683 -0.01130649 0.17776263
v 0.00391417 -0.01132544 0.17774248
v 0.00380576 -0.01155164 0.17754158
v 0.00415366 -0.01148389 0.17759537
v 0.00418468 -0.01126767 0.17778445
v 0.00397950 -0.01115854 0.17787886
v 0.00443511 -0.01161316 0.17746445
v 0.00414502 -0.01172491 0.17736270
v 0.00445139 -0.01178802 0.17728589
v -0.01937845 0.01160312 0.17517233
v -0.01927704 0.01144974 0.17541330
v -0.01957744 0.01146051 0.17536081
v -0.01945888 0.01133139 0.17555383
v -0.01946894 0.01114288 0.17578584
v -0.01976724 0.01129230 0.17556308
v -0.01982932 0.01106891 0.17582993
v -0.01960312 0.01091504 0.17603047
v -0.01932391 0.01097260 0.17599960
v -0.01913313 0.01092450 0.17607205
v -0.01931978 0.01075958 0.17622441
v -0.01907280 0.01083716 0.17617023
v -0.01885473 0.01093256 0.17608089
v -0.01898671 0.01071661 0.17629446
v -0.01866207 0.01072836 0.17629929
v -0.01853396 0.01090842 0.17612408
v -0.01827912 0.01100781 0.17602615
v -0.01831806 0.01077805 0.17626324
v -0.01771307 0.01069992 0.17636447
v -0.01755987 0.01090106 0.17616455
v -0.01756642 0.01057996 0.17648732
v -0.01742687 0.01055319 0.17651512
v -0.01752923 0.01044031 0.17661272
v 0.00141023 -0.01081528 0.17809344
v 0.00083792 -0.01079611 0.17808521
v 0.00087718 -0.01104333 0.17791980
v 0.00064255 -0.01092184 0.17799422
v 0.00091076 -0.01124878 0.17776964
v 0.00114855 -0.01118365 0.17782651
v 0.00114477 -0.01145035 0.17761310
v 0.00138386 -0.01131024 0.17773596
v 0.00144257 -0.01109518 0.17790178
v 0.00165459 -0.01130560 0.17774619
v 0.00153124 -0.01149823 0.17758092
v 0.00172670 -0.01113104 0.17788553
v 0.00164320 -0.01096326 0.17800391
v 0.00215197 -0.01112982 0.17789751
v 0.00217429 -0.01097379 0.17801236
v 0.00238455 -0.01109082 0.17792963
v 0.00261897 -0.01126926 0.17779164
v 0.00298724 -0.01125171 0.17780762
v 0.00329913 -0.01115063 0.17789053
v 0.00329292 -0.01134933 0.17773022
v 0.00345336 -0.01151794 0.17758156
v 0.00314430 -0.01150134 0.17759752
v 0.00331805 -0.01168906 0.17742281
v 0.00358053 -0.01168689 0.17742091
v 0.00381693 -0.01178934 0.17730952
v 0.00404608 -0.01190225 0.17717924
v 0.00381789 -0.01197992 0.17710129
v 0.00391103 -0.01239410 0.17654684
v 0.00391561 -0.01250568 0.17636200
v -0.01973108 0.01160205 0.17512358
v -0.01985440 0.01145895 0.17532326
v -0.02009599 0.01136670 0.17541789
v -0.02008977 0.01118732 0.17565314
v -0.02024865 0.01126126 0.17553824
v -0.02014934 0.01097757 0.17589233
v -0.01990179 0.01087396 0.17604097
v -0.02015169 0.01073947 0.17615259
v -0.02012645 0.01053415 0.17636565
v -0.01977938 0.01064911 0.17628848
v -0.01995767 0.01039261 0.17651949
v -0.01969570 0.01041745 0.17652194
v -0.01948522 0.01053055 0.17643495
v -0.01945502 0.01030731 0.17664177
v -0.01918020 0.01050082 0.17648721
v -0.01883552 0.01051877 0.17649136
v -0.01899489 0.01035379 0.17663348
v -0.01874567 0.01029788 0.17669211
v -0.01845280 0.01020886 0.17677908
v -0.01777726 0.01049011 0.17656003
v -0.01772898 0.01030249 0.17672430
v -0.01780147 0.01006271 0.17691522
v -0.01794013 0.00963821 0.17722534
v -0.01793357 0.00939014 0.17739017
v 0.00079408 -0.01139230 0.17765274
v 0.00066537 -0.01154047 0.17752382
v 0.00090300 -0.01156116 0.17751456
v 0.00109197 -0.01169153 0.17739914
v 0.00159856 -0.01188339 0.17721370
v 0.00251887 -0.01147928 0.17761407
v 0.00230870 -0.01129330 0.17776981
v 0.00282693 -0.01147665 0.17761823
v 0.00270419 -0.01163504 0.17747379
v 0.00299501 -0.01170059 0.17741092
v 0.00302105 -0.01191818 0.17718515
v 0.00322768 -0.01183731 0.17727441
v 0.00351610 -0.01186676 0.17723755
v 0.00329588 -0.01199188 0.17710370
v 0.00356734 -0.01206403 0.17701355
v 0.00334985 -0.01216821 0.17688716
v 0.00310353 -0.01207159 0.17700964
v 0.00352686 -0.01228726 0.17672530
v 0.00360577 -0.01219775 0.17684711
v 0.00376542 -0.01229330 0.17670712
v 0.00363967 -0.01241391 0.17652890
v 0.00342121 -0.01248593 0.17641360
v 0.00367096 -0.01255759 0.17628427
v 0.00367124 -0.01267572 0.17605800
v 0.00360607 -0.01276855 0.17585562
v -0.02121626 0.01130951 0.17530420
v -0.02080414 0.01093976 0.17584322
v -0.02026552 0.01033145 0.17654236
v -0.02031131 0.01008704 0.17675389
v -0.02023931 0.00981638 0.17698009
v -0.02005773 0.01004169 0.17681746
v -0.02007866 0.01021204 0.17667159
v -0.01980517 0.01018958 0.17671414
v -0.01985818 0.00988602 0.17695706
v -0.01953876 0.01004535 0.17685478
v -0.01929575 0.01014883 0.17678955
v -0.01918983 0.01029370 0.17667479
v -0.01902727 0.01014020 0.17681117
v -0.01927180 0.00994040 0.17695453
v -0.01897852 0.00987140 0.17702252
v -0.01871994 0.01005136 0.17689630
v -0.01867901 0.00978351 0.17710126
v -0.01844120 0.00998633 0.17695901
v -0.01836857 0.00976096 0.17712811
v -0.01815034 0.00997559 0.17697528
v -0.01828150 0.01011758 0.17686151
v -0.01813312 0.00974329 0.17714801
v -0.01794732 0.00984918 0.17707622
v -0.01826328 0.00947662 0.17732487
v -0.01854921 0.00958136 0.17724779
v -0.01867187 0.00931592 0.17741559
v -0.01876709 0.00955423 0.17725879
v -0.01900512 0.00941867 0.17733734
v -0.01868433 0.00896359 0.17762964
v -0.01862024 0.00867029 0.17779778
v -0.01843371 0.00887976 0.17768689
v -0.01838852 0.00913718 0.17753580
v -0.01815476 0.00894794 0.17765366
v -0.01812735 0.00922177 0.17749185
v -0.01790024 0.00914215 0.17754469
v -0.01832398 0.00866571 0.17780743
v 0.00081962 -0.01171243 0.17737228
v 0.00100715 -0.01184796 0.17724458
v 0.00128106 -0.01186719 0.17722910
v 0.00112568 -0.01202783 0.17705414
v 0.00146675 -0.01204181 0.17704153
v 0.00136356 -0.01218076 0.17687910
v 0.00113444 -0.01218640 0.17687051
v 0.00128341 -0.01229581 0.17673083
v 0.00152404 -0.01230655 0.17671410
v 0.00341319 -0.01259927 0.17621019
v -0.02236793 0.01094507 0.17558945
v -0.02212337 0.01082492 0.17578125
v -0.02115373 0.01117117 0.17550513
v -0.02107202 0.01101358 0.17571777
v -0.02154583 0.01073709 0.17597214
v -0.02163617 0.01052954 0.17619168
v -0.02149026 0.01044730 0.17629584
v -0.02163834 0.01035071 0.17637289
v -0.02164974 0.01011853 0.17658620
v -0.02171129 0.00988034 0.17678864
v -0.02165624 0.00963126 0.17699617
v -0.02133806 0.00964740 0.17701517
v -0.02145673 0.00940915 0.17718530
v -0.02178023 0.00930933 0.17722826
v -0.02156571 0.00910062 0.17739383
v -0.02128158 0.00925192 0.17731439
v -0.02112327 0.00949500 0.17715155
v -0.02098989 0.00921762 0.17735989
v -0.02082770 0.00946890 0.17719543
v -0.02085758 0.00969888 0.17701935
v -0.02111678 0.00974811 0.17695676
v -0.02092771 0.00994553 0.17681165
v -0.02056518 0.00961761 0.17710521
v -0.02060636 0.00929916 0.17733075
v -0.02027502 0.00950458 0.17720999
v -0.02026827 0.00920889 0.17741379
v -0.01995188 0.00940964 0.17729831
v -0.02002351 0.00965643 0.17711920
v -0.01979686 0.00964935 0.17714008
v -0.01955133 0.00977948 0.17705887
v -0.01960309 0.00949887 0.17725647
v -0.01971118 0.00922675 0.17743385
v -0.01999012 0.00910080 0.17750017
v -0.01978024 0.00900250 0.17757217
v -0.01957809 0.00905807 0.17754601
v -0.01938742 0.00898450 0.17759576
v -0.01964707 0.00879007 0.17770036
v -0.01956347 0.00843515 0.17789684
v -0.01868926 0.00815204 0.17806325
v -0.01841104 0.00812683 0.17808044
v -0.01850735 0.00840170 0.17794232
v -0.01896812 0.00713507 0.17851277
v -0.01860497 0.00717584 0.17850191
v -0.01877795 0.00692746 0.17859937
v -0.00051875 -0.01211475 0.17690768
v -0.00044017 -0.01226025 0.17674434
v -0.00067486 -0.01233875 0.17663770
v -0.00039407 -0.01241107 0.17655327
v 0.00001022 -0.01228656 0.17672278
v 0.00090886 -0.01212137 0.17694061
v 0.00038359 -0.01196039 0.17710352
v 0.00143828 -0.01238489 0.17660350
v -0.02543855 0.01059772 0.17543018
v -0.02541637 0.01044211 0.17563062
v -0.02529518 0.01033542 0.17577728
v -0.02466384 0.01047543 0.17573495
v -0.02463054 0.01070444 0.17545763
v -0.02486730 0.01077783 0.17531326
v -0.02322193 0.01079767 0.17562057
v -0.02298485 0.01069489 0.17579144
v -0.02292866 0.01089597 0.17555414
v -0.02311076 0.01095718 0.17543777
v -0.02293026 0.01103555 0.17536646
v -0.02265741 0.01103903 0.17541183
v -0.02267868 0.01082578 0.17568788
v -0.02242873 0.01073840 0.17583865
v -0.02271551 0.01061615 0.17593242
v -0.02246242 0.01054263 0.17605804
v -0.02223446 0.01065118 0.17597314
v -0.02223136 0.01050674 0.17613315
v -0.02209395 0.01037936 0.17628378
v -0.02184027 0.01042719 0.17627097
v -0.02190505 0.01023416 0.17645113
v -0.02222176 0.01014410 0.17649460
v -0.02243894 0.01031812 0.17629575
v -0.02255117 0.01005429 0.17653427
v -0.02278663 0.01017126 0.17638872
v -0.02283839 0.00995816 0.17658145
v -0.02267304 0.00981818 0.17672914
v -0.02235526 0.00989377 0.17670441
v -0.02250308 0.00965442 0.17688864
v -0.02277605 0.00960394 0.17689453
v -0.02266802 0.00938187 0.17708191
v -0.02235618 0.00950055 0.17702859
v -0.02219567 0.00970734 0.17688104
v -0.02205138 0.00947681 0.17707761
v -0.02236717 0.00926526 0.17720360
v -0.02208945 0.00916556 0.17730312
v -0.02186652 0.00905328 0.17740106
v -0.02209310 0.00890341 0.17748227
v -0.02238277 0.00896613 0.17741338
v -0.02229561 0.00875803 0.17755875
v -0.02212061 0.00868713 0.17761731
v -0.02205182 0.00847534 0.17774652
v -0.02173179 0.00840784 0.17780734
v -0.02154008 0.00865817 0.17767810
v -0.02149626 0.00886545 0.17755495
v -0.02129516 0.00876016 0.17763393
v -0.02127594 0.00902136 0.17747095
v -0.02103107 0.00891415 0.17755609
v -0.02078829 0.00905081 0.17748544
v -0.02078226 0.00880420 0.17763931
v -0.02053514 0.00900357 0.17753076
v -0.02051439 0.00872357 0.17770242
v -0.02025517 0.00891690 0.17760025
v -0.01997793 0.00882196 0.17767001
v -0.02024894 0.00862512 0.17777167
v -0.01994973 0.00847888 0.17786295
v -0.02030118 0.00832022 0.17793591
v -0.02009374 0.00817740 0.17801836
v -0.01981968 0.00816293 0.17803284
v -0.02004370 0.00793503 0.17814062
v -0.01979092 0.00789136 0.17816748
v -0.01963806 0.00764346 0.17828450
v -0.01932269 0.00775250 0.17824065
v -0.01939425 0.00749667 0.17835509
v -0.01934863 0.00718555 0.17848640
v -0.01959502 0.00733963 0.17841904
v -0.01968501 0.00705652 0.17853317
v -0.01900097 0.00676233 0.17865790
v -0.01930815 0.00652820 0.17873717
v -0.01899742 0.00643082 0.17877664
v -0.01873015 0.00665237 0.17870233
v -0.00060867 -0.01245901 0.17648392
v -0.00066189 -0.01254764 0.17635236
v -0.00069848 -0.01263870 0.17620032
v -0.00074337 -0.01272858 0.17602252
v -0.00049028 -0.01270013 0.17608762
v -0.00049334 -0.01261926 0.17624005
v -0.00040856 -0.01253653 0.17637202
v -0.02603782 0.01039307 0.17554343
v -0.02568742 0.01043771 0.17557663
v -0.02585529 0.01029367 0.17571011
v -0.02560554 0.01026694 0.17579303
v -0.02586575 0.01016199 0.17585303
v -0.02573446 0.01003860 0.17600557
v -0.02539195 0.01013071 0.17597940
v -0.02554461 0.00987524 0.17620337
v -0.02517163 0.00997928 0.17617413
v -0.02481335 0.01007681 0.17614600
v -0.02465705 0.01027689 0.17596497
v -0.02448088 0.01015585 0.17612683
v -0.02462121 0.00992892 0.17632780
v -0.02426110 0.01001196 0.17630855
v -0.02421287 0.01022568 0.17610275
v -0.02432709 0.01039142 0.17589795
v -0.02399074 0.01036417 0.17599101
v -0.02398536 0.01057559 0.17574547
v -0.02372535 0.01050278 0.17587949
v -0.02301361 0.01046933 0.17604356
v -0.02299816 0.01026767 0.17625900
v -0.02273445 0.01040146 0.17616470
v -0.02350292 0.00984265 0.17658554
v -0.02333795 0.00973450 0.17670462
v -0.02302055 0.00972330 0.17675958
v -0.02333910 0.00949326 0.17690430
v -0.02302027 0.00942459 0.17700317
v -0.02332384 0.00920505 0.17713037
v -0.02299931 0.00911993 0.17723586
v -0.02329443 0.00897910 0.17730045
v -0.02313922 0.00887198 0.17739401
v -0.02289463 0.00887314 0.17742175
v -0.02265995 0.00908112 0.17730444
v -0.02265218 0.00886127 0.17745750
v -0.02252673 0.00870651 0.17756909
v -0.02280009 0.00866400 0.17756812
v -0.02267542 0.00845969 0.17770285
v -0.02235797 0.00851190 0.17770105
v -0.02255482 0.00825198 0.17783002
v -0.02288202 0.00816263 0.17784904
v -0.02228461 0.00822433 0.17786765
v -0.02215777 0.00797073 0.17801093
v -0.02228682 0.00764258 0.17816249
v -0.02195495 0.00775525 0.17813298
v -0.02206490 0.00742728 0.17827873
v -0.02174087 0.00754800 0.17824490
v -0.02164700 0.00786029 0.17810272
v -0.02183470 0.00806705 0.17798502
v -0.02150781 0.00816022 0.17795744
v -0.02135860 0.00792972 0.17808612
v -0.02110512 0.00820898 0.17795422
v -0.02137256 0.00847089 0.17779639
v -0.02105873 0.00861298 0.17773445
v -0.02076966 0.00850232 0.17781400
v -0.02066210 0.00817526 0.17799501
v -0.02049870 0.00847211 0.17784592
v -0.02035698 0.00797659 0.17810893
v -0.02065505 0.00786197 0.17815369
v -0.02078835 0.00765881 0.17824484
v -0.02104631 0.00749258 0.17830763
v -0.02077235 0.00744077 0.17834317
v -0.02051854 0.00762033 0.17827145
v -0.02058597 0.00722308 0.17844075
v -0.02024613 0.00743610 0.17836124
v -0.02025976 0.00706812 0.17851340
v -0.01991111 0.00730447 0.17842566
v -0.01998055 0.00691254 0.17858273
v -0.01977109 0.00676712 0.17864363
v -0.01998795 0.00657730 0.17870840
v -0.01969764 0.00646222 0.17875433
v -0.01921324 0.00621387 0.17884639
v -0.01925699 0.00589200 0.17894698
v -0.01898684 0.00609930 0.17888605
v -0.00066059 -0.01280136 0.17586432
v -0.00052191 -0.01277216 0.17593463
v -0.02876205 0.00936343 0.17577850
v -0.02888824 0.00913116 0.17596828
v -0.02860785 0.00917596 0.17602377
v -0.02841080 0.00937930 0.17589090
v -0.02800875 0.00954547 0.17585870
v -0.02824596 0.00920328 0.17611702
v -0.02788377 0.00930502 0.17613681
v -0.02759762 0.00948706 0.17605336
v -0.02751390 0.00975928 0.17580774
v -0.02721350 0.00993625 0.17572025
v -0.02697608 0.01015509 0.17554893
v -0.02660740 0.01025302 0.17555333
v -0.02637585 0.01039868 0.17544463
v -0.02635061 0.01022705 0.17565672
v -0.02608517 0.01018845 0.17577057
v -0.02635396 0.01002847 0.17587100
v -0.02664862 0.01007608 0.17573975
v -0.02665812 0.00985193 0.17596915
v -0.02694944 0.00991693 0.17582191
v -0.02700366 0.00967102 0.17605301
v -0.02666364 0.00959433 0.17621179
v -0.02633253 0.00980121 0.17610071
v -0.02631869 0.00953629 0.17634724
v -0.02670632 0.00924423 0.17650682
v -0.02627386 0.00930460 0.17655913
v -0.02598732 0.00948026 0.17647275
v -0.02595135 0.00977090 0.17621661
v -0.02569369 0.00963583 0.17639627
v -0.02532976 0.00967334 0.17643311
v -0.02565886 0.00936099 0.17664296
v -0.02528354 0.00942203 0.17666313
v -0.02501199 0.00958228 0.17657440
v -0.02494954 0.00983157 0.17636043
v -0.02475498 0.00972647 0.17649318
v -0.02447380 0.00974808 0.17651840
v -0.02472297 0.00952313 0.17667340
v -0.02435841 0.00948840 0.17675696
v -0.02470757 0.00927676 0.17687465
v -0.02445441 0.00910550 0.17704367
v -0.02403150 0.00934338 0.17692235
v -0.02399462 0.00960947 0.17671326
v -0.02366609 0.00958994 0.17677771
v -0.02379185 0.00982034 0.17656122
v -0.02412993 0.00978760 0.17653732
v -0.02390601 0.01002551 0.17635269
v -0.02401111 0.01018539 0.17617896
v -0.02367132 0.00926147 0.17703783
v -0.02404896 0.00898483 0.17719157
v -0.02417924 0.00876105 0.17733542
v -0.02428264 0.00857935 0.17744266
v -0.02413918 0.00841129 0.17756708
v -0.02385899 0.00841177 0.17760101
v -0.02366768 0.00864435 0.17747800
v -0.02349808 0.00843408 0.17762961
v -0.02339001 0.00875034 0.17744345
v -0.02312099 0.00862189 0.17755774
v -0.02319478 0.00829498 0.17774510
v -0.02293414 0.00844354 0.17768675
v -0.02323611 0.00798407 0.17791371
v -0.02350013 0.00810648 0.17782045
v -0.02350794 0.00784436 0.17796205
v -0.02332862 0.00768231 0.17806152
v -0.02300551 0.00779721 0.17803067
v -0.02314599 0.00752698 0.17815298
v -0.02257784 0.00750436 0.17820566
v -0.02277043 0.00716022 0.17834633
v -0.02239109 0.00729517 0.17831488
v -0.02247310 0.00689249 0.17848047
v -0.02217518 0.00712949 0.17840224
v -0.02210570 0.00684253 0.17852428
v -0.02184240 0.00717850 0.17840172
v -0.02174420 0.00682474 0.17855232
v -0.02202134 0.00649194 0.17866423
v -0.02172783 0.00648965 0.17868137
v -0.02187545 0.00617654 0.17878593
v -0.02153620 0.00628717 0.17876253
v -0.02146287 0.00665732 0.17863077
v -0.02120615 0.00645560 0.17871518
v -0.02113071 0.00687131 0.17856256
v -0.02143348 0.00700266 0.17849756
v -0.02119680 0.00718817 0.17843246
v -0.02145061 0.00736560 0.17834326
v -0.02161739 0.00709515 0.17845090
v -0.02148756 0.00768616 0.17819690
v -0.02124270 0.00771463 0.17819670
v -0.02116404 0.00793243 0.17809579
v -0.02092446 0.00719705 0.17844043
v -0.02081655 0.00695261 0.17854308
v -0.02056648 0.00683020 0.17859763
v -0.02087655 0.00663049 0.17866327
v -0.02059145 0.00640500 0.17875293
v -0.02027030 0.00668881 0.17865958
v -0.02023727 0.00632697 0.17878972
v -0.01997249 0.00629385 0.17880782
v -0.02011885 0.00596445 0.17891116
v -0.02048397 0.00602048 0.17888568
v -0.02041867 0.00563812 0.17900583
v -0.02009552 0.00552615 0.17904355
v -0.01980342 0.00580399 0.17896590
v -0.01982187 0.00612872 0.17886490
v -0.01952666 0.00572568 0.17899329
v -0.03163890 0.00803583 0.17587350
v -0.03142632 0.00802386 0.17597650
v -0.03122950 0.00821869 0.17589267
v -0.03094306 0.00833151 0.17590828
v -0.03114066 0.00805035 0.17607237
v -0.03082444 0.00812607 0.17613475
v -0.03070705 0.00833496 0.17600154
v -0.03046814 0.00828391 0.17613771
v -0.03018537 0.00858804 0.17597958
v -0.02941956 0.00901428 0.17588187
v -0.02967802 0.00886618 0.17592540
v -0.02947262 0.00874002 0.17611841
v -0.02913561 0.00895340 0.17604581
v -0.02909644 0.00866827 0.17631094
v -0.02881481 0.00895093 0.17616168
v -0.02863492 0.00874957 0.17639502
v -0.02888251 0.00842706 0.17657727
v -0.02844745 0.00850653 0.17664780
v -0.02836998 0.00873978 0.17648770
v -0.02830717 0.00892426 0.17635054
v -0.02852257 0.00900455 0.17621204
v -0.02797869 0.00906192 0.17632901
v -0.02808870 0.00876443 0.17654756
v -0.02775804 0.00894394 0.17649380
v -0.02769580 0.00869577 0.17670979
v -0.02743902 0.00897110 0.17655676
v -0.02758713 0.00920856 0.17631314
v -0.02717770 0.00921817 0.17641592
v -0.02727465 0.00944672 0.17618816
v -0.02731766 0.00963416 0.17599982
v -0.02719935 0.00978748 0.17588333
v -0.02696496 0.00943860 0.17627780
v -0.02709467 0.00897806 0.17663727
v -0.02709398 0.00879141 0.17678569
v -0.02712993 0.00855151 0.17695239
v -0.02624795 0.00870197 0.17703482
v -0.02599674 0.00886832 0.17696758
v -0.02590784 0.00909811 0.17681015
v -0.02577687 0.00897589 0.17693405
v -0.02575885 0.00881815 0.17705165
v -0.02556472 0.00895963 0.17698318
v -0.02565809 0.00911844 0.17684537
v -0.02538447 0.00918033 0.17684422
v -0.02531756 0.00897681 0.17701093
v -0.02517635 0.00910507 0.17693811
v -0.02503598 0.00929541 0.17680902
v -0.02549504 0.00866803 0.17719833
v -0.02511916 0.00859976 0.17730487
v -0.02477227 0.00865179 0.17732364
v -0.02465270 0.00887845 0.17718417
v -0.02441671 0.00878940 0.17728140
v -0.02453046 0.00854260 0.17743271
v -0.02446222 0.00827509 0.17760851
v -0.02472063 0.00840207 0.17749573
v -0.02484029 0.00815170 0.17763065
v -0.02464970 0.00795987 0.17776828
v -0.02441434 0.00803357 0.17775761
v -0.02442322 0.00779099 0.17788956
v -0.02412571 0.00776654 0.17793716
v -0.02429311 0.00750006 0.17805521
v -0.02398131 0.00755463 0.17806198
v -0.02380879 0.00787646 0.17791270
v -0.02366773 0.00755911 0.17809052
v -0.02388020 0.00738409 0.17815630
v -0.02375879 0.00718710 0.17825739
v -0.02341025 0.00736646 0.17820563
v -0.02344065 0.00697607 0.17837653
v -0.02378337 0.00684979 0.17840314
v -0.02364622 0.00658069 0.17852461
v -0.02327119 0.00663449 0.17853128
v -0.02309468 0.00694516 0.17841638
v -0.02312110 0.00725226 0.17828105
v -0.02287090 0.00669138 0.17853532
v -0.02310791 0.00636624 0.17864767
v -0.02275947 0.00623697 0.17871613
v -0.02262055 0.00658847 0.17859309
v -0.02237930 0.00652435 0.17863141
v -0.02267320 0.00576340 0.17888766
v -0.02295708 0.00584027 0.17884808
v -0.02294101 0.00555530 0.17894507
v -0.02272567 0.00527853 0.17904250
v -0.02235950 0.00557690 0.17896376
v -0.02200806 0.00578473 0.17891217
v -0.02166350 0.00591257 0.17888516
v -0.02178894 0.00558121 0.17898694
v -0.02149058 0.00561533 0.17898657
v -0.02128236 0.00601935 0.17886359
v -0.02114807 0.00565295 0.17898563
v -0.02098356 0.00594290 0.17889940
v -0.02078093 0.00570883 0.17897736
v -0.02075770 0.00606848 0.17886429
v -0.02094944 0.00625562 0.17879526
v -0.02100844 0.00532129 0.17908755
v -0.02066696 0.00530505 0.17909805
v -0.02036661 0.00529312 0.17910632
v -0.03228239 0.00747275 0.17602301
v -0.03200404 0.00769028 0.17598825
v -0.03170688 0.00778220 0.17604959
v -0.03195929 0.00747195 0.17617537
v -0.03163176 0.00749481 0.17630045
v -0.03137956 0.00778604 0.17618686
v -0.03132965 0.00755008 0.17638611
v -0.03103330 0.00779230 0.17632040
v -0.03111279 0.00744113 0.17655040
v -0.03078927 0.00762668 0.17654037
v -0.03064726 0.00794019 0.17635391
v -0.03029398 0.00804288 0.17640515
v -0.03002318 0.00834570 0.17625639
v -0.02999893 0.00808246 0.17648163
v -0.03015265 0.00783594 0.17661639
v -0.02983771 0.00792401 0.17665710
v -0.02968207 0.00824594 0.17646097
v -0.02948588 0.00801324 0.17670354
v -0.02928369 0.00833029 0.17652632
v -0.02944626 0.00850064 0.17633557
v -0.02969258 0.00850027 0.17624939
v -0.02983449 0.00865015 0.17606406
v -0.02910438 0.00810522 0.17675504
v -0.02930522 0.00778558 0.17692300
v -0.02894015 0.00787387 0.17697115
v -0.02872434 0.00818124 0.17681383
v -0.02860093 0.00794946 0.17701753
v -0.02877137 0.00767725 0.17715385
v -0.02913024 0.00752496 0.17714827
v -0.02887087 0.00742676 0.17728537
v -0.02861209 0.00751117 0.17730290
v -0.02846959 0.00775867 0.17718234
v -0.02832715 0.00757596 0.17733197
v -0.02848839 0.00736011 0.17742365
v -0.02824146 0.00733740 0.17749023
v -0.02797491 0.00763196 0.17737437
v -0.02817277 0.00783862 0.17720264
v -0.02789796 0.00792709 0.17720828
v -0.02803441 0.00813818 0.17703369
v -0.02832946 0.00798117 0.17706961
v -0.02836686 0.00820511 0.17689905
v -0.02806145 0.00845428 0.17679662
v -0.02773321 0.00839511 0.17692651
v -0.02746832 0.00855652 0.17687421
v -0.02746140 0.00836261 0.17701428
v -0.02767612 0.00814337 0.17711520
v -0.02729833 0.00815027 0.17719037
v -0.02693252 0.00831268 0.17716005
v -0.02664131 0.00824478 0.17726550
v -0.02666424 0.00796146 0.17743848
v -0.02633804 0.00813531 0.17739709
v -0.02632028 0.00843970 0.17720296
v -0.02609941 0.00834497 0.17731128
v -0.02605566 0.00817935 0.17742542
v -0.02612627 0.00795389 0.17754654
v -0.02589382 0.00809512 0.17750409
v -0.02582110 0.00835257 0.17735571
v -0.02565869 0.00817166 0.17749582
v -0.02558373 0.00838492 0.17737497
v -0.02596255 0.00860229 0.17716281
v -0.02536103 0.00833517 0.17744031
v -0.02548547 0.00804120 0.17760060
v -0.02518711 0.00808536 0.17761917
v -0.02499977 0.00837399 0.17747144
v -0.02502396 0.00779633 0.17780656
v -0.02541343 0.00779599 0.17775095
v -0.02538256 0.00742178 0.17795514
v -0.02559421 0.00761139 0.17782515
v -0.02577311 0.00741357 0.17790015
v -0.02569291 0.00709961 0.17807127
v -0.02543584 0.00707806 0.17812250
v -0.02558211 0.00683786 0.17821413
v -0.02535417 0.00690613 0.17821704
v -0.02516708 0.00711252 0.17814261
v -0.02520654 0.00685074 0.17826244
v -0.02537878 0.00663919 0.17833121
v -0.02513093 0.00668445 0.17834454
v -0.02500134 0.00689951 0.17826450
v -0.02494450 0.00667850 0.17836772
v -0.02472979 0.00688840 0.17829776
v -0.02482896 0.00716806 0.17815733
v -0.02496000 0.00744586 0.17800226
v -0.02462227 0.00746600 0.17803481
v -0.02473567 0.00769449 0.17790268
v -0.02449346 0.00718097 0.17818756
v -0.02411372 0.00722556 0.17820602
v -0.02401674 0.00693179 0.17834729
v -0.02405489 0.00656174 0.17849820
v -0.02446811 0.00638965 0.17853131
v -0.02473708 0.00656601 0.17843500
v -0.02478332 0.00626025 0.17855405
v -0.02462328 0.00598712 0.17867279
v -0.02423630 0.00612698 0.17865340
v -0.02437723 0.00578787 0.17876620
v -0.02386017 0.00621460 0.17865111
v -0.02372238 0.00596344 0.17875644
v -0.02346739 0.00623410 0.17867340
v -0.02349303 0.00584116 0.17881573
v -0.02317093 0.00602386 0.17877072
v -0.02324075 0.00561243 0.17890933
v -0.02359902 0.00549243 0.17892659
v -0.02375741 0.00570898 0.17884373
v -0.02393844 0.00543011 0.17892172
v -0.02374824 0.00510254 0.17903821
v -0.02341561 0.00524847 0.17901665
v -0.02350466 0.00497662 0.17909331
v -0.02366893 0.00479504 0.17913361
v -0.02339765 0.00470511 0.17917424
v -0.02329203 0.00502383 0.17909198
v -0.02303335 0.00490793 0.17913785
v -0.02311479 0.00449655 0.17924420
v -0.02287212 0.00466333 0.17921426
v -0.02284529 0.00437436 0.17928877
v -0.02264425 0.00462640 0.17923373
v -0.02272212 0.00490411 0.17915518
v -0.02247800 0.00487872 0.17917203
v -0.02240784 0.00462799 0.17924098
v -0.02257872 0.00506042 0.17911693
v -0.02225129 0.00445642 0.17928745
v -0.02172994 0.00477454 0.17922046
v -0.02167468 0.00445279 0.17930362
v -0.02141163 0.00465808 0.17925856
v -0.02148274 0.00498944 0.17917017
v -0.02134310 0.00529941 0.17908626
v -0.02121102 0.00499173 0.17917587
v -0.02090093 0.00495978 0.17918906
v -0.02111936 0.00471295 0.17925052
v -0.02119977 0.00442902 0.17931805
v -0.02113062 0.00400211 0.17941417
v -0.02070296 0.00413681 0.17939099
v -0.02082869 0.00377399 0.17946703
v -0.03342148 0.00636121 0.17619913
v -0.03315948 0.00648245 0.17627299
v -0.03312448 0.00674893 0.17612270
v -0.03297376 0.00700485 0.17602710
v -0.03288275 0.00675906 0.17624292
v -0.03272966 0.00702432 0.17614041
v -0.03261811 0.00690005 0.17628104
v -0.03247726 0.00714264 0.17617772
v -0.03233802 0.00690942 0.17640161
v -0.03219779 0.00723065 0.17624442
v -0.03192202 0.00713907 0.17642908
v -0.03207878 0.00674655 0.17662299
v -0.03175220 0.00687799 0.17667896
v -0.03148324 0.00721823 0.17655891
v -0.03145231 0.00688373 0.17679625
v -0.03117031 0.00711746 0.17675127
v -0.03086213 0.00732153 0.17672910
v -0.03089464 0.00697678 0.17694153
v -0.03059231 0.00725064 0.17687216
v -0.03060501 0.00749667 0.17670258
v -0.03046718 0.00774731 0.17657025
v -0.03030767 0.00752054 0.17678784
v -0.03000384 0.00767764 0.17678123
v -0.03001884 0.00742294 0.17694821
v -0.03030549 0.00718979 0.17700562
v -0.03004053 0.00714044 0.17712009
v -0.02975174 0.00732178 0.17709486
v -0.02969696 0.00766809 0.17688382
v -0.02946853 0.00750845 0.17706084
v -0.02945373 0.00722629 0.17724118
v -0.02909579 0.00715512 0.17738420
v -0.02944468 0.00688342 0.17744376
v -0.02916707 0.00683408 0.17754803
v -0.02937255 0.00653110 0.17765344
v -0.02906076 0.00666733 0.17766554
v -0.02904736 0.00639175 0.17780702
v -0.02885530 0.00664664 0.17772595
v -0.02885673 0.00691986 0.17757964
v -0.02855436 0.00675504 0.17773491
v -0.02851684 0.00711121 0.17755548
v -0.02874090 0.00725024 0.17742450
v -0.02821471 0.00702777 0.17766399
v -0.02792291 0.00730023 0.17757617
v -0.02787205 0.00697849 0.17775739
v -0.02760187 0.00725354 0.17766492
v -0.02762914 0.00755560 0.17749046
v -0.02734540 0.00748196 0.17758719
v -0.02729772 0.00778064 0.17742188
v -0.02762940 0.00786786 0.17730267
v -0.02727383 0.00720667 0.17774872
v -0.02649982 0.00745221 0.17775606
v -0.02645912 0.00780176 0.17757191
v -0.02620317 0.00769092 0.17768117
v -0.02612245 0.00742941 0.17783426
v -0.02580782 0.00780319 0.17768456
v -0.02603834 0.00710007 0.17801558
v -0.02641172 0.00710022 0.17795300
v -0.02628402 0.00681140 0.17811446
v -0.02594483 0.00673093 0.17820526
v -0.02595115 0.00629608 0.17839421
v -0.02627810 0.00593539 0.17849644
v -0.02669335 0.00595963 0.17842670
v -0.02659868 0.00552481 0.17861433
v -0.02619448 0.00555859 0.17865781
v -0.02585003 0.00586441 0.17858319
v -0.02592602 0.00549933 0.17871481
v -0.02542088 0.00595190 0.17860304
v -0.02556842 0.00627765 0.17845566
v -0.02568527 0.00655869 0.17832260
v -0.02512294 0.00634262 0.17848462
v -0.02517656 0.00600089 0.17861383
v -0.02496456 0.00600513 0.17863431
v -0.02519695 0.00569565 0.17872346
v -0.02488309 0.00573187 0.17874231
v -0.02464926 0.00559387 0.17881097
v -0.02498028 0.00536761 0.17885767
v -0.02468751 0.00526422 0.17891685
v -0.02489994 0.00498578 0.17898576
v -0.02482691 0.00476044 0.17905885
v -0.02456389 0.00495172 0.17902228
v -0.02470396 0.00454553 0.17912714
v -0.02433537 0.00463724 0.17912907
v -0.02414857 0.00504404 0.17902573
v -0.02434286 0.00541327 0.17889531
v -0.02413270 0.00426443 0.17924120
v -0.02373183 0.00446378 0.17921706
v -0.02379235 0.00402884 0.17932062
v -0.02343660 0.00426126 0.17928506
v -0.02347888 0.00380630 0.17938913
v -0.02310257 0.00405872 0.17935089
v -0.02315502 0.00355099 0.17945981
v -0.02288810 0.00382086 0.17941470
v -0.02279760 0.00409171 0.17935817
v -0.02253934 0.00430109 0.17931738
v -0.02261167 0.00389709 0.17940749
v -0.02221632 0.00402383 0.17938901
v -0.02245496 0.00363806 0.17946634
v -0.02277240 0.00349979 0.17948544
v -0.02249065 0.00322778 0.17954529
v -0.02218263 0.00353586 0.17949300
v -0.02216750 0.00316714 0.17956345
v -0.02235181 0.00277356 0.17962698
v -0.02196766 0.00291580 0.17961052
v -0.02184352 0.00337769 0.17953009
v -0.02163316 0.00303616 0.17959546
v -0.02146726 0.00340689 0.17953131
v -0.02156337 0.00380066 0.17945103
v -0.02131484 0.00366318 0.17948361
v -0.02146362 0.00424612 0.17935587
v -0.02180116 0.00412619 0.17937645
v -0.02192157 0.00377399 0.17945016
v -0.02135009 0.00311893 0.17958517
v -0.03366198 0.00586609 0.17634274
v -0.03348322 0.00594592 0.17640715
v -0.03333537 0.00618033 0.17635809
v -0.03328252 0.00593259 0.17652432
v -0.03307452 0.00621832 0.17647437
v -0.03290499 0.00648163 0.17640627
v -0.03265135 0.00664822 0.17642624
v -0.03274429 0.00628461 0.17659789
v -0.03240591 0.00653586 0.17660783
v -0.03246471 0.00622617 0.17676263
v -0.03214510 0.00638156 0.17681636
v -0.03233010 0.00598370 0.17695621
v -0.03199146 0.00612500 0.17702615
v -0.03183278 0.00641669 0.17693103
v -0.03189739 0.00661652 0.17678554
v -0.03166841 0.00664465 0.17686307
v -0.03164268 0.00647385 0.17697525
v -0.03142212 0.00658118 0.17699336
v -0.03120738 0.00684390 0.17691449
v -0.03108945 0.00664520 0.17707568
v -0.03075967 0.00665790 0.17717825
v -0.03100092 0.00647882 0.17720248
v -0.03090584 0.00628583 0.17733769
v -0.03055031 0.00641296 0.17738126
v -0.03069087 0.00611945 0.17749313
v -0.03037876 0.00612506 0.17758206
v -0.03026277 0.00646710 0.17744006
v -0.03029527 0.00680627 0.17723911
v -0.03003664 0.00663367 0.17741605
v -0.02982542 0.00694614 0.17729918
v -0.02974733 0.00659091 0.17752019
v -0.03004614 0.00634396 0.17756769
v -0.02975150 0.00619104 0.17772440
v -0.02938164 0.00614066 0.17784583
v -0.02965521 0.00580899 0.17793024
v -0.02935523 0.00587054 0.17797969
v -0.02910125 0.00603586 0.17796341
v -0.02880030 0.00621707 0.17794659
v -0.02875274 0.00648618 0.17782913
v -0.02850190 0.00640765 0.17791751
v -0.02855771 0.00610645 0.17804663
v -0.02816460 0.00619858 0.17807764
v -0.02817660 0.00666782 0.17785385
v -0.02774761 0.00662396 0.17795557
v -0.02769850 0.00620297 0.17816016
v -0.02742520 0.00648880 0.17807758
v -0.02732695 0.00683209 0.17792990
v -0.02756498 0.00698160 0.17781392
v -0.02706837 0.00660098 0.17808420
v -0.02728172 0.00617197 0.17824481
v -0.02684932 0.00630569 0.17825482
v -0.02702578 0.00597430 0.17837184
v -0.02702683 0.00560855 0.17852008
v -0.02727487 0.00581497 0.17839957
v -0.02741090 0.00550937 0.17850079
v -0.02724311 0.00527716 0.17861531
v -0.02753464 0.00516379 0.17861226
v -0.02730284 0.00490930 0.17873654
v -0.02693683 0.00518518 0.17869345
v -0.02694656 0.00478592 0.17882916
v -0.02677809 0.00500742 0.17878040
v -0.02656919 0.00488135 0.17884872
v -0.02676268 0.00455261 0.17892728
v -0.02649542 0.00448279 0.17898007
v -0.02624118 0.00475876 0.17892740
v -0.02626727 0.00503677 0.17883669
v -0.02640020 0.00524265 0.17874791
v -0.02665720 0.00517010 0.17873959
v -0.02611109 0.00527335 0.17877460
v -0.02601199 0.00501886 0.17887177
v -0.02586366 0.00527286 0.17880310
v -0.02592748 0.00471506 0.17897418
v -0.02566819 0.00469455 0.17900661
v -0.02543139 0.00481409 0.17899310
v -0.02540861 0.00503900 0.17892728
v -0.02534259 0.00528082 0.17885313
v -0.02551166 0.00453470 0.17906647
v -0.02550815 0.00424963 0.17914221
v -0.02580972 0.00435504 0.17908740
v -0.02577573 0.00381323 0.17922878
v -0.02610071 0.00406009 0.17913800
v -0.02628684 0.00365213 0.17922256
v -0.02604088 0.00331296 0.17932507
v -0.02572344 0.00334448 0.17934474
v -0.02542871 0.00353516 0.17932397
v -0.02530263 0.00398566 0.17922534
v -0.02510479 0.00368225 0.17931425
v -0.02485687 0.00407343 0.17923717
v -0.02450010 0.00428897 0.17921021
v -0.02446978 0.00391705 0.17930412
v -0.02477534 0.00353278 0.17937128
v -0.02441522 0.00354913 0.17939307
v -0.02452536 0.00313916 0.17947226
v -0.02416745 0.00336499 0.17944829
v -0.02413600 0.00378592 0.17935698
v -0.02383622 0.00358359 0.17941986
v -0.02389176 0.00316144 0.17950545
v -0.02354871 0.00334708 0.17948418
v -0.02364190 0.00288315 0.17957033
v -0.02328634 0.00309058 0.17954611
v -0.02334754 0.00267987 0.17961734
v -0.02301667 0.00285089 0.17959906
v -0.02300609 0.00322549 0.17953174
v -0.02279844 0.00313034 0.17955649
v -0.02270490 0.00284277 0.17960921
v -0.02287731 0.00262445 0.17964122
v -0.02269263 0.00244421 0.17967233
v -0.02237131 0.00230673 0.17969788
v -0.02206590 0.00250461 0.17967407
v -0.02210863 0.00210587 0.17972852
v -0.02185164 0.00229086 0.17970749
v -0.02174255 0.00263007 0.17965950
v -0.02142653 0.00276208 0.17964282
v -0.01440995 -0.01061752 0.17763022
v -0.01424927 -0.01087921 0.17746448
v -0.01425542 -0.01110226 0.17730966
v -0.03397532 0.00412326 0.17692407
v -0.03393394 0.00440610 0.17684680
v -0.03387902 0.00472711 0.17674960
v -0.03406691 0.00493213 0.17654208
v -0.03388074 0.00510440 0.17659052
v -0.03354758 0.00561285 0.17654338
v -0.03370691 0.00529028 0.17661296
v -0.03353265 0.00526196 0.17672542
v -0.03332603 0.00545313 0.17674542
v -0.03323326 0.00569070 0.17667590
v -0.03300480 0.00593079 0.17666580
v -0.03299197 0.00551111 0.17688306
v -0.03268687 0.00593088 0.17681862
v -0.03257103 0.00563260 0.17702609
v -0.03230968 0.00570999 0.17710941
v -0.03212650 0.00586096 0.17711154
v -0.03212868 0.00562390 0.17722844
v -0.03238108 0.00543625 0.17720844
v -0.03214106 0.00532794 0.17735919
v -0.03193898 0.00554391 0.17734128
v -0.03186205 0.00584918 0.17722148
v -0.03172090 0.00562277 0.17738512
v -0.03147383 0.00590866 0.17733450
v -0.03164004 0.00624130 0.17710141
v -0.03124235 0.00631512 0.17720667
v -0.03115241 0.00604547 0.17738063
v -0.03093326 0.00595203 0.17750095
v -0.03119827 0.00575275 0.17750836
v -0.03096389 0.00568515 0.17761899
v -0.03067855 0.00580838 0.17764905
v -0.03083315 0.00550635 0.17774103
v -0.03061840 0.00558865 0.17776981
v -0.03009214 0.00604031 0.17770648
v -0.02995698 0.00586386 0.17782721
v -0.02995883 0.00560159 0.17794391
v -0.03013183 0.00531348 0.17802005
v -0.03042187 0.00526105 0.17796388
v -0.03033268 0.00497647 0.17810191
v -0.03002565 0.00501846 0.17816544
v -0.02972280 0.00534500 0.17811090
v -0.02974649 0.00483484 0.17830357
v -0.02946955 0.00511734 0.17826318
v -0.02933356 0.00541425 0.17817786
v -0.02945085 0.00563422 0.17805966
v -0.02918148 0.00572131 0.17808524
v -0.02900616 0.00549997 0.17821463
v -0.02883515 0.00585977 0.17809929
v -0.02871009 0.00558417 0.17824055
v -0.02848208 0.00583762 0.17817845
v -0.02841530 0.00546027 0.17834500
v -0.02880672 0.00525269 0.17835141
v -0.02855706 0.00499939 0.17849361
v -0.02898196 0.00480551 0.17848137
v -0.02867044 0.00459821 0.17861577
v -0.02833401 0.00472433 0.17863280
v -0.02847461 0.00443140 0.17870807
v -0.02817313 0.00438062 0.17877272
v -0.02799503 0.00478183 0.17867143
v -0.02783920 0.00453580 0.17877791
v -0.02767259 0.00483344 0.17870680
v -0.02781801 0.00506241 0.17860339
v -0.02812774 0.00514398 0.17851831
v -0.02775577 0.00537973 0.17849437
v -0.02801264 0.00558664 0.17836807
v -0.02820416 0.00580289 0.17824503
v -0.02794193 0.00592047 0.17824229
v -0.02762591 0.00580014 0.17834698
v -0.02754074 0.00453714 0.17882280
v -0.02724004 0.00457010 0.17885690
v -0.02737478 0.00422650 0.17894026
v -0.02703137 0.00438364 0.17894209
v -0.02709220 0.00393570 0.17905972
v -0.02676739 0.00422150 0.17902295
v -0.02676246 0.00390021 0.17911145
v -0.02689234 0.00354855 0.17918497
v -0.02660077 0.00372314 0.17917520
v -0.02645582 0.00406534 0.17910089
v -0.02660266 0.00344312 0.17924266
v -0.02642642 0.00313809 0.17932870
v -0.02680302 0.00314798 0.17928836
v -0.02671033 0.00270715 0.17939046
v -0.02637127 0.00272800 0.17942145
v -0.02616450 0.00296780 0.17939142
v -0.02611600 0.00269965 0.17945021
v -0.02586423 0.00295532 0.17941829
v -0.02588304 0.00250278 0.17950548
v -0.02561247 0.00275244 0.17947815
v -0.02550443 0.00310022 0.17941449
v -0.02515782 0.00327808 0.17940076
v -0.02489419 0.00308191 0.17945973
v -0.02445072 0.00274948 0.17955237
v -0.02419757 0.00296405 0.17952742
v -0.02419115 0.00254358 0.17960336
v -0.02456332 0.00237134 0.17961008
v -0.02429434 0.00209006 0.17966888
v -0.02401585 0.00226224 0.17965833
v -0.02385650 0.00254221 0.17962112
v -0.02395622 0.00281979 0.17956799
v -0.02360337 0.00253461 0.17963321
v -0.02372775 0.00220511 0.17967896
v -0.02344096 0.00235849 0.17966620
v -0.02343040 0.00201270 0.17971468
v -0.02373681 0.00179410 0.17973502
v -0.02348226 0.00157635 0.17976776
v -0.02379350 0.00142526 0.17977762
v -0.02358800 0.00115704 0.17981020
v -0.02324361 0.00128461 0.17980380
v -0.02336779 0.00086926 0.17984071
v -0.02304623 0.00095724 0.17983780
v -0.02287615 0.00136353 0.17980121
v -0.02309827 0.00178159 0.17975092
v -0.02271701 0.00177942 0.17975931
v -0.02247663 0.00142599 0.17980008
v -0.02240159 0.00190186 0.17974977
v -0.02260523 0.00210599 0.17972180
v -0.02284174 0.00209421 0.17971819
v -0.02212849 0.00168344 0.17977725
v -0.01514966 -0.01086765 0.17743677
v -0.01483516 -0.01081888 0.17748293
v -0.01456107 -0.01077966 0.17752049
v -0.01454964 -0.01101620 0.17735962
v -0.01489006 -0.01105991 0.17731372
v -0.01465835 -0.01120865 0.17721510
v -0.01454892 -0.01139481 0.17707300
v -0.01439017 -0.01124124 0.17720122
v -0.01423073 -0.01143320 0.17705367
v -0.01437702 -0.01159647 0.17690800
v -0.03426476 0.00334763 0.17698772
v -0.03413144 0.00374463 0.17695187
v -0.03397420 0.00347702 0.17714314
v -0.03389883 0.00382886 0.17707733
v -0.03371667 0.00408054 0.17710043
v -0.03376283 0.00439951 0.17695378
v -0.03344796 0.00438858 0.17713773
v -0.03360677 0.00465976 0.17694234
v -0.03357047 0.00495459 0.17684009
v -0.03371686 0.00507001 0.17670737
v -0.03331110 0.00517651 0.17688170
v -0.03335950 0.00481863 0.17701251
v -0.03306979 0.00504562 0.17706245
v -0.03313469 0.00467377 0.17718956
v -0.03289351 0.00487189 0.17722629
v -0.03271255 0.00520840 0.17716084
v -0.03265369 0.00484479 0.17734901
v -0.03241000 0.00510037 0.17734698
v -0.03241516 0.00480612 0.17747012
v -0.03214285 0.00496539 0.17751434
v -0.03183199 0.00528378 0.17749619
v -0.03185457 0.00487421 0.17765939
v -0.03206643 0.00473392 0.17763928
v -0.03226569 0.00461658 0.17760638
v -0.03199406 0.00447147 0.17776393
v -0.03237008 0.00421741 0.17771359
v -0.03209792 0.00401630 0.17789113
v -0.03238103 0.00383740 0.17784506
v -0.03219682 0.00370367 0.17796274
v -0.03189993 0.00368695 0.17807472
v -0.03173257 0.00417099 0.17796684
v -0.03149758 0.00387207 0.17815262
v -0.03159020 0.00340668 0.17827472
v -0.03196222 0.00321915 0.17820053
v -0.03173905 0.00297751 0.17835399
v -0.03141425 0.00305359 0.17844278
v -0.03129710 0.00337961 0.17838284
v -0.03130718 0.00364832 0.17829254
v -0.03103511 0.00357648 0.17840021
v -0.03110638 0.00399933 0.17823624
v -0.03133741 0.00431082 0.17805116
v -0.03091236 0.00449149 0.17811943
v -0.03120788 0.00466235 0.17796478
v -0.03155635 0.00465790 0.17784799
v -0.03152351 0.00512015 0.17767526
v -0.03123086 0.00498166 0.17783228
v -0.03116789 0.00539435 0.17768044
v -0.03148794 0.00551611 0.17751642
v -0.03092533 0.00518250 0.17784921
v -0.03063505 0.00536523 0.17786063
v -0.03068153 0.00497412 0.17800522
v -0.03099333 0.00486041 0.17795728
v -0.03053874 0.00466730 0.17816292
v -0.03057176 0.00427237 0.17829684
v -0.03018734 0.00461258 0.17827592
v -0.03022363 0.00415652 0.17842899
v -0.03048648 0.00388245 0.17845349
v -0.03022044 0.00382993 0.17853815
v -0.03000454 0.00398254 0.17854053
v -0.02986192 0.00434937 0.17845065
v -0.02972049 0.00399081 0.17860168
v -0.02956752 0.00429630 0.17853735
v -0.02957341 0.00456006 0.17844551
v -0.02937526 0.00482782 0.17839267
v -0.02930919 0.00448322 0.17852853
v -0.02916337 0.00515491 0.17831639
v -0.02898359 0.00430951 0.17865109
v -0.02936582 0.00408975 0.17864557
v -0.02908025 0.00380997 0.17878687
v -0.02878432 0.00405991 0.17876869
v -0.02866178 0.00372672 0.17888615
v -0.02850534 0.00413690 0.17879434
v -0.02868479 0.00430878 0.17871048
v -0.02824681 0.00390482 0.17890273
v -0.02780991 0.00413782 0.17890187
v -0.02795872 0.00358429 0.17903543
v -0.02752938 0.00378534 0.17904166
v -0.02765312 0.00334531 0.17914040
v -0.02793260 0.00322015 0.17913519
v -0.02778823 0.00298224 0.17921089
v -0.02742193 0.00301816 0.17924673
v -0.02728198 0.00347452 0.17915549
v -0.02709751 0.00320651 0.17924272
v -0.02708387 0.00283783 0.17932419
v -0.02736720 0.00262079 0.17933762
v -0.02767486 0.00265259 0.17929611
v -0.02755266 0.00227032 0.17938437
v -0.02739706 0.00183191 0.17947768
v -0.02733561 0.00134991 0.17955956
v -0.02768559 0.00146445 0.17950900
v -0.02762355 0.00109558 0.17956903
v -0.02736293 0.00083926 0.17962535
v -0.02704317 0.00115726 0.17961305
v -0.02696757 0.00074890 0.17967058
v -0.02722392 0.00038608 0.17968729
v -0.02686191 0.00030783 0.17972473
v -0.02665765 0.00066333 0.17970638
v -0.02664964 0.00113818 0.17964960
v -0.02630966 0.00078265 0.17972104
v -0.02622544 0.00127945 0.17966821
v -0.02644229 0.00162494 0.17960237
v -0.02651521 0.00197665 0.17954227
v -0.02667154 0.00226111 0.17947824
v -0.02629319 0.00233984 0.17950107
v -0.02626966 0.00194604 0.17956996
v -0.02599989 0.00208798 0.17956870
v -0.02571912 0.00220868 0.17956946
v -0.02573612 0.00182874 0.17962830
v -0.02540174 0.00215060 0.17959775
v -0.02557119 0.00246967 0.17953387
v -0.02544164 0.00173306 0.17966086
v -0.02532320 0.00137207 0.17971564
v -0.02497014 0.00146933 0.17972049
v -0.02466488 0.00130316 0.17975453
v -0.02400701 0.00192654 0.17970708
v -0.02397688 0.00161533 0.17974942
v -0.02405709 0.00133948 0.17977792
v -0.02391667 0.00106653 0.17981076
v -0.02402878 0.00075797 0.17983571
v -0.02422878 0.00052368 0.17984801
v -0.02396618 0.00048096 0.17985909
v -0.02372095 0.00071805 0.17984604
v -0.02374737 0.00022815 0.17987888
v -0.02342775 0.00046506 0.17986990
v -0.02317700 0.00063193 0.17986215
v -0.01703856 -0.01067545 0.17748431
v -0.01661355 -0.01080722 0.17741428
v -0.01555020 -0.01107791 0.17727068
v -0.01543262 -0.01124197 0.17715338
v -0.01521729 -0.01132855 0.17709579
v -0.01523310 -0.01111392 0.17725882
v -0.01506978 -0.01150861 0.17695367
v -0.01472339 -0.01155414 0.17693063
v -0.01489721 -0.01171011 0.17678470
v -0.01453306 -0.01177863 0.17673547
v -0.01478089 -0.01189133 0.17661752
v -0.01449432 -0.01197614 0.17654195
v -0.01446395 -0.01211423 0.17639304
v -0.03445571 0.00214731 0.17719302
v -0.03434825 0.00187531 0.17732924
v -0.03427422 0.00226651 0.17729475
v -0.03443762 0.00243033 0.17713551
v -0.03425100 0.00256891 0.17723273
v -0.03436636 0.00271680 0.17710788
v -0.03408639 0.00294254 0.17723331
v -0.03407531 0.00248309 0.17737416
v -0.03386142 0.00266098 0.17746252
v -0.03377412 0.00295337 0.17743185
v -0.03376424 0.00327914 0.17733801
v -0.03368195 0.00371036 0.17724904
v -0.03349183 0.00346179 0.17744040
v -0.03339209 0.00381216 0.17737984
v -0.03351608 0.00402191 0.17723907
v -0.03332800 0.00410934 0.17731055
v -0.03313735 0.00432941 0.17732516
v -0.03288445 0.00457605 0.17735240
v -0.03288036 0.00423151 0.17748654
v -0.03313317 0.00398575 0.17745334
v -0.03286033 0.00384830 0.17763158
v -0.03318543 0.00357370 0.17756549
v -0.03292532 0.00347354 0.17772459
v -0.03312623 0.00315848 0.17772427
v -0.03280518 0.00319247 0.17786536
v -0.03263699 0.00358743 0.17781897
v -0.03249974 0.00325986 0.17797859
v -0.03238670 0.00356097 0.17793472
v -0.03258399 0.00392889 0.17772903
v -0.03265977 0.00414566 0.17761899
v -0.03259224 0.00449307 0.17751724
v -0.03220749 0.00340900 0.17805136
v -0.03228622 0.00301498 0.17813666
v -0.03203755 0.00281195 0.17829175
v -0.03233492 0.00259634 0.17823331
v -0.03205743 0.00240289 0.17839357
v -0.03183238 0.00265390 0.17841214
v -0.03158525 0.00271268 0.17848207
v -0.03173207 0.00235913 0.17852251
v -0.03142962 0.00246747 0.17859497
v -0.03135195 0.00275781 0.17854614
v -0.03112761 0.00262354 0.17864546
v -0.03119320 0.00292636 0.17854895
v -0.03112920 0.00320605 0.17848773
v -0.03093350 0.00298483 0.17860632
v -0.03089084 0.00330780 0.17852585
v -0.03070793 0.00357083 0.17849448
v -0.03079434 0.00391360 0.17835938
v -0.03039096 0.00354214 0.17858450
v -0.03063951 0.00319412 0.17862451
v -0.03029284 0.00318906 0.17870972
v -0.02998874 0.00357837 0.17866788
v -0.02999253 0.00312134 0.17879739
v -0.02975002 0.00332065 0.17879639
v -0.02952592 0.00363937 0.17875000
v -0.02950300 0.00324164 0.17886916
v -0.02973256 0.00301602 0.17888217
v -0.02950484 0.00295224 0.17894450
v -0.02966971 0.00270090 0.17897098
v -0.02937898 0.00271808 0.17902277
v -0.02954493 0.00237292 0.17906589
v -0.02919996 0.00242346 0.17911777
v -0.02911312 0.00277396 0.17905704
v -0.02923281 0.00307895 0.17896214
v -0.02888880 0.00302429 0.17903455
v -0.02896808 0.00339917 0.17892432
v -0.02926335 0.00343512 0.17886150
v -0.02867385 0.00331281 0.17899692
v -0.02836557 0.00345389 0.17900871
v -0.02847898 0.00295377 0.17911618
v -0.02816651 0.00323349 0.17909749
v -0.02809114 0.00294965 0.17917746
v -0.02822439 0.00260037 0.17923523
v -0.02855378 0.00242703 0.17922281
v -0.02830266 0.00224762 0.17929747
v -0.02854370 0.00202267 0.17930704
v -0.02822207 0.00186697 0.17937987
v -0.02796335 0.00231708 0.17932761
v -0.02780946 0.00187454 0.17942735
v -0.02802930 0.00149243 0.17946814
v -0.02791177 0.00113931 0.17953479
v -0.02816353 0.00120062 0.17949969
v -0.02837624 0.00140561 0.17944037
v -0.02834881 0.00106628 0.17949707
v -0.02814533 0.00089737 0.17954318
v -0.02842316 0.00076974 0.17952678
v -0.02820107 0.00052332 0.17958075
v -0.02847869 0.00043961 0.17955779
v -0.02832441 0.00005411 0.17961182
v -0.02801094 0.00029486 0.17962479
v -0.02781620 0.00068301 0.17960193
v -0.02774170 0.00022015 0.17965808
v -0.02752279 0.00045221 0.17965569
v -0.02746343 0.00013184 0.17969112
v -0.02715835 -0.00016440 0.17973898
v -0.02766461 -0.00023492 0.17970087
v -0.02741255 -0.00064774 0.17974937
v -0.02709974 -0.00064557 0.17977502
v -0.02721044 -0.00100696 0.17978275
v -0.02750972 -0.00102328 0.17976025
v -0.02738246 -0.00134836 0.17978131
v -0.02684322 -0.00092038 0.17980545
v -0.02666359 -0.00128790 0.17982681
v -0.02647157 -0.00097992 0.17983180
v -0.02657300 -0.00057883 0.17981010
v -0.02686857 -0.00048709 0.17978400
v -0.02666320 -0.00012540 0.17977614
v -0.02649456 0.00033789 0.17975194
v -0.02630625 0.00002081 0.17979301
v -0.02637261 -0.00031345 0.17981044
v -0.02610306 -0.00023779 0.17982320
v -0.02603547 0.00008652 0.17980615
v -0.02616286 0.00037732 0.17977357
v -0.02582428 0.00037006 0.17979547
v -0.02600144 0.00066534 0.17975737
v -0.02596966 0.00101514 0.17972095
v -0.02573635 0.00078046 0.17976222
v -0.02565730 0.00116553 0.17972354
v -0.02588264 0.00141547 0.17967711
v -0.02609350 0.00169763 0.17962181
v -0.02560894 0.00150348 0.17968375
v -0.02541821 0.00090454 0.17976563
v -0.02502646 0.00101794 0.17977118
v -0.02521906 0.00052899 0.17981100
v -0.02488960 0.00064822 0.17981458
v -0.02469506 0.00089713 0.17979837
v -0.02458267 0.00051559 0.17983649
v -0.02492116 0.00028036 0.17984296
v -0.02465012 0.00004776 0.17986647
v -0.02438093 0.00021118 0.17986493
v -0.02433774 -0.00020743 0.17988669
v -0.02410194 0.00017615 0.17987451
v -0.02394675 -0.00018008 0.17989468
v -0.02409158 -0.00060513 0.17990445
v -0.02378105 -0.00049142 0.17990814
v -0.02361691 -0.00018069 0.17990067
v -0.02344686 0.00011725 0.17989027
v -0.02343956 -0.00060654 0.17991464
v -0.01718534 -0.01077969 0.17740733
v -0.01725455 -0.01098236 0.17725926
v -0.01689187 -0.01090518 0.17733171
v -0.01720619 -0.01122006 0.17708041
v -0.01592837 -0.01151614 0.17690021
v -0.01522857 -0.01167630 0.17679677
v -0.01503968 -0.01182776 0.17666714
v -0.01499949 -0.01197714 0.17651724
v -0.01491405 -0.01214011 0.17634093
v -0.01471371 -0.01205338 0.17645175
v -0.01462152 -0.01219513 0.17629288
v -0.01479022 -0.01226715 0.17619403
v -0.01509535 -0.01225873 0.17617804
v -0.01476832 -0.01239545 0.17601869
v -0.01454385 -0.01232248 0.17613446
v -0.01447519 -0.01242514 0.17599361
v -0.01453740 -0.01251361 0.17585202
v -0.03455170 -0.00007114 0.17750003
v -0.03439827 0.00093536 0.17747304
v -0.03443887 0.00124802 0.17738754
v -0.03434411 0.00150513 0.17740924
v -0.03410792 0.00164612 0.17754839
v -0.03420029 0.00122052 0.17756633
v -0.03396310 0.00136249 0.17770268
v -0.03390230 0.00161642 0.17769247
v -0.03391749 0.00184946 0.17763133
v -0.03405933 0.00208847 0.17748227
v -0.03376972 0.00212790 0.17765498
v -0.03390187 0.00236487 0.17751791
v -0.03372923 0.00245895 0.17759767
v -0.03358444 0.00275659 0.17759874
v -0.03351473 0.00237921 0.17773636
v -0.03325450 0.00271042 0.17778598
v -0.03322232 0.00223166 0.17792581
v -0.03297129 0.00255374 0.17796788
v -0.03291389 0.00223456 0.17807657
v -0.03279376 0.00247183 0.17807292
v -0.03266185 0.00278610 0.17804407
v -0.03296632 0.00288147 0.17788098
v -0.03261822 0.00230893 0.17818925
v -0.03233456 0.00224677 0.17832407
v -0.03247641 0.00189233 0.17834729
v -0.03217433 0.00202875 0.17843967
v -0.03223312 0.00170615 0.17848647
v -0.03199019 0.00180255 0.17855835
v -0.03194082 0.00211676 0.17850766
v -0.03173925 0.00198624 0.17860713
v -0.03152509 0.00216730 0.17863649
v -0.03147052 0.00184131 0.17872385
v -0.03124382 0.00217828 0.17871718
v -0.03123691 0.00188138 0.17878482
v -0.03098856 0.00191785 0.17884196
v -0.03091481 0.00234280 0.17876941
v -0.03081304 0.00270013 0.17871225
v -0.03064307 0.00248813 0.17880449
v -0.03052014 0.00282751 0.17875162
v -0.03072832 0.00292780 0.17867688
v -0.03029686 0.00242200 0.17889749
v -0.03021536 0.00286365 0.17881360
v -0.02996634 0.00275287 0.17889606
v -0.02988162 0.00238708 0.17899588
v -0.03006101 0.00200366 0.17903629
v -0.03041226 0.00190234 0.17898099
v -0.03020067 0.00162286 0.17907887
v -0.02982335 0.00161816 0.17915558
v -0.02974151 0.00206470 0.17908978
v -0.02938891 0.00193802 0.17917950
v -0.02944632 0.00139322 0.17926761
v -0.02975474 0.00114944 0.17924844
v -0.02945322 0.00088766 0.17934663
v -0.02919987 0.00118661 0.17934879
v -0.02904878 0.00157611 0.17930774
v -0.02893130 0.00117615 0.17939676
v -0.02871044 0.00144910 0.17938618
v -0.02874761 0.00177356 0.17932336
v -0.02890720 0.00211237 0.17923032
v -0.02885827 0.00262009 0.17913278
v -0.02852130 0.00170419 0.17937039
v -0.02862938 0.00105609 0.17946021
v -0.02887854 0.00088852 0.17944943
v -0.02911239 0.00089774 0.17940955
v -0.02898480 0.00067673 0.17946170
v -0.02872782 0.00063440 0.17950340
v -0.02898013 0.00039291 0.17949538
v -0.02921792 0.00056882 0.17943513
v -0.02922108 0.00023578 0.17947400
v -0.02901015 0.00002530 0.17952832
v -0.02871033 0.00021561 0.17955080
v -0.02873240 -0.00025293 0.17958932
v -0.02906540 -0.00031049 0.17955070
v -0.02896289 -0.00062784 0.17958858
v -0.02863490 -0.00071243 0.17963336
v -0.02840881 -0.00041403 0.17963954
v -0.02826819 -0.00079099 0.17967693
v -0.02807738 -0.00036719 0.17967073
v -0.02796506 -0.00000659 0.17965628
v -0.02782540 -0.00080994 0.17972061
v -0.02812479 -0.00130179 0.17971249
v -0.02771175 -0.00130173 0.17975233
v -0.02786608 -0.00167273 0.17974727
v -0.02755451 -0.00165155 0.17977380
v -0.02729314 -0.00164948 0.17979333
v -0.02738141 -0.00195377 0.17978627
v -0.02713336 -0.00183655 0.17980292
v -0.02688858 -0.00189471 0.17981470
v -0.02664032 -0.00168491 0.17982938
v -0.02708987 -0.00222742 0.17979800
v -0.02691252 -0.00257983 0.17979660
v -0.02721384 -0.00268121 0.17977655
v -0.02698544 -0.00287985 0.17978003
v -0.02688374 -0.00317648 0.17976541
v -0.02720927 -0.00311737 0.17975409
v -0.02704964 -0.00342767 0.17973856
v -0.02678932 -0.00354086 0.17973837
v -0.02655984 -0.00324713 0.17977109
v -0.02646931 -0.00366190 0.17973712
v -0.02620979 -0.00337793 0.17977104
v -0.02607436 -0.00246930 0.17983528
v -0.02611552 -0.00201712 0.17984979
v -0.02636011 -0.00180438 0.17984332
v -0.02612438 -0.00165182 0.17985661
v -0.02579406 -0.00171143 0.17986824
v -0.02599780 -0.00132571 0.17986215
v -0.02634947 -0.00139786 0.17984567
v -0.02618140 -0.00104703 0.17985001
v -0.02621263 -0.00064560 0.17983585
v -0.02587061 -0.00088416 0.17986069
v -0.02590939 -0.00047638 0.17984537
v -0.02577636 -0.00009802 0.17983191
v -0.02557972 -0.00051566 0.17986153
v -0.02546722 -0.00013013 0.17984882
v -0.02550921 0.00021747 0.17982394
v -0.02554223 0.00056052 0.17979431
v -0.02522114 0.00007300 0.17984621
v -0.02495992 -0.00013177 0.17986751
v -0.02524551 -0.00032715 0.17986729
v -0.02500299 -0.00048248 0.17988165
v -0.02471396 -0.00038165 0.17988501
v -0.02485447 -0.00079581 0.17989319
v -0.02447401 -0.00071954 0.17989925
v -0.02464331 -0.00117838 0.17990196
v -0.02419861 -0.00114749 0.17990906
v -0.02446916 -0.00163699 0.17990277
v -0.02411608 -0.00160776 0.17990883
v -0.02422452 -0.00191278 0.17990189
v -0.02378388 -0.00139819 0.17991458
v -0.02354450 -0.00105206 0.17991940
v -0.02380720 -0.00088376 0.17991412
v -0.01862528 -0.01124493 0.17696851
v -0.01858695 -0.01105923 0.17712482
v -0.01832140 -0.01116953 0.17705222
v -0.01767834 -0.01115247 0.17710667
v -0.01743606 -0.01112503 0.17714339
v -0.01743915 -0.01130435 0.17699892
v -0.01717125 -0.01142596 0.17691086
v -0.01741033 -0.01149799 0.17683347
v -0.01772053 -0.01138260 0.17691287
v -0.01759077 -0.01159674 0.17672847
v -0.01736240 -0.01164795 0.17669687
v -0.01716443 -0.01160803 0.17674739
v -0.01718713 -0.01175995 0.17659425
v -0.01697144 -0.01172311 0.17664642
v -0.01549375 -0.01205817 0.17639424
v -0.01543854 -0.01216769 0.17626657
v -0.01537485 -0.01230972 0.17608588
v -0.01511411 -0.01243491 0.17592963
v -0.01521985 -0.01254370 0.17574358
v -0.01497133 -0.01256244 0.17573834
v -0.01480918 -0.01251025 0.17584177
v -0.01464350 -0.01261670 0.17566527
v -0.01430198 -0.01261029 0.17569200
v -0.01440848 -0.01266641 0.17558868
v -0.03473882 -0.00115341 0.17745874
v -0.03467175 -0.00185718 0.17754610
v -0.03462973 -0.00223358 0.17759248
v -0.03468639 -0.00256717 0.17754369
v -0.03446476 -0.00245047 0.17772888
v -0.03447470 -0.00274429 0.17771858
v -0.03424857 -0.00269171 0.17788937
v -0.03428307 -0.00234607 0.17786565
v -0.03444704 -0.00211444 0.17773781
v -0.03421217 -0.00205011 0.17790979
v -0.03402734 -0.00241931 0.17804117
v -0.03395422 -0.00199765 0.17808427
v -0.03375470 -0.00228995 0.17821582
v -0.03370994 -0.00195111 0.17823877
v -0.03386227 -0.00159656 0.17812921
v -0.03414123 -0.00167441 0.17794609
v -0.03406844 -0.00133752 0.17797896
v -0.03385779 -0.00114340 0.17810449
v -0.03368137 -0.00138785 0.17823135
v -0.03359882 -0.00110263 0.17825896
v -0.03372667 -0.00083908 0.17816138
v -0.03391104 -0.00078268 0.17804013
v -0.03413571 -0.00095441 0.17790402
v -0.03406592 -0.00053955 0.17791122
v -0.03428526 -0.00064743 0.17777106
v -0.03441026 -0.00091135 0.17770404
v -0.03433034 -0.00131650 0.17779114
v -0.03454340 -0.00114014 0.17762001
v -0.03463187 -0.00086755 0.17752841
v -0.03458986 -0.00144995 0.17759836
v -0.03451639 -0.00054001 0.17758661
v -0.03472047 -0.00062241 0.17743341
v -0.03440186 -0.00174438 0.17775891
v -0.03428278 -0.00029086 0.17773036
v -0.03425082 0.00017853 0.17769209
v -0.03449113 0.00032898 0.17749487
v -0.03433607 0.00058722 0.17757437
v -0.03408816 0.00056860 0.17775040
v -0.03419444 0.00085938 0.17763339
v -0.03393452 0.00098355 0.17778464
v -0.03381892 0.00054980 0.17792575
v -0.03366525 0.00086365 0.17796654
v -0.03368163 0.00119183 0.17790176
v -0.03384136 0.00124902 0.17780124
v -0.03377484 0.00145615 0.17780139
v -0.03350996 0.00154913 0.17792798
v -0.03373383 0.00176453 0.17776056
v -0.03351186 0.00198380 0.17783372
v -0.03330435 0.00184549 0.17797528
v -0.03319704 0.00155121 0.17809088
v -0.03306738 0.00190790 0.17808018
v -0.03295599 0.00165189 0.17818909
v -0.03279539 0.00192786 0.17820227
v -0.03272575 0.00156674 0.17831020
v -0.03243706 0.00145581 0.17845465
v -0.03269327 0.00116614 0.17840253
v -0.03240345 0.00105200 0.17854527
v -0.03264053 0.00078821 0.17849559
v -0.03240762 0.00070905 0.17860486
v -0.03215195 0.00084238 0.17867772
v -0.03225671 0.00043994 0.17870325
v -0.03190481 0.00051828 0.17881534
v -0.03184928 0.00098495 0.17876132
v -0.03207627 0.00134790 0.17861504
v -0.03176306 0.00130963 0.17873502
v -0.03176422 0.00162531 0.17867354
v -0.03153325 0.00146048 0.17878128
v -0.03123690 0.00158521 0.17884290
v -0.03137076 0.00127130 0.17886510
v -0.03113579 0.00121283 0.17893799
v -0.03090872 0.00150681 0.17894167
v -0.03083680 0.00110352 0.17902887
v -0.03053909 0.00143588 0.17903911
v -0.03070388 0.00178192 0.17893913
v -0.03066169 0.00214331 0.17887550
v -0.03053965 0.00097873 0.17911488
v -0.03015922 0.00115118 0.17916624
v -0.03036156 0.00055530 0.17921378
v -0.02988358 0.00069482 0.17929010
v -0.03001595 0.00010318 0.17934146
v -0.02954696 0.00032068 0.17940446
v -0.02968316 -0.00011676 0.17943060
v -0.02934271 -0.00012921 0.17949065
v -0.02958999 -0.00049106 0.17948312
v -0.02991206 -0.00038721 0.17941675
v -0.02982831 -0.00077362 0.17946664
v -0.03009059 -0.00067755 0.17941090
v -0.03006714 -0.00102527 0.17944272
v -0.02980742 -0.00108783 0.17949252
v -0.02949256 -0.00097089 0.17953357
v -0.02970137 -0.00137842 0.17952150
v -0.02936921 -0.00143793 0.17957230
v -0.02919432 -0.00115396 0.17958766
v -0.02916553 -0.00087402 0.17957748
v -0.02927140 -0.00056747 0.17954062
v -0.02889879 -0.00104837 0.17962067
v -0.02903775 -0.00143634 0.17961786
v -0.02875599 -0.00139267 0.17965086
v -0.02852977 -0.00113867 0.17966617
v -0.02848751 -0.00158344 0.17968356
v -0.02881882 -0.00175378 0.17964996
v -0.02851166 -0.00209851 0.17968387
v -0.02817550 -0.00181168 0.17971878
v -0.02811744 -0.00222369 0.17972313
v -0.02832534 -0.00257913 0.17969452
v -0.02791026 -0.00262396 0.17973027
v -0.02783638 -0.00223819 0.17974879
v -0.02793736 -0.00198596 0.17974355
v -0.02768481 -0.00197995 0.17976422
v -0.02752550 -0.00237344 0.17976726
v -0.02755325 -0.00290372 0.17974533
v -0.02785113 -0.00304034 0.17971738
v -0.02768436 -0.00323007 0.17971898
v -0.02746956 -0.00325238 0.17973132
v -0.02730097 -0.00349277 0.17972049
v -0.02759368 -0.00351196 0.17970233
v -0.02741733 -0.00383493 0.17967896
v -0.02705899 -0.00380484 0.17969952
v -0.02723685 -0.00424417 0.17963568
v -0.02690289 -0.00416406 0.17966260
v -0.02691221 -0.00451715 0.17961055
v -0.02659299 -0.00432697 0.17965143
v -0.02670765 -0.00391992 0.17970102
v -0.02642563 -0.00401242 0.17969958
v -0.02611714 -0.00386548 0.17972455
v -0.02623571 -0.00428094 0.17966954
v -0.02594673 -0.00423721 0.17968340
v -0.02572023 -0.00399335 0.17971927
v -0.02580545 -0.00348532 0.17977249
v -0.02600250 -0.00312131 0.17979962
v -0.02572737 -0.00303204 0.17981458
v -0.02596660 -0.00282657 0.17982166
v -0.02572549 -0.00262598 0.17984039
v -0.02576852 -0.00219461 0.17985754
v -0.02538939 -0.00237576 0.17986186
v -0.02550659 -0.00196356 0.17987335
v -0.02519860 -0.00196918 0.17988187
v -0.02537784 -0.00156360 0.17988397
v -0.02505232 -0.00165195 0.17989223
v -0.02505065 -0.00123584 0.17989362
v -0.02537536 -0.00115060 0.17988480
v -0.02566113 -0.00125919 0.17987526
v -0.02554568 -0.00091730 0.17987558
v -0.02523717 -0.00077521 0.17988229
v -0.02480830 -0.00153235 0.17989868
v -0.02482203 -0.00195602 0.17989003
v -0.02446590 -0.00212027 0.17989142
v -0.02471594 -0.00247696 0.17987134
v -0.02503824 -0.00230011 0.17987402
v -0.02506098 -0.00271878 0.17985205
v -0.02476908 -0.00284998 0.17984981
v -0.02439196 -0.00247931 0.17987689
v -0.02414920 -0.00263138 0.17987122
v -0.02416712 -0.00225522 0.17989056
v -0.01878606 -0.01135327 0.17686234
v -0.01858995 -0.01145667 0.17678107
v -0.01835207 -0.01139709 0.17685515
v -0.01806447 -0.01137494 0.17689578
v -0.01813437 -0.01155209 0.17672835
v -0.01786761 -0.01155386 0.17674808
v -0.01797799 -0.01117245 0.17707178
v -0.01795922 -0.01167728 0.17661969
v -0.01772209 -0.01171756 0.17659741
v -0.01744723 -0.01175812 0.17657657
v -0.01757724 -0.01187762 0.17643292
v -0.01722786 -0.01192667 0.17640428
v -0.01693425 -0.01187262 0.17648944
v -0.01714525 -0.01209058 0.17621053
v -0.01693439 -0.01221500 0.17606219
v -0.01659339 -0.01223474 0.17606935
v -0.01620608 -0.01228635 0.17603564
v -0.01587856 -0.01230109 0.17604834
v -0.01567156 -0.01223608 0.17615547
v -0.01590948 -0.01240234 0.17589801
v -0.01613284 -0.01243674 0.17581989
v -0.01609438 -0.01253836 0.17565012
v -0.03480927 -0.00282556 0.17743045
v -0.03460326 -0.00298575 0.17760512
v -0.03459978 -0.00329886 0.17759271
v -0.03466174 -0.00349948 0.17752095
v -0.03444231 -0.00356784 0.17769923
v -0.03444774 -0.00325369 0.17772144
v -0.03422285 -0.00338821 0.17788309
v -0.03435460 -0.00302136 0.17780389
v -0.03411171 -0.00305731 0.17797876
v -0.03400229 -0.00279593 0.17805815
v -0.03389340 -0.00304846 0.17812431
v -0.03371557 -0.00275729 0.17823521
v -0.03369235 -0.00323444 0.17824036
v -0.03340474 -0.00313470 0.17840268
v -0.03338466 -0.00269409 0.17842386
v -0.03354224 -0.00243250 0.17834052
v -0.03356171 -0.00217612 0.17832979
v -0.03328062 -0.00224033 0.17847675
v -0.03350710 -0.00196240 0.17835629
v -0.03360259 -0.00167957 0.17829248
v -0.03336680 -0.00176117 0.17842319
v -0.03347130 -0.00141440 0.17835173
v -0.03321955 -0.00145322 0.17848297
v -0.03310336 -0.00181284 0.17855470
v -0.03298908 -0.00150912 0.17859540
v -0.03302863 -0.00111923 0.17855133
v -0.03334219 -0.00109891 0.17839763
v -0.03322174 -0.00077194 0.17843373
v -0.03349692 -0.00072961 0.17828366
v -0.03332430 -0.00050314 0.17835727
v -0.03315135 -0.00049188 0.17844392
v -0.03324722 -0.00016718 0.17835648
v -0.03349086 -0.00035413 0.17824960
v -0.03349288 -0.00008990 0.17821570
v -0.03339802 0.00018527 0.17822670
v -0.03370184 0.00008536 0.17806546
v -0.03361283 -0.00019861 0.17816151
v -0.03375464 -0.00043558 0.17810025
v -0.03400835 -0.00012512 0.17789867
v -0.03397652 0.00025153 0.17787018
v -0.03353017 0.00054474 0.17809521
v -0.03323344 0.00053650 0.17825771
v -0.03334712 0.00104651 0.17810715
v -0.03295641 0.00082892 0.17834389
v -0.03298179 0.00130246 0.17824419
v -0.03298675 0.00041031 0.17840390
v -0.03316639 0.00020181 0.17834740
v -0.03295349 0.00004373 0.17847368
v -0.03280131 0.00029996 0.17850803
v -0.03279421 0.00054996 0.17847083
v -0.03257368 0.00042117 0.17858458
v -0.03268598 0.00007397 0.17858890
v -0.03241255 0.00008588 0.17869521
v -0.03207583 0.00006192 0.17882019
v -0.03229848 -0.00025888 0.17878004
v -0.03205526 -0.00031442 0.17887292
v -0.03179472 -0.00019867 0.17894547
v -0.03179246 0.00016098 0.17890382
v -0.03158713 0.00037402 0.17893900
v -0.03160491 0.00076236 0.17887720
v -0.03133780 0.00059946 0.17898026
v -0.03135613 0.00096890 0.17891957
v -0.03158165 0.00112671 0.17882669
v -0.03109373 0.00083847 0.17900955
v -0.03109152 0.00049844 0.17906036
v -0.03079258 0.00064584 0.17910977
v -0.03094239 0.00025461 0.17913004
v -0.03066927 0.00029013 0.17918716
v -0.03045823 0.00002158 0.17926353
v -0.03078229 -0.00002719 0.17920161
v -0.03065527 -0.00042532 0.17926906
v -0.03093137 -0.00027084 0.17919359
v -0.03100181 -0.00059238 0.17920404
v -0.03076331 -0.00090701 0.17928494
v -0.03038248 -0.00083374 0.17936372
v -0.03025420 -0.00036664 0.17934766
v -0.03054603 -0.00124539 0.17935663
v -0.03028807 -0.00118668 0.17940981
v -0.03012155 -0.00132590 0.17945021
v -0.02993928 -0.00128900 0.17948117
v -0.02999031 -0.00162521 0.17948169
v -0.03031411 -0.00150073 0.17941827
v -0.03028741 -0.00191153 0.17943405
v -0.02995676 -0.00211011 0.17949501
v -0.03025281 -0.00234601 0.17944623
v -0.02992949 -0.00260593 0.17949890
v -0.03028103 -0.00274283 0.17943942
v -0.03005919 -0.00303198 0.17947021
v -0.02973063 -0.00301892 0.17952045
v -0.02954305 -0.00267435 0.17955527
v -0.02967061 -0.00231046 0.17954073
v -0.02931584 -0.00230090 0.17958972
v -0.02924237 -0.00271179 0.17959415
v -0.02903309 -0.00253943 0.17962286
v -0.02895247 -0.00294714 0.17961900
v -0.02871616 -0.00255289 0.17965646
v -0.02893082 -0.00217978 0.17963812
v -0.02853460 -0.00296762 0.17966054
v -0.02815345 -0.00300247 0.17969357
v -0.02834339 -0.00336127 0.17965651
v -0.02794768 -0.00343607 0.17968300
v -0.02820852 -0.00368259 0.17964317
v -0.02800163 -0.00383206 0.17964389
v -0.02824333 -0.00406134 0.17960046
v -0.02786727 -0.00415530 0.17961407
v -0.02773450 -0.00381802 0.17966263
v -0.02757151 -0.00412973 0.17963467
v -0.02759513 -0.00458853 0.17956642
v -0.02719133 -0.00465945 0.17957574
v -0.02729821 -0.00496152 0.17951895
v -0.02690817 -0.00497760 0.17953192
v -0.02663411 -0.00472092 0.17958820
v -0.02642661 -0.00511206 0.17952420
v -0.02632503 -0.00466263 0.17960835
v -0.02600051 -0.00457205 0.17963309
v -0.02605397 -0.00495303 0.17956673
v -0.02578059 -0.00482239 0.17959723
v -0.02571852 -0.00522156 0.17952438
v -0.02547007 -0.00489020 0.17959163
v -0.02512404 -0.00491089 0.17959555
v -0.02528656 -0.00456900 0.17964990
v -0.02565510 -0.00446683 0.17965683
v -0.02537437 -0.00417282 0.17970467
v -0.02541685 -0.00372412 0.17975743
v -0.02508959 -0.00394412 0.17973907
v -0.02507248 -0.00433112 0.17968980
v -0.02481772 -0.00417261 0.17971443
v -0.02478237 -0.00378922 0.17976138
v -0.02506854 -0.00346674 0.17979132
v -0.02490721 -0.00308865 0.17982944
v -0.02517992 -0.00308130 0.17982460
v -0.02543744 -0.00327478 0.17980193
v -0.02542101 -0.00285239 0.17983521
v -0.02469940 -0.00305206 0.17983606
v -0.01918205 -0.01171094 0.17645987
v -0.01897252 -0.01177014 0.17641562
v -0.01882911 -0.01167532 0.17653690
v -0.01866310 -0.01184256 0.17636459
v -0.01834699 -0.01185886 0.17637918
v -0.01843419 -0.01196921 0.17623523
v -0.01818965 -0.01201532 0.17620224
v -0.01804451 -0.01191547 0.17634346
v -0.01818451 -0.01172498 0.17654655
v -0.01787469 -0.01181949 0.17647302
v -0.01774345 -0.01198212 0.17629205
v -0.01790932 -0.01207047 0.17616116
v -0.01760466 -0.01214844 0.17608670
v -0.01743043 -0.01203976 0.17624890
v -0.01726375 -0.01219128 0.17606172
v -0.01639451 -0.01246533 0.17574156
v -0.01640547 -0.01236029 0.17590961
v -0.01680218 -0.01255225 0.17554085
v -0.01678971 -0.01254071 0.17556342
v -0.03459617 -0.00384665 0.17753708
v -0.03464632 -0.00414417 0.17745093
v -0.03444550 -0.00422278 0.17760817
v -0.03432639 -0.00395230 0.17774669
v -0.03421933 -0.00372528 0.17785922
v -0.03405750 -0.00401892 0.17794336
v -0.03403230 -0.00369131 0.17799960
v -0.03389660 -0.00390329 0.17807425
v -0.03384925 -0.00371179 0.17812247
v -0.03393046 -0.00339102 0.17808673
v -0.03369080 -0.00359567 0.17822618
v -0.03350209 -0.00347156 0.17833989
v -0.03347202 -0.00378625 0.17833778
v -0.03323675 -0.00359952 0.17846964
v -0.03308738 -0.00324500 0.17856013
v -0.03319519 -0.00293195 0.17851877
v -0.03293262 -0.00291870 0.17864203
v -0.03282320 -0.00328040 0.17867903
v -0.03254871 -0.00307129 0.17879819
v -0.03274261 -0.00271680 0.17873006
v -0.03295996 -0.00251590 0.17863464
v -0.03315326 -0.00266129 0.17854346
v -0.03292232 -0.00213849 0.17864694
v -0.03282606 -0.00177051 0.17867883
v -0.03263562 -0.00207257 0.17876866
v -0.03271288 -0.00241370 0.17874361
v -0.03245538 -0.00237363 0.17884581
v -0.03234640 -0.00203485 0.17887869
v -0.03253588 -0.00169904 0.17879398
v -0.03218646 -0.00162878 0.17891895
v -0.03245122 -0.00129657 0.17880569
v -0.03275491 -0.00138693 0.17868936
v -0.03268363 -0.00092401 0.17868750
v -0.03297119 -0.00068726 0.17854552
v -0.03274718 -0.00048611 0.17862622
v -0.03297925 -0.00032892 0.17850763
v -0.03278975 -0.00018411 0.17857748
v -0.03257041 -0.00022299 0.17867238
v -0.03247399 -0.00056827 0.17874420
v -0.03218884 -0.00059497 0.17885324
v -0.03234103 -0.00092120 0.17882339
v -0.03204333 -0.00092502 0.17892929
v -0.03190710 -0.00058075 0.17894733
v -0.03169729 -0.00092697 0.17903876
v -0.03164985 -0.00052344 0.17902222
v -0.03147838 -0.00024368 0.17904526
v -0.03158891 0.00004916 0.17898128
v -0.03128126 0.00015295 0.17905499
v -0.03118196 -0.00027560 0.17913013
v -0.03102582 -0.00003323 0.17914557
v -0.03136101 -0.00066602 0.17911606
v -0.03110612 -0.00100800 0.17920915
v -0.03139715 -0.00109018 0.17913751
v -0.03122467 -0.00145499 0.17920491
v -0.03087666 -0.00133517 0.17928578
v -0.03096773 -0.00168628 0.17928140
v -0.03064033 -0.00170627 0.17935599
v -0.03091780 -0.00208374 0.17930478
v -0.03116927 -0.00184799 0.17923715
v -0.03127076 -0.00219095 0.17921875
v -0.03104990 -0.00248969 0.17928020
v -0.03075345 -0.00248276 0.17934827
v -0.03088614 -0.00275168 0.17931862
v -0.03060394 -0.00286563 0.17937527
v -0.03049198 -0.00252374 0.17940265
v -0.03055919 -0.00217651 0.17938565
v -0.03033774 -0.00307764 0.17942120
v -0.03054753 -0.00336093 0.17936835
v -0.03018764 -0.00338080 0.17943411
v -0.03029657 -0.00378876 0.17938852
v -0.02999593 -0.00365903 0.17944876
v -0.02987781 -0.00335864 0.17948524
v -0.02967836 -0.00370920 0.17949115
v -0.02960453 -0.00334424 0.17952490
v -0.02935935 -0.00309189 0.17956665
v -0.02936802 -0.00353613 0.17954315
v -0.02906287 -0.00340259 0.17958522
v -0.02870800 -0.00335614 0.17962340
v -0.02884613 -0.00373575 0.17958325
v -0.02849953 -0.00371542 0.17961572
v -0.02863893 -0.00408694 0.17956750
v -0.02902444 -0.00410397 0.17953203
v -0.02878309 -0.00444260 0.17951440
v -0.02842800 -0.00445361 0.17953873
v -0.02804947 -0.00449310 0.17955716
v -0.02824267 -0.00483011 0.17949536
v -0.02860166 -0.00479764 0.17947723
v -0.02841369 -0.00517789 0.17942554
v -0.02804244 -0.00518762 0.17944510
v -0.02791210 -0.00485999 0.17950835
v -0.02786055 -0.00552155 0.17938890
v -0.02716630 -0.00538159 0.17944380
v -0.02695612 -0.00584253 0.17935410
v -0.02745622 -0.00637708 0.17920689
v -0.02677320 -0.00659415 0.17917363
v -0.02668976 -0.00621713 0.17927554
v -0.02643999 -0.00652615 0.17920410
v -0.02649950 -0.00685843 0.17910800
v -0.02617232 -0.00678668 0.17913756
v -0.02620597 -0.00649908 0.17921832
v -0.02629311 -0.00618738 0.17929465
v -0.02593665 -0.00602469 0.17934323
v -0.02567238 -0.00624280 0.17929538
v -0.02560551 -0.00592953 0.17937354
v -0.02585791 -0.00562610 0.17943715
v -0.02554381 -0.00558923 0.17945255
v -0.02606655 -0.00531699 0.17949655
v -0.02627075 -0.00566269 0.17941655
v -0.02672029 -0.00547800 0.17944124
v -0.02658708 -0.00587967 0.17935930
v -0.02492730 -0.00541638 0.17950212
v -0.02495535 -0.00516495 0.17955179
v -0.02501796 -0.00463278 0.17964542
v -0.01907714 -0.01205325 0.17603227
v -0.01898897 -0.01197665 0.17615839
v -0.01882121 -0.01205334 0.17607451
v -0.01880097 -0.01217706 0.17589044
v -0.01861709 -0.01201099 0.17615808
v -0.01887509 -0.01192303 0.17624289
v -0.03429461 -0.00505670 0.17755400
v -0.03439409 -0.00477676 0.17754182
v -0.03422263 -0.00485397 0.17766641
v -0.03406418 -0.00510715 0.17772461
v -0.03403130 -0.00474701 0.17783209
v -0.03431387 -0.00457077 0.17765199
v -0.03417886 -0.00432217 0.17780322
v -0.03388042 -0.00440973 0.17800620
v -0.03371968 -0.00482675 0.17803439
v -0.03359945 -0.00455331 0.17816687
v -0.03370818 -0.00426993 0.17814803
v -0.03384775 -0.00411615 0.17807967
v -0.03368160 -0.00396985 0.17820190
v -0.03351752 -0.00429132 0.17826071
v -0.03344815 -0.00407062 0.17832765
v -0.03325616 -0.00400061 0.17843338
v -0.03329980 -0.00429605 0.17838055
v -0.03306414 -0.00429001 0.17849696
v -0.03314536 -0.00453601 0.17842584
v -0.03287081 -0.00466852 0.17853436
v -0.03279701 -0.00427661 0.17861964
v -0.03300010 -0.00395096 0.17855948
v -0.03271497 -0.00393216 0.17868730
v -0.03291605 -0.00359674 0.17862219
v -0.03261853 -0.00356335 0.17875081
v -0.03238898 -0.00396097 0.17881653
v -0.03230446 -0.00352979 0.17887527
v -0.03214228 -0.00317755 0.17894766
v -0.03225996 -0.00271442 0.17891586
v -0.03254636 -0.00265906 0.17881085
v -0.03221655 -0.00234152 0.17893280
v -0.03197504 -0.00249109 0.17901547
v -0.03191889 -0.00287915 0.17903162
v -0.03174889 -0.00263834 0.17908971
v -0.03158963 -0.00292218 0.17913348
v -0.03159179 -0.00261581 0.17913734
v -0.03165805 -0.00227832 0.17911075
v -0.03136193 -0.00262027 0.17919965
v -0.03145514 -0.00182050 0.17915720
v -0.03180910 -0.00175351 0.17904852
v -0.03203422 -0.00208881 0.17898813
v -0.03192114 -0.00130777 0.17899274
v -0.03219096 -0.00121631 0.17889783
v -0.03158623 -0.00139282 0.17910036
v -0.03126140 -0.00303497 0.17922150
v -0.03109717 -0.00280283 0.17926825
v -0.03091626 -0.00311212 0.17930203
v -0.03114552 -0.00341086 0.17923834
v -0.03085804 -0.00354938 0.17929681
v -0.03061908 -0.00374310 0.17933376
v -0.03084176 -0.00392392 0.17927496
v -0.03106607 -0.00373697 0.17923994
v -0.03116117 -0.00410382 0.17918723
v -0.03079246 -0.00431589 0.17924739
v -0.03054175 -0.00408517 0.17932066
v -0.03044835 -0.00449823 0.17929480
v -0.03024063 -0.00423138 0.17936099
v -0.03021332 -0.00449335 0.17933875
v -0.03000226 -0.00446210 0.17937384
v -0.02993031 -0.00405075 0.17942618
v -0.02968533 -0.00440805 0.17942389
v -0.02977849 -0.00480408 0.17936055
v -0.02944927 -0.00470160 0.17941599
v -0.02949959 -0.00500510 0.17936548
v -0.02918541 -0.00499838 0.17939780
v -0.02919596 -0.00464929 0.17945134
v -0.02934065 -0.00433389 0.17947472
v -0.02905807 -0.00445691 0.17949005
v -0.02935928 -0.00391983 0.17951456
v -0.02960051 -0.00408588 0.17946976
v -0.02913376 -0.00374106 0.17955515
v -0.02893817 -0.00474664 0.17946011
v -0.02879527 -0.00512427 0.17940857
v -0.02902544 -0.00543094 0.17933406
v -0.02938260 -0.00531760 0.17932347
v -0.02926874 -0.00570172 0.17925897
v -0.02891293 -0.00584866 0.17925818
v -0.02859787 -0.00558255 0.17933551
v -0.02854938 -0.00608786 0.17922940
v -0.02828430 -0.00586017 0.17929721
v -0.02819331 -0.00553339 0.17937103
v -0.02795237 -0.00585809 0.17931380
v -0.02812122 -0.00622803 0.17921919
v -0.02776264 -0.00616547 0.17924983
v -0.02779281 -0.00652582 0.17915619
v -0.02747896 -0.00678656 0.17909428
v -0.02781367 -0.00693896 0.17903641
v -0.02811598 -0.00664401 0.17911078
v -0.02813975 -0.00694696 0.17902121
v -0.02799866 -0.00723001 0.17893459
v -0.02766884 -0.00731186 0.17891974
v -0.02749106 -0.00710901 0.17899487
v -0.02755030 -0.00759015 0.17882199
v -0.02732495 -0.00774728 0.17876675
v -0.02652687 -0.00708694 0.17903708
v -0.02628657 -0.00713638 0.17902747
v -0.02625144 -0.00741269 0.17893472
v -0.02600833 -0.00736911 0.17895531
v -0.02601552 -0.00708514 0.17905011
v -0.02043271 -0.01206403 0.17578381
v -0.01900931 -0.01220847 0.17580408
v -0.01890700 -0.01230890 0.17564929
v -0.01878980 -0.01227570 0.17573100
v -0.02649510 -0.01106323 0.17625839
v -0.02734036 -0.01086514 0.17635898
v -0.02781374 -0.01076611 0.17638101
v -0.02825437 -0.01068964 0.17636792
v -0.03421308 -0.00559952 0.17745828
v -0.03414207 -0.00537616 0.17758690
v -0.03400990 -0.00569672 0.17758607
v -0.03411007 -0.00579401 0.17747255
v -0.03375793 -0.00587024 0.17771147
v -0.03385801 -0.00547095 0.17777423
v -0.03353867 -0.00571228 0.17792390
v -0.03365485 -0.00539178 0.17794618
v -0.03381889 -0.00512320 0.17790033
v -0.03356838 -0.00518079 0.17805762
v -0.03340285 -0.00493314 0.17821176
v -0.03332107 -0.00533646 0.17817355
v -0.03311369 -0.00520343 0.17832074
v -0.03312752 -0.00483859 0.17838316
v -0.03335143 -0.00457678 0.17830978
v -0.03286538 -0.00510056 0.17846648
v -0.03288790 -0.00542932 0.17839305
v -0.03266149 -0.00539847 0.17850677
v -0.03272659 -0.00565964 0.17841821
v -0.03253841 -0.00565948 0.17850543
v -0.03242024 -0.00547623 0.17859650
v -0.03251584 -0.00505118 0.17863071
v -0.03225954 -0.00533353 0.17868884
v -0.03213804 -0.00507065 0.17877789
v -0.03232909 -0.00477130 0.17875233
v -0.03256276 -0.00457248 0.17868382
v -0.03229498 -0.00442111 0.17880974
v -0.03212197 -0.00473083 0.17883614
v -0.03196262 -0.00448877 0.17892194
v -0.03212868 -0.00417590 0.17889761
v -0.03189497 -0.00414160 0.17898192
v -0.03209022 -0.00385849 0.17893588
v -0.03178650 -0.00379456 0.17904108
v -0.03202377 -0.00353839 0.17897682
v -0.03178388 -0.00332443 0.17906308
v -0.03156515 -0.00361542 0.17911847
v -0.03144534 -0.00333423 0.17916357
v -0.03131359 -0.00368954 0.17918228
v -0.03148556 -0.00392712 0.17912167
v -0.03142766 -0.00420392 0.17911588
v -0.03130652 -0.00441214 0.17912347
v -0.03103910 -0.00460782 0.17915918
v -0.03136609 -0.00471402 0.17906824
v -0.03113083 -0.00503952 0.17907614
v -0.03079149 -0.00499017 0.17915929
v -0.03071061 -0.00466602 0.17922321
v -0.03047171 -0.00490881 0.17923495
v -0.03051150 -0.00533890 0.17915735
v -0.03020211 -0.00517319 0.17924091
v -0.03015454 -0.00477469 0.17930978
v -0.02995246 -0.00506985 0.17929723
v -0.02992451 -0.00539334 0.17924448
v -0.02969350 -0.00519418 0.17931088
v -0.02961269 -0.00556299 0.17925108
v -0.02988867 -0.00580594 0.17916562
v -0.03018659 -0.00554123 0.17917752
v -0.03018979 -0.00583649 0.17911719
v -0.03006276 -0.00612323 0.17906905
v -0.02972393 -0.00621594 0.17909200
v -0.02950749 -0.00595224 0.17917993
v -0.02937916 -0.00632834 0.17910385
v -0.02957655 -0.00660281 0.17900818
v -0.02927247 -0.00662744 0.17903534
v -0.02902282 -0.00647183 0.17909973
v -0.02916110 -0.00608466 0.17918466
v -0.02886532 -0.00619092 0.17918462
v -0.02867224 -0.00644980 0.17913278
v -0.02876662 -0.00672403 0.17905008
v -0.02843871 -0.00677057 0.17905768
v -0.02838102 -0.00643848 0.17915347
v -0.02866017 -0.00703467 0.17896115
v -0.02832440 -0.00713797 0.17894940
v -0.02851063 -0.00736288 0.17886018
v -0.02818927 -0.00746625 0.17884036
v -0.02784739 -0.00756134 0.17882001
v -0.02806899 -0.00786188 0.17868698
v -0.02759984 -0.00789026 0.17869626
v -0.02777101 -0.00812515 0.17858585
v -0.02746408 -0.00825131 0.17853821
v -0.02716283 -0.00807315 0.17863133
v -0.02715760 -0.00839670 0.17847955
v -0.02685104 -0.00838232 0.17849753
v -0.02621674 -0.00783441 0.17876917
v -0.02633512 -0.00758868 0.17886557
v -0.02609719 -0.00761813 0.17886148
v -0.02058328 -0.01209753 0.17569646
v -0.02036216 -0.01215912 0.17563223
v -0.02655803 -0.01086456 0.17655167
v -0.02668034 -0.01094629 0.17641333
v -0.02674340 -0.01102563 0.17626761
v -0.02697373 -0.01090820 0.17639989
v -0.02687605 -0.01079367 0.17659439
v -0.02723591 -0.01073004 0.17660599
v -0.02761552 -0.01067599 0.17659596
v -0.02751132 -0.01053891 0.17681403
v -0.02790082 -0.01049280 0.17679221
v -0.02787411 -0.01062964 0.17660234
v -0.02815355 -0.01056189 0.17662505
v -0.02826693 -0.01038107 0.17685600
v -0.02839583 -0.01044150 0.17674207
v -0.02854428 -0.01049554 0.17660509
v -0.02860391 -0.01030746 0.17686481
v -0.02887507 -0.01033386 0.17674533
v -0.02888305 -0.01046915 0.17652147
v -0.02954280 -0.01022272 0.17663115
v -0.03370052 -0.00643277 0.17751010
v -0.03367705 -0.00617572 0.17765067
v -0.03346590 -0.00641135 0.17770296
v -0.03348658 -0.00609589 0.17782132
v -0.03323347 -0.00636816 0.17788293
v -0.03323227 -0.00666745 0.17774979
v -0.03293958 -0.00667444 0.17793570
v -0.03304844 -0.00692429 0.17774866
v -0.03283061 -0.00702173 0.17783820
v -0.03293052 -0.00714069 0.17770975
v -0.03277003 -0.00724677 0.17774905
v -0.03258579 -0.00719769 0.17788480
v -0.03269620 -0.00692517 0.17796550
v -0.03247894 -0.00699420 0.17804877
v -0.03234835 -0.00722974 0.17799557
v -0.03220029 -0.00706915 0.17814510
v -0.03239487 -0.00680246 0.17817642
v -0.03263497 -0.00672079 0.17809108
v -0.03249523 -0.00648917 0.17825552
v -0.03279137 -0.00641977 0.17813077
v -0.03268710 -0.00618369 0.17827518
v -0.03294646 -0.00611032 0.17816153
v -0.03284670 -0.00585516 0.17830090
v -0.03307716 -0.00584521 0.17817651
v -0.03323109 -0.00601904 0.17802065
v -0.03303079 -0.00632147 0.17803201
v -0.03328703 -0.00565939 0.17810669
v -0.03347665 -0.00545880 0.17804709
v -0.03306207 -0.00556824 0.17826547
v -0.03288329 -0.00563068 0.17834964
v -0.03252720 -0.00596912 0.17842244
v -0.03250146 -0.00624136 0.17834750
v -0.03228700 -0.00631183 0.17841560
v -0.03226684 -0.00603836 0.17851724
v -0.03234459 -0.00578143 0.17855777
v -0.03211352 -0.00591138 0.17861511
v -0.03218732 -0.00561847 0.17865967
v -0.03194757 -0.00575378 0.17871503
v -0.03187070 -0.00605609 0.17866132
v -0.03169987 -0.00589517 0.17876096
v -0.03164720 -0.00615979 0.17870515
v -0.03141535 -0.00608044 0.17879388
v -0.03152928 -0.00571878 0.17885301
v -0.03177582 -0.00558707 0.17880870
v -0.03161471 -0.00543991 0.17888647
v -0.03182551 -0.00526053 0.17885312
v -0.03202459 -0.00543970 0.17875531
v -0.03187350 -0.00489233 0.17889589
v -0.03151291 -0.00512009 0.17896671
v -0.03166638 -0.00467078 0.17899228
v -0.03174188 -0.00437567 0.17900876
v -0.03152798 -0.00442221 0.17906575
v -0.03164629 -0.00414584 0.17906010
v -0.03141905 -0.00550174 0.17892780
v -0.03118978 -0.00542477 0.17899782
v -0.03087308 -0.00536801 0.17907980
v -0.03095237 -0.00571213 0.17899754
v -0.03123776 -0.00579385 0.17891235
v -0.03100008 -0.00597906 0.17892853
v -0.03075087 -0.00600348 0.17897545
v -0.03065021 -0.00568951 0.17906482
v -0.03040984 -0.00601425 0.17903795
v -0.03039154 -0.00568631 0.17911514
v -0.03057497 -0.00636047 0.17891878
v -0.03090553 -0.00625092 0.17887871
v -0.03080345 -0.00652722 0.17882245
v -0.03055854 -0.00671225 0.17881880
v -0.03034747 -0.00661346 0.17889175
v -0.03023490 -0.00638333 0.17897543
v -0.03008459 -0.00670450 0.17890822
v -0.02991795 -0.00646854 0.17900128
v -0.02981360 -0.00676590 0.17892998
v -0.02990753 -0.00708603 0.17880960
v -0.02957186 -0.00695413 0.17890176
v -0.02934401 -0.00684113 0.17896490
v -0.02925917 -0.00712747 0.17887892
v -0.02951906 -0.00728476 0.17879443
v -0.02919840 -0.00747195 0.17876112
v -0.02887982 -0.00731580 0.17884698
v -0.02903102 -0.00688016 0.17898056
v -0.02886335 -0.00773370 0.17868878
v -0.02921530 -0.00778241 0.17863626
v -0.02897347 -0.00802313 0.17855748
v -0.02865863 -0.00809756 0.17854846
v -0.02848135 -0.00784406 0.17867261
v -0.02862400 -0.00757947 0.17877142
v -0.02837644 -0.00762585 0.17876993
v -0.02828673 -0.00814716 0.17854802
v -0.02798777 -0.00821008 0.17853491
v -0.02807725 -0.00850354 0.17838028
v -0.02772729 -0.00839636 0.17845612
v -0.02769694 -0.00866107 0.17831647
v -0.02785332 -0.00885989 0.17819125
v -0.02818312 -0.00878970 0.17821223
v -0.02805899 -0.00909686 0.17802701
v -0.02763278 -0.00916550 0.17801378
v -0.02746143 -0.00892099 0.17817702
v -0.02717457 -0.00926495 0.17797751
v -0.02744756 -0.00946893 0.17781900
v -0.02705601 -0.00958551 0.17776538
v -0.02685601 -0.00946826 0.17786423
v -0.02671504 -0.00927335 0.17799895
v -0.02704471 -0.00894568 0.17818291
v -0.02660634 -0.00893314 0.17821085
v -0.02627755 -0.00927496 0.17801691
v -0.02619732 -0.00898291 0.17819920
v -0.02640513 -0.00874365 0.17832706
v -0.02665238 -0.00863345 0.17837735
v -0.02694610 -0.00865314 0.17835445
v -0.02644866 -0.00843820 0.17848294
v -0.02603224 -0.00839566 0.17851732
v -0.02605100 -0.00808502 0.17866438
v -0.02637346 -0.01015729 0.17735115
v -0.02648096 -0.01026794 0.17724139
v -0.02664960 -0.01055435 0.17692151
v -0.02697442 -0.01040436 0.17705612
v -0.02708563 -0.01056525 0.17685355
v -0.02671400 -0.01071494 0.17672496
v -0.02726686 -0.01033624 0.17709636
v -0.02744421 -0.01040878 0.17699115
v -0.02777201 -0.01032980 0.17702495
v -0.02757528 -0.01024893 0.17715036
v -0.02779412 -0.01019321 0.17717688
v -0.02809189 -0.01029611 0.17700067
v -0.02843582 -0.01015704 0.17708640
v -0.02843722 -0.00995502 0.17730107
v -0.02878766 -0.00991348 0.17727206
v -0.02877188 -0.01011823 0.17705640
v -0.02891180 -0.01019150 0.17693073
v -0.02910276 -0.00999878 0.17710490
v -0.02918604 -0.01017621 0.17685797
v -0.02909599 -0.01033536 0.17666231
v -0.02933483 -0.01026392 0.17667035
v -0.02956205 -0.01008124 0.17683636
v -0.02938984 -0.00999774 0.17701915
v -0.02961526 -0.00990326 0.17705319
v -0.02946300 -0.00980804 0.17721671
v -0.02981595 -0.00971381 0.17719547
v -0.02982539 -0.00989459 0.17697070
v -0.03003637 -0.00974622 0.17706003
v -0.03005731 -0.00988043 0.17686050
v -0.02984027 -0.01001834 0.17678386
v -0.03313108 -0.00733081 0.17743420
v -0.03310275 -0.00712228 0.17759637
v -0.03324150 -0.00689758 0.17762576
v -0.03345064 -0.00670807 0.17756635
v -0.03288999 -0.00736978 0.17758595
v -0.03296485 -0.00754272 0.17740494
v -0.03271374 -0.00769275 0.17746756
v -0.03238017 -0.00817523 0.17729451
v -0.03241106 -0.00792783 0.17748730
v -0.03211253 -0.00823337 0.17742194
v -0.03213259 -0.00793704 0.17765553
v -0.03186582 -0.00815619 0.17764140
v -0.03189913 -0.00789590 0.17781599
v -0.03167259 -0.00808209 0.17780005
v -0.03165425 -0.00782608 0.17797540
v -0.03192429 -0.00766895 0.17795200
v -0.03213279 -0.00768289 0.17783714
v -0.03210733 -0.00741443 0.17801166
v -0.03181739 -0.00750775 0.17809158
v -0.03195460 -0.00726218 0.17816168
v -0.03168828 -0.00726813 0.17826376
v -0.03194883 -0.00703473 0.17826889
v -0.03215376 -0.00672302 0.17831403
v -0.03173624 -0.00683533 0.17843315
v -0.03199816 -0.00649707 0.17846616
v -0.03175224 -0.00639609 0.17859254
v -0.03146064 -0.00664233 0.17860449
v -0.03148685 -0.00635785 0.17869281
v -0.03114787 -0.00649683 0.17874384
v -0.03123752 -0.00680243 0.17861963
v -0.03103890 -0.00686063 0.17865457
v -0.03081991 -0.00680212 0.17872937
v -0.03083924 -0.00713797 0.17860077
v -0.03051881 -0.00706042 0.17870782
v -0.03027432 -0.00689343 0.17881567
v -0.03021687 -0.00716675 0.17873131
v -0.03004072 -0.00741449 0.17866829
v -0.03033275 -0.00736484 0.17863297
v -0.03017991 -0.00766870 0.17853485
v -0.02987151 -0.00770099 0.17858148
v -0.02996504 -0.00787811 0.17848596
v -0.02976032 -0.00793033 0.17849887
v -0.02954724 -0.00781387 0.17858130
v -0.02972343 -0.00748135 0.17869302
v -0.02944262 -0.00756992 0.17869737
v -0.02925530 -0.00806287 0.17850708
v -0.02954807 -0.00814703 0.17842519
v -0.02923769 -0.00833887 0.17837088
v -0.02945106 -0.00841681 0.17829810
v -0.02920729 -0.00863153 0.17820717
v -0.02895387 -0.00850235 0.17831602
v -0.02899810 -0.00825223 0.17844637
v -0.02871772 -0.00837570 0.17840834
v -0.02883885 -0.00819049 0.17849411
v -0.02843650 -0.00834625 0.17844312
v -0.02843346 -0.00859042 0.17831175
v -0.02869148 -0.00862671 0.17827124
v -0.02848383 -0.00887961 0.17813266
v -0.02885880 -0.00876797 0.17816766
v -0.02875493 -0.00904440 0.17799672
v -0.02839243 -0.00921555 0.17791501
v -0.02806326 -0.00938297 0.17782794
v -0.02779177 -0.00935846 0.17787091
v -0.02774786 -0.00965857 0.17764957
v -0.02727362 -0.00975650 0.17761760
v -0.02743663 -0.00990540 0.17748343
v -0.02766604 -0.00993008 0.17743896
v -0.02741184 -0.01011710 0.17729871
v -0.02707583 -0.01004294 0.17739607
v -0.02709990 -0.01024429 0.17720950
v -0.02666668 -0.01009601 0.17738374
v -0.02686961 -0.00985257 0.17757358
v -0.02670783 -0.00967764 0.17772272
v -0.02643159 -0.00993164 0.17753923
v -0.02640691 -0.00968332 0.17773526
v -0.02662162 -0.00952039 0.17784259
v -0.02641820 -0.00947992 0.17787845
v -0.02594827 -0.00940079 0.17794986
v -0.02598674 -0.00920020 0.17807762
v -0.02619190 -0.00983780 0.17762779
v -0.02775057 -0.01007996 0.17729375
v -0.02797401 -0.00986740 0.17745229
v -0.02828134 -0.00984863 0.17742635
v -0.02831574 -0.00956549 0.17765881
v -0.02859778 -0.00973810 0.17747566
v -0.02878585 -0.00947910 0.17766859
v -0.02866549 -0.00930057 0.17782376
v -0.02906703 -0.00917862 0.17785913
v -0.02909094 -0.00942621 0.17766681
v -0.02896285 -0.00964117 0.17750174
v -0.02931409 -0.00950946 0.17755345
v -0.02918350 -0.00975555 0.17734679
v -0.02945113 -0.00963736 0.17740292
v -0.02965730 -0.00962076 0.17735818
v -0.02962145 -0.00947238 0.17751443
v -0.02955666 -0.00930270 0.17767949
v -0.02981288 -0.00928830 0.17762701
v -0.02974884 -0.00914316 0.17776422
v -0.02997131 -0.00910074 0.17773846
v -0.03004323 -0.00923538 0.17759961
v -0.02991802 -0.00945190 0.17743523
v -0.03028210 -0.00926147 0.17747884
v -0.03021703 -0.00905524 0.17769220
v -0.03052942 -0.00895969 0.17764973
v -0.03061806 -0.00916626 0.17742767
v -0.03045705 -0.00939096 0.17727316
v -0.03017058 -0.00954370 0.17723560
v -0.03036707 -0.00953528 0.17715778
v -0.03053367 -0.00951212 0.17708998
v -0.03075151 -0.00930368 0.17721419
v -0.03029310 -0.00967862 0.17700858
v -0.03095002 -0.00932175 0.17706903
v -0.03178148 -0.00843524 0.17745871
v -0.03164944 -0.00870325 0.17729445
v -0.03140677 -0.00880444 0.17736261
v -0.03129010 -0.00897470 0.17726273
v -0.03119191 -0.00889432 0.17740512
v -0.03130219 -0.00871585 0.17750708
v -0.03150895 -0.00858807 0.17749620
v -0.03131638 -0.00851578 0.17765796
v -0.03158446 -0.00833057 0.17766113
v -0.03134867 -0.00818317 0.17787793
v -0.03106495 -0.00849698 0.17778687
v -0.03102581 -0.00828522 0.17794766
v -0.03079444 -0.00848779 0.17790056
v -0.03079613 -0.00817395 0.17809552
v -0.03111322 -0.00806628 0.17805052
v -0.03104429 -0.00783792 0.17820546
v -0.03133983 -0.00783331 0.17809947
v -0.03156266 -0.00758630 0.17815207
v -0.03130263 -0.00747928 0.17830325
v -0.03148031 -0.00714835 0.17839861
v -0.03127338 -0.00719482 0.17845172
v -0.03139008 -0.00694843 0.17851550
v -0.03113930 -0.00704926 0.17855537
v -0.03104369 -0.00733325 0.17846069
v -0.03072357 -0.00751352 0.17847026
v -0.03057545 -0.00732541 0.17859387
v -0.03045222 -0.00753494 0.17853416
v -0.03043868 -0.00778650 0.17841539
v -0.03014351 -0.00797894 0.17839359
v -0.03039017 -0.00815469 0.17823079
v -0.03001476 -0.00827017 0.17826822
v -0.02985927 -0.00809543 0.17839838
v -0.02971083 -0.00834790 0.17829120
v -0.02983789 -0.00853583 0.17815598
v -0.02954052 -0.00860135 0.17817418
v -0.02967735 -0.00878818 0.17802975
v -0.02934493 -0.00886667 0.17803581
v -0.02904886 -0.00890155 0.17805756
v -0.02951424 -0.00907669 0.17786015
v -0.02931132 -0.00930267 0.17772845
v -0.02987526 -0.00892825 0.17789127
v -0.02993651 -0.00869833 0.17803308
v -0.03014646 -0.00873337 0.17795296
v -0.03011379 -0.00893127 0.17782588
v -0.03034548 -0.00882004 0.17782898
v -0.03045918 -0.00851263 0.17799719
v -0.03059122 -0.00870581 0.17782454
v -0.03081479 -0.00873038 0.17771953
v -0.03081811 -0.00895215 0.17753807
v -0.03107539 -0.00875745 0.17758430
v -0.03100226 -0.00896997 0.17743549
v -0.03085278 -0.00910632 0.17737758
v -0.03106023 -0.00912027 0.17724313
v -0.03013323 -0.00848773 0.17811125
v -0.03072954 -0.00784872 0.17830005
v -0.03097095 -0.00760580 0.17835297
v -0.03114344 -0.00612277 0.17885606
v -0.03205034 -0.00620456 0.17854973
v -0.03235864 -0.00745584 0.17785907
v -0.03236236 -0.00770303 0.17769392
v -0.03260274 -0.00748553 0.17769641
v -0.03252441 -0.00770621 0.17759238
v -0.02735814 -0.00860703 0.17836096
v -0.03255419 -0.00423444 0.17872798
v -0.01780816 -0.01218399 0.17601447
v -0.01764772 -0.01224927 0.17593614
v -0.01758636 -0.01232095 0.17582733
v -0.01836432 -0.01156256 0.17669855
v -0.02918021 -0.00182825 0.17960590
v -0.02959942 -0.00185660 0.17954727
v -0.01531298 -0.01265021 0.17554343
v -0.01539972 -0.01258902 0.17564359
v -0.03337788 0.00300363 0.17764310
v -0.03335093 0.00326517 0.17757994
v -0.03355998 0.00312125 0.17750890
v -0.02794949 0.00270135 0.17925235
v -0.02651242 0.00250983 0.17945053
v -0.03084795 0.00417084 0.17825610
v -0.02617232 0.00440768 0.17903729
v -0.03057085 0.00697931 0.17705009
v -0.02310817 0.00527280 0.17902621
v -0.02732037 0.00876080 0.17675525
v -0.02375747 0.00818802 0.17774597
v -0.02603078 0.00925098 0.17665894
v -0.02605307 0.01000220 0.17597229
v -0.01997586 0.00765884 0.17827081
v -0.02022781 0.00772784 0.17823273
v -0.02201164 0.00823181 0.17788565
v -0.02430891 0.01063815 0.17560516
v -0.02192061 0.00973514 0.17688808
v -0.02199316 0.00996265 0.17668683
v -0.01893395 0.00965616 0.17718159
v -0.02035941 0.01134186 0.17540929
v -0.02025411 0.01144370 0.17528339
v 0.00229791 -0.00925470 0.17895465
v 0.00218925 -0.00894983 0.17907281
v 0.00243691 -0.00903760 0.17904515
v 0.00243381 -0.00697321 0.17966690
v 0.00356227 -0.00627219 0.17983292
v 0.00382293 -0.00611874 0.17986591
v 0.01419328 -0.01225302 0.17614139
v 0.00807985 -0.01032947 0.17834637
v 0.00667587 -0.00918912 0.17896524
v 0.00821655 -0.00925781 0.17890338
v 0.01012788 -0.01002615 0.17845251
v 0.00828751 -0.00739029 0.17956650
v 0.00802402 -0.00716644 0.17963191
v 0.00928899 -0.00579285 0.17993018
v 0.02577442 -0.01077441 0.17658072
v 0.00806044 -0.00231641 0.18030997
v 0.00825932 -0.00216742 0.18031436
v 0.03481305 -0.00717468 0.17646718
v 0.03175817 -0.00936496 0.17590601
v 0.02500673 -0.00968909 0.17762692
v 0.02469943 -0.00966003 0.17769106
v 0.02492997 -0.00951593 0.17775192
v 0.02474262 -0.00944849 0.17781876
v 0.03511609 -0.00633429 0.17684070
v 0.03485114 -0.00646112 0.17689301
v 0.03410326 -0.00730692 0.17670404
v 0.00654322 0.00643814 0.17912260
v 0.03623617 -0.00499304 0.17687888
v 0.00960209 0.00082535 0.18022751
v -0.00080571 0.01176242 0.17574356
v -0.00073717 0.01165689 0.17587270
v 0.03766873 -0.00310004 0.17649643
v 0.03771679 -0.00281943 0.17652591
v 0.03754729 -0.00297021 0.17664700
v 0.03757445 -0.00268167 0.17669638
v 0.03318668 -0.00556094 0.17789903
v 0.01503886 -0.00379785 0.18011632
v 0.01518150 -0.00365585 0.18012898
v 0.01496737 -0.00344513 0.18015436
v 0.01178681 0.00155243 0.18015056
v 0.03328411 -0.00336792 0.17851358
v 0.01571302 -0.00237674 0.18021887
v 0.01434918 -0.00037787 0.18026611
v 0.01467248 -0.00041357 0.18026247
v 0.01448218 -0.00013150 0.18025760
v 0.01469490 -0.00005133 0.18025162
v 0.01495151 -0.00012054 0.18024919
v 0.00349050 0.01135168 0.17632785
v 0.00343418 0.01150748 0.17616614
v 0.00363314 0.01162881 0.17603009
v 0.02311800 -0.00344708 0.17985828
v 0.01251970 0.00346365 0.17986243
v 0.01268376 0.00366644 0.17982198
v 0.01242945 0.00374860 0.17980795
v 0.01217748 0.00383206 0.17979340
v 0.01190999 0.00376923 0.17980765
v 0.03711015 0.00321454 0.17694621
v 0.03726395 0.00331067 0.17680057
v 0.03615434 0.00226379 0.17773123
v 0.03286992 -0.00111255 0.17890790
v 0.03275987 -0.00079346 0.17894632
v 0.03254459 -0.00120065 0.17896913
v 0.03235126 -0.00072412 0.17903300
v 0.03214008 -0.00113138 0.17905617
v 0.03225536 -0.00148526 0.17900919
v 0.03264030 -0.00036469 0.17898506
v 0.02500269 -0.00190967 0.17987228
v 0.03596767 0.00391437 0.17743552
v 0.03566570 0.00393625 0.17757726
v 0.03572274 0.00422534 0.17745728
v 0.03527370 0.00531024 0.17725597
v 0.03491045 0.00379196 0.17793509
v 0.03123212 0.00137024 0.17919937
v 0.03004120 0.00089453 0.17940582
v 0.03019180 0.00056677 0.17939957
v 0.02420495 0.00146817 0.17985060
v 0.02933451 0.00137045 0.17946002
v 0.02924721 0.00166888 0.17944214
v 0.02902419 0.00148163 0.17948166
v 0.02900369 0.00186841 0.17944388
v 0.02931900 0.00195963 0.17940237
v 0.02752901 0.00038040 0.17969583
v 0.02097630 0.00509155 0.17931691
v 0.02064968 0.00519812 0.17929919
v 0.02498594 0.00451093 0.17927841
v 0.02420562 0.00444931 0.17934293
v 0.02572995 0.00562790 0.17891125
v 0.03028607 0.00783884 0.17744775
v 0.02999562 0.00792307 0.17744894
v 0.02987959 0.00771906 0.17758487
v 0.03018287 0.00758948 0.17760370
v 0.02817349 0.00704266 0.17815634
v 0.02819275 0.00741068 0.17798334
v 0.02868897 0.00817557 0.17751105
v 0.02794732 0.01117755 0.17502570
v 0.02778984 0.01107654 0.17520209
v 0.02751841 0.01107303 0.17527327
v 0.02670171 0.01135846 0.17505231
v 0.02649800 0.01127396 0.17521042
v 0.02616575 0.01138718 0.17511159
v 0.02589009 0.01139893 0.17513933
f 828 1506 1498
f 1539 1498 1506
f 1609 1613 1731
f 1615 1620 1617
f 1506 1537 1603
f 1603 1604 1506
f 1538 1539 1506
f 1506 1604 1538
f 948 1506 828
f 948 866 1506
f 1082 1507 1080
f 173 1634 1635
f 1635 1633 173
f 363 1695 362
f 1501 1500 1562
f 714 1500 1501
f 1639 1640 1476
f 1732 721 1729
f 1618 1620 1619
f 1618 1617 1620
f 1592 990 1593
f 1599 1611 1610
f 1612 1618 1619
f 1617 1618 1612
f 1612 1611 1599
f 1506 951 952
f 1506 866 950
f 950 951 1506
f 1000 1507 1082
f 175 173 215
f 216 214 215
f 215 1633 1656
f 215 173 1633
f 390 388 1699
f 362 1695 1701
f 1695 1694 1701
f 390 1695 392
f 387 388 390
f 390 389 387
f 369 1586 370
f 1548 1500 1498
f 6399 1640 1639
f 1645 1678 1736
f 865 1620 1615
f 955 865 1615
f 713 714 1501
f 828 1498 867
f 1477 104 1639
f 1639 1476 1477
f 362 1701 361
f 257 256 293
f 486 519 517
f 254 219 217
f 725 1505 727
f 444 445 369
f 830 831 721
f 484 519 486
f 1498 1539 1540
f 1540 1605 1498
f 1729 1720 1730
f 1730 1732 1729
f 1730 1731 1613
f 721 1732 1730
f 1613 830 1730
f 1730 830 721
f 1615 1617 1616
f 1714 1720 1721
f 1721 1627 1714
f 1588 1587 1511
f 1510 1134 1588
f 1511 1510 1588
f 1507 1000 999
f 1696 1695 390
f 390 1699 1696
f 1699 1697 1696
f 1497 365 1575
f 365 1497 1700
f 1698 1699 388
f 1698 1697 1699
f 388 365 1698
f 365 1700 1698
f 1690 1694 1695
f 1695 1692 1690
f 1697 1698 1681
f 1681 1700 1497
f 1681 1698 1700
f 5095 1649 1660
f 1695 363 364
f 364 392 1695
f 363 392 364
f 428 387 389
f 1584 382 366
f 373 367 1584
f 1584 378 376
f 376 373 1584
f 1585 1586 369
f 369 445 1585
f 1736 1703 1679
f 1646 1645 1679
f 1679 1645 1736
f 1675 1678 1676
f 343 1703 1736
f 1646 1679 1647
f 4425 4731 4732
f 4732 4731 4733
f 5907 1645 1646
f 1644 1643 1676
f 1678 1645 1644
f 1676 1678 1644
f 216 1666 1667
f 216 215 1628
f 1628 1666 216
f 1628 215 1629
f 1655 1632 254
f 254 217 1655
f 1655 217 1665
f 255 258 254
f 254 1632 255
f 255 1632 258
f 1705 479 472
f 1706 1734 1735
f 1708 1734 1706
f 6719 1603 1537
f 1537 6747 6719
f 1506 1532 1533
f 1531 1532 1506
f 963 859 860
f 829 1613 1619
f 829 830 1613
f 963 860 961
f 992 990 1592
f 1592 991 992
f 992 991 990
f 957 955 956
f 956 955 1615
f 988 1593 990
f 1086 1087 1614
f 1088 1086 1132
f 1087 1086 1089
f 1086 1088 1089
f 1084 1086 1614
f 1614 1588 1084
f 1084 1588 1134
f 1554 1502 1501
f 707 1503 618
f 1575 365 384
f 384 382 1575
f 368 367 372
f 372 367 373
f 1504 1503 707
f 707 708 1504
f 617 616 1501
f 1501 710 617
f 1501 616 712
f 712 713 1501
f 1498 722 827
f 827 867 1498
f 722 867 827
f 174 173 175
f 174 1636 1659
f 1663 1636 174
f 174 147 1663
f 1659 1634 174
f 1634 173 174
f 1663 147 1637
f 1637 147 1640
f 1640 147 146
f 258 257 259
f 259 257 293
f 253 219 254
f 206 208 207
f 218 217 219
f 218 214 216
f 216 1665 218
f 1665 217 218
f 707 618 735
f 743 625 699
f 294 296 293
f 170 296 294
f 483 484 477
f 1606 1607 1498
f 1498 1605 1606
f 3896 1538 1604
f 3895 3898 1605
f 1605 1540 3895
f 3895 1540 1539
f 1539 1538 3895
f 1538 3896 3895
f 1731 1730 1718
f 1718 1730 1720
f 1617 1596 1594
f 1594 1616 1617
f 1593 1616 1594
f 1601 1598 1599
f 1600 1598 1601
f 1530 1529 7248
f 1509 1510 1511
f 1511 1587 1509
f 1513 1598 1600
f 1600 1601 1513
f 824 723 1500
f 1500 714 824
f 1506 952 1003
f 1003 1002 1506
f 1001 1080 1507
f 1510 1206 1142
f 1142 1141 1510
f 1697 1692 1691
f 1691 1696 1697
f 1691 1692 1695
f 1695 1696 1691
f 1694 1690 1737
f 1737 358 1694
f 362 361 396
f 395 363 362
f 362 396 395
f 647 679 678
f 679 645 678
f 386 365 388
f 386 384 365
f 1576 1577 1575
f 1575 382 1576
f 382 1584 1576
f 380 1584 366
f 378 1584 380
f 366 382 380
f 446 1585 445
f 447 1585 446
f 446 620 447
f 1500 1572 1570
f 1500 1548 1573
f 1573 1572 1500
f 1547 1548 1498
f 6542 1636 1663
f 1659 1636 6542
f 1646 5910 5908
f 5908 5907 1646
f 6103 1645 6102
f 1645 5907 6102
f 6104 1645 6103
f 1669 1665 216
f 216 1667 1669
f 1457 171 172
f 480 479 1704
f 479 1705 1704
f 1704 481 480
f 482 481 1704
f 1704 1735 482
f 482 1735 522
f 1728 1720 1729
f 1729 721 1728
f 1707 1708 1706
f 1621 1537 1506
f 1506 1533 1621
f 1621 1533 6795
f 1621 6747 1537
f 1621 6795 6747
f 6847 1533 6848
f 6795 1533 6847
f 1506 1535 1534
f 1534 1531 1506
f 863 829 1619
f 1619 1620 863
f 1620 865 863
f 1134 1135 1133
f 1133 1135 1278
f 968 967 966
f 964 961 962
f 963 961 964
f 964 965 963
f 959 864 957
f 959 961 860
f 959 860 862
f 959 862 864
f 994 991 1592
f 1592 995 994
f 996 995 1592
f 997 995 996
f 962 961 960
f 961 959 960
f 960 959 957
f 987 988 990
f 1132 1133 1280
f 1090 1089 1129
f 1129 1092 1090
f 997 998 1090
f 1090 998 1087
f 1087 1089 1090
f 1129 1089 1130
f 1282 1284 1130
f 1131 1089 1088
f 1131 1088 1132
f 1282 1130 1131
f 1131 1130 1089
f 1132 1280 1131
f 1131 1280 1282
f 1139 1215 1510
f 1510 1215 1137
f 1561 1554 1501
f 1499 1502 1558
f 619 618 1503
f 783 785 782
f 727 1505 728
f 731 1504 708
f 1479 144 142
f 360 1701 1694
f 360 361 1701
f 360 396 361
f 681 765 683
f 251 259 260
f 259 262 260
f 291 259 293
f 291 262 259
f 252 251 250
f 206 204 203
f 180 182 183
f 523 1734 524
f 1733 561 1734
f 269 267 283
f 248 220 250
f 248 221 220
f 250 251 248
f 1183 1248 1247
f 1181 1248 1183
f 1058 1017 934
f 1060 1017 1058
f 1043 1041 917
f 915 1043 917
f 917 901 915
f 698 743 699
f 699 625 698
f 1673 295 256
f 256 1672 1673
f 1673 171 295
f 172 171 1673
f 1673 1457 172
f 477 484 476
f 476 484 485
f 478 483 477
f 477 1455 478
f 1717 1610 1731
f 1731 1718 1717
f 1717 1718 1610
f 1719 1720 1714
f 1719 1718 1720
f 1714 1715 1719
f 1715 1718 1719
f 1599 1598 1597
f 1597 1596 1617
f 1597 1513 1596
f 1598 1513 1597
f 1597 1612 1599
f 1617 1612 1597
f 1593 1594 1590
f 1592 1593 1590
f 1590 1591 1592
f 1599 1610 1622
f 1622 1601 1599
f 1610 1718 1622
f 1718 1601 1622
f 1716 1718 1715
f 1716 1601 1718
f 1714 1627 1716
f 1716 1715 1714
f 1716 1513 1601
f 1507 1530 1536
f 1506 1507 1536
f 1536 1535 1506
f 1529 1530 1508
f 1508 1530 1507
f 1510 1509 1508
f 1507 999 1508
f 1512 1716 1627
f 1513 1716 1512
f 1595 1594 1596
f 1596 1513 1595
f 1595 1513 1515
f 1515 1590 1595
f 1595 1590 1594
f 1515 1513 1514
f 1514 1516 1515
f 1587 1588 1521
f 1518 1516 1602
f 823 873 872
f 944 869 1008
f 945 946 944
f 1081 1079 1145
f 953 1507 1506
f 953 1001 1507
f 1506 1002 953
f 1140 1210 1510
f 1510 1141 1140
f 1140 1141 1210
f 346 1703 344
f 346 1702 1703
f 1689 1690 1692
f 1689 1737 1690
f 1693 1660 1649
f 5095 1660 4796
f 1660 4795 4796
f 394 392 363
f 363 395 394
f 390 392 391
f 391 389 390
f 391 428 389
f 1577 1576 1578
f 1578 1576 1584
f 1578 1579 1577
f 1551 1579 1582
f 1498 1544 1543
f 1607 1606 1541
f 1498 1607 1541
f 1541 1544 1498
f 1546 1547 1498
f 340 343 1736
f 1703 343 342
f 102 63 1670
f 104 105 1670
f 1642 1638 1670
f 1639 104 1670
f 1670 1638 1639
f 99 63 102
f 62 63 64
f 6588 6894 1635
f 6487 6542 1663
f 1663 1637 6487
f 6253 6252 1639
f 1656 1633 6895
f 6895 1633 1635
f 1635 6894 6895
f 1649 1648 1671
f 1671 1648 1647
f 1671 1647 1679
f 1671 1679 1703
f 1703 1702 1671
f 5909 5910 1646
f 5374 1649 5095
f 5373 5659 1649
f 1649 5372 5373
f 4506 4787 4507
f 4508 1660 4507
f 1660 4506 4507
f 4505 4498 4785
f 4785 4787 4505
f 5074 5075 5073
f 4733 4731 5053
f 6280 6279 1645
f 1645 6104 6280
f 6280 6104 6103
f 1645 6279 6278
f 6278 6095 1645
f 6279 6095 6278
f 6277 1644 1645
f 1645 6095 6277
f 6276 1644 6277
f 6277 6095 6276
f 5865 5864 6091
f 5863 5864 5865
f 5867 5587 5865
f 1666 1628 8276
f 8276 1667 1666
f 1665 1669 8604
f 1457 1673 1674
f 1457 1674 1654
f 167 296 170
f 521 520 519
f 521 522 1735
f 1662 1707 1661
f 1661 1707 1706
f 1725 1712 1726
f 1725 1733 1734
f 1726 1733 1725
f 1734 1708 1724
f 1708 1712 1724
f 1724 1725 1734
f 1712 1725 1724
f 1726 1712 1723
f 1603 6719 5375
f 5375 5379 1603
f 1604 1603 5096
f 1603 5379 5096
f 5096 3896 1604
f 1532 7004 6896
f 1531 1534 7158
f 7158 1534 1535
f 1330 1231 1264
f 1413 1370 1369
f 1278 1135 1277
f 1085 1084 1134
f 1134 1133 1085
f 1085 1133 1132
f 1132 1086 1085
f 1086 1084 1085
f 1124 1098 1096
f 1122 1098 1124
f 1096 1125 1124
f 1124 1125 1122
f 991 1095 1097
f 1379 1303 1376
f 1296 1379 1382
f 972 971 969
f 969 968 966
f 971 968 969
f 1099 1101 984
f 991 994 993
f 993 994 995
f 993 1095 991
f 995 1095 993
f 997 996 1589
f 1589 998 997
f 1589 996 1592
f 1614 1087 1589
f 1087 998 1589
f 1592 1591 1589
f 1589 1588 1614
f 1589 1591 1518
f 962 960 958
f 989 987 990
f 986 956 954
f 1593 988 954
f 954 956 1615
f 954 1616 1593
f 1615 1616 954
f 1279 1133 1278
f 1279 1280 1133
f 1376 1303 1307
f 1282 1280 1283
f 1283 1284 1282
f 1093 1095 995
f 1093 995 997
f 1129 1126 1127
f 1127 1092 1129
f 1126 1125 1127
f 1125 1092 1127
f 1129 1130 1128
f 1128 1130 1284
f 1128 1126 1129
f 1510 1137 1138
f 1138 1137 1135
f 1138 1134 1510
f 1138 1135 1134
f 1501 1562 1552
f 1552 1561 1501
f 1503 1499 1566
f 448 703 1566
f 1566 1585 447
f 1566 447 448
f 1502 1554 1563
f 1563 1558 1502
f 705 1566 703
f 705 619 1503
f 1503 1566 705
f 787 786 785
f 786 787 757
f 910 791 788
f 788 791 789
f 756 757 789
f 789 787 788
f 789 757 787
f 756 789 790
f 790 789 791
f 729 728 1505
f 707 735 733
f 733 735 811
f 711 617 710
f 145 146 147
f 145 1476 1640
f 1640 146 145
f 145 1477 1476
f 176 174 175
f 147 174 176
f 1694 358 359
f 359 360 1694
f 679 765 680
f 765 681 680
f 680 645 679
f 643 681 683
f 643 644 645
f 645 680 643
f 643 680 681
f 676 679 647
f 249 248 251
f 202 200 201
f 198 201 200
f 190 201 198
f 185 182 203
f 206 203 205
f 203 182 205
f 205 182 208
f 205 208 206
f 720 830 832
f 831 830 720
f 721 831 720
f 1726 1723 1722
f 1722 1431 1726
f 1722 1721 1720
f 1720 1728 1722
f 1722 1723 1712
f 1712 1652 1722
f 266 267 268
f 266 264 262
f 283 267 285
f 267 288 285
f 289 288 262
f 289 291 290
f 262 291 289
f 1185 1247 1246
f 1183 1247 1185
f 934 1017 933
f 820 724 725
f 1180 1181 1183
f 1165 1181 1180
f 1060 1058 1059
f 811 735 889
f 1418 1047 1419
f 1047 1046 1419
f 897 918 895
f 897 743 801
f 801 698 745
f 745 698 697
f 801 743 744
f 744 698 801
f 743 698 744
f 626 698 625
f 801 745 800
f 800 745 697
f 741 622 742
f 620 446 621
f 621 622 620
f 621 446 445
f 290 291 292
f 292 296 290
f 292 291 293
f 293 296 292
f 275 274 276
f 276 274 277
f 276 278 303
f 277 278 276
f 487 476 485
f 487 484 486
f 485 484 487
f 493 490 494
f 490 512 494
f 503 504 450
f 4172 5379 3894
f 4172 5096 5379
f 1517 1590 1515
f 1591 1590 1517
f 1518 1591 1517
f 1515 1516 1517
f 1517 1516 1518
f 1509 1526 1524
f 1524 1526 7477
f 1527 1526 1509
f 1587 1521 1527
f 1522 1526 1527
f 1527 1521 1522
f 877 937 875
f 936 937 877
f 823 872 871
f 871 872 941
f 943 1008 869
f 1068 1008 943
f 943 871 941
f 946 945 1005
f 1005 1004 947
f 1223 1222 1210
f 1210 1208 1223
f 1141 1142 1207
f 1207 1142 1206
f 1207 1223 1208
f 1222 1223 1207
f 1227 1204 1228
f 358 1737 357
f 1577 1624 1496
f 1682 1624 1684
f 1681 1496 1682
f 1682 1496 1624
f 1684 1685 1682
f 1625 4506 1660
f 1660 1685 1625
f 4159 1571 4158
f 4159 1625 1571
f 1688 1689 1692
f 1692 1693 1688
f 1649 1689 1688
f 1688 1693 1649
f 1686 1685 1687
f 1687 1693 1692
f 1660 1693 1687
f 1687 1685 1660
f 1687 1692 1697
f 1697 1681 1687
f 4793 4795 1660
f 1660 4791 4793
f 9317 5374 5095
f 647 678 646
f 646 678 645
f 393 394 395
f 1580 1578 1584
f 1579 1578 1580
f 1580 1582 1579
f 1551 1582 1550
f 1553 1550 1568
f 1568 1550 1582
f 1581 1580 1584
f 1582 1580 1581
f 1549 1562 1500
f 1500 1570 1549
f 344 1703 349
f 1736 22 341
f 341 340 1736
f 22 340 341
f 339 21 19
f 1736 1678 24
f 1678 25 24
f 1678 1675 61
f 61 25 1678
f 102 1670 103
f 103 1670 105
f 1677 1670 63
f 1677 1675 1676
f 63 62 1677
f 64 1675 1677
f 1677 62 64
f 6540 1634 1659
f 1659 6542 6540
f 1635 1634 6540
f 1640 6399 6398
f 6401 6253 1639
f 6257 6253 6401
f 1639 1638 6401
f 6401 1638 1642
f 1642 6268 6401
f 6401 6268 6257
f 6252 6249 6400
f 1639 6252 6400
f 6400 6399 1639
f 6251 6249 6252
f 6252 6253 6251
f 1656 6895 7146
f 7146 6895 6894
f 4758 4759 4760
f 1737 1689 1680
f 1702 1737 1680
f 1680 1671 1702
f 1680 1689 1649
f 1649 1671 1680
f 1647 1648 5913
f 5915 5913 5914
f 5911 5636 5635
f 5635 5909 1646
f 5910 5909 5635
f 1646 1647 5635
f 1647 5911 5635
f 5644 5651 5647
f 5653 5651 5646
f 5646 5651 5644
f 5367 5366 5363
f 4158 1571 1569
f 1569 4157 4158
f 1551 4155 1569
f 1577 1579 1569
f 1569 1579 1551
f 5362 5363 5076
f 5076 5074 5362
f 5075 5074 5076
f 5073 5075 4766
f 5072 4759 4757
f 4757 4759 4758
f 5328 5327 5330
f 5329 5328 5331
f 5331 5328 5330
f 5334 5051 5333
f 4733 5053 5054
f 5643 5644 5641
f 5861 5863 5584
f 6089 6274 6275
f 1643 1644 6275
f 6275 1644 6276
f 1643 6275 1641
f 1641 6275 6274
f 1642 1670 1641
f 1670 1677 1641
f 1676 1643 1641
f 1641 1677 1676
f 6273 6089 6086
f 6273 6274 6089
f 6086 1641 6273
f 6273 1641 6274
f 6096 6095 6279
f 6279 6280 6096
f 6097 6096 6280
f 6276 6095 6092
f 6092 6091 6276
f 6091 6092 6093
f 5587 5867 5870
f 1667 8276 9261
f 9261 1669 1667
f 9261 8604 1669
f 8921 1655 1665
f 1651 1673 1626
f 1651 1674 1673
f 1651 1654 1674
f 475 1455 477
f 477 476 475
f 475 476 490
f 490 491 475
f 492 490 493
f 492 491 490
f 170 1458 169
f 169 167 170
f 1460 467 465
f 467 466 465
f 520 521 525
f 525 521 1735
f 525 1734 523
f 525 1735 1734
f 1658 1661 1710
f 1710 1705 472
f 472 471 1710
f 1710 471 470
f 1710 470 468
f 1627 1721 1713
f 1721 1722 1713
f 1713 1722 1652
f 1657 1652 1712
f 5378 6719 6747
f 5378 5375 6719
f 5379 5375 5378
f 1531 6994 6999
f 7150 7151 1536
f 1531 7158 7159
f 1535 7156 7157
f 7157 7158 1535
f 1341 1342 1336
f 1239 1240 1238
f 1147 1077 1076
f 1076 1075 1147
f 1075 1149 1147
f 1147 1149 1198
f 1077 1147 1078
f 1078 1147 1146
f 1203 1143 1144
f 1144 1143 1081
f 1144 1081 1145
f 1350 1348 1349
f 1330 1264 1350
f 1264 1348 1350
f 1318 1222 1320
f 1269 1322 1320
f 1265 1231 1330
f 1325 1327 1355
f 1407 1405 1349
f 1407 1347 1346
f 1349 1347 1407
f 1389 1410 1411
f 1411 1388 1389
f 1510 1210 1211
f 1317 1222 1318
f 1219 1316 1315
f 1272 1316 1219
f 1276 1277 1135
f 1416 1294 1292
f 1292 1289 1416
f 1416 1289 1415
f 1416 1296 1294
f 1122 1125 1123
f 1123 1125 1126
f 1382 1379 1381
f 1381 1379 1383
f 1414 1385 1383
f 1383 1385 1384
f 1384 1388 1411
f 1385 1414 1374
f 1295 1296 1382
f 1294 1296 1295
f 970 973 972
f 972 969 970
f 970 969 973
f 1103 984 1101
f 1100 1098 1122
f 1291 1289 1292
f 1099 984 985
f 981 980 962
f 962 958 981
f 1370 1374 1372
f 1280 1307 1306
f 1306 1283 1280
f 1095 1093 1094
f 1094 1092 1125
f 1091 1093 997
f 997 1090 1091
f 1091 1090 1092
f 1285 1128 1284
f 1126 1128 1285
f 1285 1286 1126
f 1301 1286 1285
f 1499 1558 1564
f 1564 1566 1499
f 1558 1566 1564
f 1585 1566 1565
f 1565 1566 1558
f 1560 1559 1558
f 1560 1563 1554
f 1558 1563 1560
f 1560 3190 1559
f 701 622 741
f 620 622 701
f 763 762 683
f 683 765 763
f 765 782 763
f 784 782 785
f 783 782 781
f 766 765 679
f 305 304 306
f 304 766 306
f 639 432 431
f 431 688 639
f 682 642 428
f 428 644 682
f 637 691 692
f 376 378 377
f 377 380 379
f 378 380 377
f 379 433 377
f 377 433 434
f 755 691 689
f 755 757 756
f 689 757 755
f 746 747 797
f 629 630 697
f 372 437 438
f 368 372 438
f 438 439 371
f 438 371 368
f 914 913 912
f 797 747 798
f 730 729 1505
f 1505 1504 730
f 1504 731 730
f 709 708 707
f 707 733 709
f 709 731 708
f 709 733 731
f 211 178 177
f 178 179 177
f 97 100 108
f 107 108 100
f 106 108 107
f 109 108 106
f 97 108 109
f 1489 1488 1491
f 1491 1488 1490
f 396 360 397
f 360 359 397
f 97 95 98
f 98 100 97
f 261 260 262
f 262 264 263
f 249 261 263
f 263 261 262
f 188 201 190
f 190 189 188
f 196 198 197
f 197 230 196
f 232 233 196
f 196 230 232
f 234 235 237
f 559 524 1734
f 1726 1431 596
f 596 1733 1726
f 561 1733 596
f 1430 1722 614
f 1431 1722 1430
f 719 1728 721
f 720 718 719
f 721 720 719
f 614 1722 1727
f 1727 1722 1728
f 1728 715 1727
f 265 266 262
f 267 266 265
f 262 288 265
f 265 288 267
f 271 270 269
f 222 221 223
f 223 224 225
f 225 226 223
f 206 207 223
f 223 226 206
f 221 248 247
f 247 223 221
f 224 223 247
f 225 224 247
f 227 204 206
f 206 226 227
f 227 226 225
f 245 246 264
f 264 266 245
f 245 247 246
f 225 247 245
f 244 266 268
f 244 245 266
f 1183 1185 1184
f 1250 1244 1249
f 1249 1244 1246
f 1246 1244 1245
f 1340 1253 1250
f 1340 1339 1253
f 1338 1339 1341
f 1253 1339 1338
f 1068 1154 1069
f 1069 1154 1153
f 1072 1071 1070
f 947 1004 1070
f 1070 1005 1006
f 1004 1005 1070
f 935 933 1017
f 1017 936 935
f 1046 1035 1045
f 1033 1046 1047
f 1033 1035 1046
f 1041 1039 1042
f 1042 917 1041
f 370 439 441
f 369 370 441
f 898 897 801
f 801 800 898
f 918 897 898
f 901 917 916
f 917 1042 916
f 743 742 700
f 700 742 622
f 625 743 700
f 281 269 283
f 490 476 488
f 476 487 488
f 515 487 486
f 486 517 515
f 149 151 1475
f 462 460 464
f 464 460 463
f 464 491 462
f 8465 8464 8463
f 8617 8466 8465
f 1513 1512 8280
f 8280 8279 1513
f 8280 1512 1627
f 8282 8280 8454
f 7163 7157 7156
f 7158 7157 7163
f 7162 7161 7163
f 1509 1524 1525
f 1529 1508 1525
f 1525 1508 1509
f 1528 1509 1587
f 1587 1527 1528
f 1528 1527 1509
f 7259 7258 7364
f 1530 7256 7364
f 7364 7258 1530
f 1523 1520 1602
f 1602 7703 1523
f 1522 1521 1523
f 1521 1520 1523
f 1518 1602 1519
f 1602 1520 1519
f 1519 1589 1518
f 1588 1589 1519
f 1519 1521 1588
f 1519 1520 1521
f 7477 1526 7476
f 1522 7586 7587
f 1016 1017 1060
f 1016 936 1017
f 874 875 937
f 937 939 874
f 874 872 873
f 868 943 869
f 868 869 944
f 1083 1206 1510
f 1510 1508 1083
f 1210 1141 1209
f 1141 1207 1209
f 1209 1208 1210
f 1209 1207 1208
f 1268 1322 1269
f 1201 1265 1229
f 1737 402 400
f 400 357 1737
f 355 354 406
f 355 403 354
f 1702 354 345
f 345 1737 1702
f 345 402 1737
f 357 400 399
f 1575 1577 1574
f 1577 1496 1574
f 1683 1685 1686
f 1683 1682 1685
f 1681 1682 1683
f 1683 1687 1681
f 1686 1687 1683
f 1623 1625 1685
f 1623 1685 1684
f 1571 1625 1623
f 1623 1569 1571
f 1684 1624 1623
f 1577 1569 1623
f 1623 1624 1577
f 4506 1625 4504
f 1625 4159 4504
f 4795 4794 5091
f 5091 5083 5092
f 4794 5083 5091
f 5374 9317 9316
f 9316 5372 1649
f 1649 5374 9316
f 9316 5371 5372
f 5095 4796 5093
f 5093 9317 5095
f 5093 4796 4795
f 4795 5091 5093
f 648 424 423
f 647 648 423
f 425 393 395
f 425 646 645
f 425 395 396
f 396 424 425
f 425 424 648
f 647 646 425
f 425 648 647
f 391 393 427
f 645 644 427
f 427 644 428
f 428 391 427
f 1553 1568 1567
f 1586 1585 1567
f 1585 1565 1567
f 1542 1608 1498
f 1498 1543 1542
f 1498 1608 1545
f 1545 1546 1498
f 2533 2542 2537
f 2541 2537 2542
f 3897 4172 4173
f 4173 3899 3897
f 3896 5096 3897
f 5096 4172 3897
f 3897 3895 3896
f 3898 3895 3897
f 3897 3899 3898
f 2806 3899 4173
f 2323 1549 1570
f 1562 1549 2323
f 4785 4498 4496
f 1551 1550 4152
f 4152 1550 1553
f 1554 2625 2803
f 19 21 20
f 23 22 1736
f 1736 24 23
f 60 1675 64
f 60 61 1675
f 101 103 105
f 101 99 102
f 102 103 101
f 6685 6684 9291
f 6481 6378 6478
f 6542 6487 6543
f 6589 6588 1635
f 1635 6540 6589
f 6589 6540 6588
f 1640 6398 6488
f 6488 6398 6487
f 6488 1637 1640
f 6488 6487 1637
f 6254 6253 6257
f 6254 6251 6253
f 1656 7146 1630
f 1629 215 1630
f 1630 215 1656
f 7145 1628 1629
f 1629 1630 7145
f 7145 1630 7146
f 7145 8276 1628
f 4768 4466 4763
f 4111 3836 3834
f 3834 3833 4111
f 4111 3833 4110
f 4105 4110 4104
f 4104 4103 4105
f 3568 3555 3821
f 4447 4446 4444
f 5368 5367 5653
f 5366 5367 5368
f 5657 1648 1649
f 5912 5636 5911
f 5912 5911 1647
f 5913 5915 5912
f 1647 5913 5912
f 5910 5635 5634
f 5634 5635 5636
f 5645 5644 5643
f 5645 5646 5644
f 5643 5915 5645
f 5645 5915 5914
f 5370 5373 5372
f 5372 5371 5370
f 5659 5373 5370
f 5370 5371 5366
f 5363 5366 5365
f 5366 5371 5365
f 5652 5651 5653
f 5653 5367 5652
f 4784 4787 4785
f 4787 4784 4788
f 4773 4466 4768
f 4768 4772 4773
f 4156 4502 4157
f 4156 1569 4155
f 4157 1569 4156
f 4158 4157 4501
f 4157 4502 4501
f 4501 4159 4158
f 4501 4504 4159
f 5082 4770 5079
f 4769 4772 4768
f 4768 4763 4764
f 4764 4763 4760
f 4459 4747 4751
f 5352 5339 5341
f 5342 5341 5340
f 5340 5341 5339
f 5362 5074 5360
f 5650 5356 5348
f 5650 5647 5651
f 5352 5353 5065
f 5066 5063 5065
f 5067 5068 5066
f 5066 5065 5067
f 5067 5065 5353
f 5350 5356 5355
f 5348 5356 5350
f 4438 4442 4436
f 4434 4437 4436
f 4436 4437 4438
f 4736 4735 4732
f 4736 4437 4735
f 5055 5054 5052
f 5050 5051 5052
f 5052 5053 5050
f 5052 5054 5053
f 5332 5334 5333
f 5332 5333 5329
f 5329 5331 5332
f 5332 5331 5613
f 4738 5054 5055
f 5055 5057 4738
f 5057 4741 4738
f 5608 5331 5330
f 5642 5915 5643
f 5643 5641 5642
f 5644 5647 5648
f 5648 5641 5644
f 5864 5863 5862
f 5863 5861 5862
f 5862 6088 6089
f 5862 5861 6088
f 6089 6275 6090
f 6090 6091 5864
f 6276 6091 6090
f 6090 6275 6276
f 6090 5862 6089
f 5864 5862 6090
f 6083 6272 1642
f 1642 1641 6083
f 6257 6268 6402
f 6268 6267 6402
f 1642 6272 6269
f 6269 6268 1642
f 6269 6267 6268
f 6086 6089 6087
f 6089 6088 6087
f 6087 1641 6086
f 6087 6085 1641
f 9303 1641 6084
f 1641 6085 6084
f 5865 6091 5866
f 6091 6093 5866
f 5866 5867 5865
f 5868 5867 5866
f 5866 6093 5868
f 6095 6096 6094
f 6096 6097 6094
f 6094 6092 6095
f 6094 6093 6092
f 1632 1655 8932
f 469 468 1456
f 469 1710 468
f 1455 475 473
f 493 460 461
f 461 492 493
f 461 460 462
f 287 285 288
f 283 285 287
f 287 289 290
f 288 289 287
f 1705 1710 1711
f 1711 1710 1661
f 1711 1704 1705
f 1711 1661 1706
f 1706 1735 1711
f 1735 1704 1711
f 1627 1713 1650
f 1650 1713 1652
f 1662 1657 1709
f 1709 1707 1662
f 1708 1707 1709
f 1709 1712 1708
f 1709 1657 1712
f 6998 6999 6994
f 7147 7150 1536
f 7073 6994 1531
f 1532 6896 9284
f 6848 1533 9284
f 9284 1533 1532
f 1342 1343 1344
f 1334 1342 1344
f 1344 1343 1346
f 1334 1255 1337
f 1337 1336 1334
f 1335 1342 1334
f 1334 1336 1335
f 1335 1336 1342
f 1153 1154 1192
f 1192 1195 1153
f 1255 1238 1254
f 1254 1337 1255
f 1254 1338 1341
f 1341 1336 1254
f 1336 1337 1254
f 1254 1238 1240
f 1240 1338 1254
f 1261 1234 1260
f 1331 1348 1264
f 1331 1347 1349
f 1349 1348 1331
f 1332 1347 1331
f 1260 1332 1331
f 1148 1147 1198
f 1202 1144 1201
f 1201 1228 1202
f 1202 1228 1204
f 1330 1350 1351
f 1349 1405 1406
f 1406 1350 1349
f 1398 1399 1397
f 1408 1363 1397
f 1222 1207 1224
f 1224 1207 1225
f 1330 1351 1329
f 1329 1351 1327
f 1201 1200 1230
f 1231 1265 1230
f 1230 1265 1201
f 1230 1200 1232
f 1401 1399 1400
f 1413 1369 1368
f 1393 1409 1410
f 1410 1389 1391
f 1391 1392 1394
f 1413 1392 1391
f 1391 1393 1410
f 1394 1393 1391
f 1510 1211 1212
f 1212 1139 1510
f 1222 1317 1271
f 1271 1317 1272
f 1365 1316 1272
f 1272 1317 1365
f 1394 1365 1364
f 1364 1365 1317
f 1217 1212 1211
f 1222 1219 1221
f 1221 1211 1210
f 1210 1222 1221
f 1312 1311 1313
f 1311 1277 1313
f 1277 1276 1313
f 1297 1416 1415
f 1296 1416 1297
f 1299 1298 1297
f 1297 1298 1296
f 1377 1379 1376
f 1383 1379 1378
f 1378 1414 1383
f 1379 1377 1378
f 1378 1377 1414
f 1388 1384 1387
f 1387 1374 1370
f 1385 1374 1387
f 1379 1296 1380
f 1296 1298 1380
f 1303 1379 1380
f 1380 1298 1303
f 973 969 974
f 969 976 974
f 974 975 973
f 976 975 974
f 977 969 966
f 977 976 969
f 1117 1119 1120
f 850 968 971
f 848 971 972
f 849 850 848
f 848 850 971
f 855 859 963
f 963 965 855
f 841 839 1426
f 858 834 833
f 1121 1100 1122
f 1122 1120 1121
f 1120 1119 1121
f 1293 1113 1114
f 1289 1291 1290
f 980 981 983
f 984 1103 983
f 983 981 958
f 983 985 984
f 1311 1309 1310
f 1310 1309 1307
f 1371 1309 1311
f 1370 1372 1371
f 1371 1311 1312
f 1312 1369 1371
f 1371 1369 1370
f 1287 1123 1126
f 1126 1286 1287
f 1122 1123 1287
f 1287 1120 1122
f 1289 1290 1287
f 1287 1117 1120
f 1287 1290 1117
f 1303 1298 1300
f 1300 1298 1299
f 1305 1304 1283
f 1305 1307 1303
f 1303 1304 1305
f 1556 1567 1565
f 761 763 782
f 762 763 761
f 683 762 684
f 762 686 684
f 759 757 689
f 689 688 640
f 685 686 640
f 431 430 640
f 640 688 431
f 764 782 765
f 765 766 764
f 780 766 304
f 768 306 767
f 767 766 679
f 767 306 766
f 432 639 638
f 638 433 432
f 690 688 689
f 690 639 688
f 689 691 690
f 690 691 637
f 637 638 690
f 690 638 639
f 435 377 434
f 434 436 435
f 907 912 905
f 697 630 696
f 696 746 697
f 630 746 696
f 695 746 630
f 747 746 695
f 748 747 695
f 628 629 697
f 697 698 628
f 630 629 440
f 440 438 630
f 439 438 440
f 440 441 439
f 901 798 902
f 797 798 799
f 799 746 797
f 901 800 799
f 799 798 901
f 799 800 697
f 697 746 799
f 726 725 727
f 726 816 725
f 727 728 726
f 728 729 726
f 1489 115 1487
f 1478 109 106
f 1485 1487 115
f 184 183 182
f 182 185 184
f 65 98 67
f 67 98 95
f 307 309 305
f 307 308 309
f 305 306 307
f 307 306 768
f 768 308 307
f 191 189 190
f 190 192 191
f 186 185 203
f 187 184 186
f 186 184 185
f 199 198 200
f 199 197 198
f 200 230 199
f 230 197 199
f 234 233 231
f 231 235 234
f 233 232 231
f 231 232 230
f 230 238 231
f 238 235 231
f 236 237 275
f 234 237 236
f 239 273 275
f 275 237 239
f 239 271 273
f 561 596 595
f 561 595 564
f 1734 561 564
f 558 559 560
f 560 559 1734
f 716 715 1728
f 1728 719 716
f 716 719 715
f 715 719 717
f 717 719 718
f 272 271 269
f 269 281 272
f 273 271 272
f 272 281 279
f 275 273 272
f 272 274 275
f 241 244 242
f 268 270 242
f 242 244 268
f 228 200 202
f 228 230 200
f 225 245 243
f 243 244 241
f 245 244 243
f 1060 1059 1061
f 1165 1180 1061
f 1061 1059 1165
f 1009 1067 1068
f 942 1067 1009
f 1068 943 1009
f 1009 943 942
f 942 943 1010
f 1010 943 941
f 1068 1067 1156
f 1156 1154 1068
f 1156 1155 1154
f 947 1070 949
f 949 1070 1071
f 725 816 819
f 877 878 879
f 879 936 877
f 879 935 936
f 933 935 879
f 1177 1176 1178
f 1178 1179 1177
f 1165 1177 1166
f 1177 1179 1166
f 1166 1179 1181
f 1166 1181 1165
f 1167 1177 1165
f 1167 1168 1177
f 1174 1168 1169
f 1174 1176 1175
f 1175 1168 1174
f 1175 1176 1177
f 1177 1168 1175
f 889 890 926
f 926 1029 889
f 811 889 927
f 889 1029 927
f 731 733 812
f 812 730 731
f 812 888 887
f 812 733 811
f 811 888 812
f 893 804 895
f 743 897 802
f 802 804 743
f 702 701 741
f 620 701 702
f 702 703 448
f 448 447 702
f 447 620 702
f 739 702 738
f 704 705 703
f 703 702 704
f 704 702 739
f 706 735 618
f 618 619 706
f 619 705 706
f 895 918 919
f 1039 1038 919
f 1029 926 925
f 925 890 891
f 925 926 890
f 369 441 443
f 443 624 444
f 443 444 369
f 443 626 625
f 625 624 443
f 900 800 901
f 901 916 900
f 900 898 800
f 623 621 445
f 622 621 623
f 623 700 622
f 445 444 623
f 444 624 623
f 623 624 625
f 625 700 623
f 487 515 489
f 514 536 512
f 512 515 514
f 514 515 536
f 523 524 527
f 524 559 527
f 502 504 503
f 151 149 148
f 303 278 302
f 282 281 283
f 1470 1472 1468
f 1468 1465 456
f 1468 1467 1466
f 1466 1465 1468
f 456 1465 458
f 458 1465 460
f 458 460 493
f 493 459 458
f 1475 451 449
f 449 451 450
f 460 1465 1464
f 8463 8464 8289
f 8463 8289 8462
f 8286 8288 8292
f 1627 8454 8453
f 8453 8280 1627
f 8454 8280 8453
f 1513 8279 8278
f 8278 8306 1513
f 8284 8286 8285
f 8285 8278 8279
f 8306 8278 8285
f 8281 8283 8284
f 8281 8282 8283
f 8284 8285 8281
f 8281 8285 8279
f 8279 8280 8281
f 8280 8282 8281
f 8457 8609 8610
f 8283 8282 8460
f 7158 7163 7160
f 7160 7163 7161
f 7160 7159 7158
f 7260 7258 7259
f 9265 7976 8135
f 7976 7973 7975
f 1530 7250 7251
f 7872 7859 7869
f 7479 1524 7477
f 7475 7476 1526
f 1526 7474 7475
f 7707 7587 7586
f 7707 7586 1522
f 938 939 937
f 937 936 938
f 1500 723 825
f 826 722 1498
f 1498 1500 826
f 1500 825 826
f 1206 1083 1205
f 1205 1083 1143
f 1205 1143 1203
f 1197 1234 1198
f 1324 1268 1325
f 1322 1268 1324
f 1226 1268 1269
f 1227 1228 1226
f 1328 1265 1327
f 1328 1229 1265
f 1267 1226 1228
f 1268 1226 1267
f 1267 1228 1201
f 1201 1229 1267
f 1229 1328 1267
f 326 1429 327
f 59 66 65
f 408 352 409
f 406 354 347
f 1702 346 347
f 347 354 1702
f 356 403 402
f 354 403 356
f 402 345 356
f 356 345 354
f 402 403 401
f 5081 5083 5082
f 5092 5083 5081
f 5082 5079 5081
f 5094 5091 5092
f 5094 5093 5091
f 9317 5093 5094
f 649 423 421
f 647 423 649
f 426 425 645
f 645 427 426
f 393 425 426
f 426 427 393
f 1586 1567 1583
f 371 439 1583
f 368 371 1583
f 1582 1581 1583
f 1583 370 1586
f 1583 439 370
f 1583 367 368
f 1583 1584 367
f 1583 1581 1584
f 1583 1568 1582
f 1583 1567 1568
f 2391 2395 2394
f 2549 2734 2551
f 2555 2551 2558
f 3563 3562 3347
f 2783 2784 2787
f 1572 1573 1956
f 1573 1954 1956
f 2188 1570 1572
f 4478 4477 4783
f 4783 4784 4785
f 4153 4155 1551
f 3867 3869 3617
f 1554 2803 2804
f 2804 2803 2991
f 2804 2990 1554
f 2991 2990 2804
f 2787 2784 2786
f 2786 2975 2787
f 1559 3190 3189
f 3189 3186 1559
f 3182 3189 3190
f 1554 2990 2992
f 2992 1560 1554
f 3190 1560 2992
f 2989 2990 2991
f 11 12 8
f 14 35 12
f 26 30 27
f 348 347 346
f 348 346 344
f 348 353 406
f 406 347 348
f 352 349 350
f 349 334 350
f 336 349 338
f 336 334 349
f 332 412 410
f 330 412 332
f 6482 6385 6379
f 6378 6481 6482
f 6479 6481 6478
f 6487 6398 6486
f 6486 6396 6394
f 6398 6396 6486
f 6485 6480 6487
f 6485 6484 6480
f 6487 6486 6485
f 6485 6486 6484
f 6487 6480 6541
f 6541 6543 6487
f 6542 6543 6541
f 6468 6467 6465
f 6471 6464 6466
f 6471 6375 6468
f 6468 6465 6471
f 6471 6465 6464
f 6379 6375 6471
f 8276 7145 7068
f 7068 7145 7146
f 3347 3562 3351
f 3351 3562 3353
f 3352 3351 3353
f 3576 3830 3577
f 3577 3830 3839
f 3834 3836 3837
f 3556 3555 3568
f 3562 3563 3561
f 3561 3563 3560
f 3565 3566 3570
f 4425 4426 4422
f 4422 4426 4421
f 4425 4732 4429
f 4429 4426 4425
f 4732 4735 4429
f 4430 4437 4434
f 4735 4437 4430
f 4430 4429 4735
f 4112 4108 4469
f 4109 4108 4112
f 4112 4111 4109
f 4109 4111 4110
f 4109 4110 4105
f 4105 4108 4109
f 4105 4103 4462
f 4760 4763 4762
f 4762 4761 4758
f 4758 4760 4762
f 4116 4473 4115
f 4470 4476 4472
f 4103 4104 4102
f 3820 3821 3555
f 3818 3819 3820
f 3820 3819 3821
f 3816 3815 4095
f 3816 3819 3818
f 4095 3819 3816
f 4095 3815 4090
f 4085 4089 4090
f 4446 4447 4448
f 4453 4452 4448
f 4457 4747 4459
f 5654 5368 5653
f 5653 5646 5654
f 5646 5645 5654
f 5917 5913 1648
f 1648 5657 5917
f 5658 5657 1649
f 1649 5659 5658
f 5656 5657 5658
f 5659 5656 5658
f 5655 5657 5656
f 5656 5654 5655
f 5655 5654 5645
f 5366 5368 5369
f 5369 5370 5366
f 5369 5654 5656
f 5368 5654 5369
f 5369 5656 5659
f 5659 5370 5369
f 5364 5076 5363
f 5363 5365 5364
f 5355 5356 5357
f 5651 5652 5357
f 5357 5650 5651
f 5356 5650 5357
f 4779 4781 4780
f 4780 4477 4476
f 4789 4507 4787
f 4787 4788 4789
f 5090 4788 4784
f 4771 4770 5082
f 4772 4769 4771
f 4771 4769 4770
f 4778 4476 4470
f 4470 4777 4778
f 4778 4780 4476
f 4779 4780 4778
f 4774 4773 4772
f 4772 4771 4775
f 4775 4771 5085
f 4775 4774 4772
f 4498 4505 4500
f 4500 4787 4506
f 4500 4505 4787
f 4506 4504 4500
f 4504 4501 4500
f 4499 4501 4502
f 4498 4500 4499
f 4499 4500 4501
f 5078 4766 5075
f 5078 5079 4770
f 4770 4769 4767
f 4767 5078 4770
f 4766 5078 4767
f 4767 4764 4766
f 4767 4769 4768
f 4768 4764 4767
f 4765 4760 4759
f 4765 4764 4760
f 4765 5072 5073
f 4765 4759 5072
f 5073 4766 4765
f 4766 4764 4765
f 4756 4757 4758
f 4758 4761 4756
f 4761 4459 4756
f 4459 4751 4756
f 4753 4751 4746
f 4753 5064 5063
f 5351 5353 5352
f 5352 5341 5351
f 5351 5350 5353
f 5342 5340 5612
f 5062 5061 5339
f 5062 5339 5352
f 5352 5065 5062
f 5062 5065 5063
f 5060 5064 5059
f 5063 5064 5060
f 5060 5062 5063
f 5061 5062 5060
f 5058 5057 5337
f 5061 5060 5058
f 5058 5060 5059
f 5059 4741 5058
f 5058 4741 5057
f 5337 5334 5335
f 5613 5612 5335
f 5335 5332 5613
f 5334 5332 5335
f 5338 5340 5339
f 5339 5061 5338
f 5338 5612 5340
f 5338 5335 5612
f 5072 4757 5069
f 4757 5068 5069
f 5069 5070 5072
f 5069 5067 5070
f 5068 5067 5069
f 5071 5360 5074
f 5073 5072 5071
f 5071 5074 5073
f 5072 5070 5071
f 5359 5071 5070
f 5360 5071 5359
f 5358 5357 5652
f 5360 5359 5358
f 5355 5357 5358
f 5358 5359 5355
f 5354 5067 5353
f 5354 5350 5355
f 5353 5350 5354
f 5355 5359 5354
f 5070 5067 5354
f 5354 5359 5070
f 4435 4436 4442
f 4434 4436 4435
f 4734 4736 4732
f 4737 4736 4734
f 4734 4732 4733
f 4733 5054 4734
f 4734 4738 4737
f 5054 4738 4734
f 4439 4736 4737
f 4438 4437 4439
f 4437 4736 4439
f 4745 4743 4746
f 4746 4751 4745
f 4745 4751 4747
f 5056 5052 5051
f 5056 5334 5337
f 5051 5334 5056
f 5055 5052 5056
f 5337 5057 5056
f 5056 5057 5055
f 4739 4439 4737
f 4737 4738 4739
f 4739 4738 4741
f 5869 5867 5868
f 5869 5870 5867
f 5878 5597 5594
f 5603 5602 5599
f 5613 5331 5610
f 5331 5608 5610
f 5610 5612 5613
f 5649 5650 5348
f 5647 5650 5649
f 5649 5648 5647
f 5577 5857 5584
f 5855 5857 5577
f 6082 1641 9303
f 6082 6083 1641
f 6083 6082 6081
f 6081 6082 9303
f 5876 5591 9310
f 5855 5577 5852
f 6103 6102 6101
f 6101 6280 6103
f 6101 5904 6100
f 5584 5863 5585
f 5585 5583 5584
f 5865 5587 5585
f 5585 5863 5865
f 8272 9262 9261
f 8828 8921 1665
f 1664 257 258
f 256 257 1664
f 1664 1672 256
f 8753 8752 8757
f 8464 8465 8468
f 8468 8289 8464
f 8469 8289 8468
f 8611 8609 8731
f 8610 8609 8611
f 8731 8609 8608
f 8608 8607 1627
f 491 464 474
f 474 475 491
f 474 473 475
f 1459 1458 1460
f 1459 169 1458
f 1459 1462 169
f 463 460 1461
f 460 1464 1461
f 6720 5378 6747
f 6747 6721 6720
f 5378 6720 6723
f 6723 6720 6721
f 6994 7073 6995
f 6995 6998 6994
f 6995 9279 6998
f 7075 6995 7074
f 7074 6995 7073
f 7074 7160 7161
f 7005 6896 7004
f 7005 6944 6896
f 9283 9284 6896
f 6896 6944 9283
f 6944 6851 9283
f 6945 6851 6944
f 7010 6947 6946
f 6946 6947 6852
f 6853 6852 6947
f 7017 7021 7015
f 7019 7020 7017
f 7017 7020 7021
f 1334 1344 1333
f 1333 1344 1332
f 1333 1332 1260
f 1345 1344 1346
f 1332 1344 1345
f 1346 1347 1345
f 1345 1347 1332
f 1237 1238 1255
f 1195 1192 1193
f 1154 1155 1193
f 1193 1192 1154
f 1262 1261 1260
f 1264 1261 1262
f 1260 1331 1262
f 1262 1331 1264
f 1232 1261 1263
f 1263 1261 1264
f 1263 1230 1232
f 1233 1261 1232
f 1233 1148 1198
f 1198 1234 1233
f 1234 1261 1233
f 1147 1148 1199
f 1199 1200 1146
f 1146 1147 1199
f 1232 1200 1199
f 1199 1233 1232
f 1148 1233 1199
f 1327 1351 1353
f 1354 1355 1353
f 1353 1355 1327
f 1403 1406 1405
f 1398 1397 1396
f 1396 1363 1361
f 1396 1397 1363
f 1270 1224 1269
f 1269 1320 1270
f 1270 1320 1222
f 1222 1224 1270
f 1327 1265 1266
f 1266 1329 1327
f 1266 1265 1330
f 1330 1329 1266
f 1401 1400 1402
f 1402 1355 1354
f 1402 1400 1355
f 1398 1396 1359
f 1359 1396 1361
f 1361 1363 1360
f 1360 1359 1361
f 1358 1359 1360
f 1413 1391 1390
f 1390 1391 1389
f 1390 1389 1388
f 1388 1387 1390
f 1212 1217 1214
f 1316 1368 1367
f 1367 1368 1369
f 1412 1365 1394
f 1413 1368 1366
f 1366 1412 1413
f 1365 1412 1366
f 1366 1368 1316
f 1316 1365 1366
f 1394 1364 1395
f 1395 1364 1363
f 1395 1393 1394
f 1409 1393 1395
f 1363 1364 1362
f 1318 1360 1362
f 1362 1360 1363
f 1218 1219 1315
f 1218 1217 1219
f 1315 1273 1218
f 1211 1221 1220
f 1220 1217 1211
f 1220 1221 1219
f 1219 1217 1220
f 1312 1313 1314
f 1314 1369 1312
f 1314 1367 1369
f 1316 1367 1314
f 1315 1316 1314
f 1314 1273 1315
f 1386 1384 1385
f 1385 1387 1386
f 1386 1387 1384
f 1112 975 1111
f 1111 975 976
f 1111 1113 1112
f 1111 1110 1113
f 976 977 979
f 967 968 853
f 968 850 853
f 851 850 849
f 851 1424 852
f 852 853 851
f 851 853 850
f 1428 845 1426
f 845 1428 847
f 849 848 847
f 847 1427 849
f 1426 1427 847
f 847 1428 1426
f 1443 603 601
f 1426 845 843
f 843 841 1426
f 845 844 843
f 843 844 841
f 837 1422 839
f 835 1422 837
f 839 838 837
f 837 838 835
f 839 1422 1423
f 1426 839 1423
f 1423 1424 1426
f 852 1424 1423
f 833 834 1420
f 604 603 605
f 602 601 604
f 604 601 603
f 614 1727 615
f 615 1727 715
f 1102 1103 1101
f 1114 1113 1115
f 1117 1290 1115
f 980 983 982
f 982 983 1103
f 1281 1307 1280
f 1281 1310 1307
f 1308 1371 1372
f 1372 1373 1308
f 1307 1309 1308
f 1309 1371 1308
f 1414 1377 1375
f 1375 1374 1414
f 1415 1289 1288
f 1288 1287 1286
f 1289 1287 1288
f 1302 1304 1303
f 1303 1300 1302
f 1302 1285 1284
f 1301 1285 1302
f 1284 1283 1302
f 1283 1304 1302
f 1558 1559 1557
f 1557 1565 1558
f 1557 1556 1565
f 1557 1559 3187
f 1553 1567 1555
f 1567 1556 1555
f 3631 1556 3630
f 3630 3628 3631
f 3631 3628 3632
f 3631 1555 1556
f 3632 1555 3631
f 734 889 735
f 734 810 889
f 735 706 734
f 641 684 686
f 683 684 641
f 641 682 683
f 642 682 641
f 786 757 758
f 757 759 758
f 689 640 687
f 687 640 686
f 687 759 689
f 686 759 687
f 429 640 430
f 429 642 685
f 685 640 429
f 387 428 429
f 428 642 429
f 637 636 635
f 635 638 637
f 790 753 754
f 911 790 791
f 911 753 790
f 791 910 911
f 910 908 911
f 911 908 909
f 376 377 375
f 377 435 375
f 375 435 374
f 630 438 631
f 631 695 630
f 751 636 752
f 751 792 794
f 752 753 751
f 753 792 751
f 912 913 904
f 904 905 912
f 907 905 906
f 906 908 907
f 909 908 906
f 629 628 627
f 627 440 629
f 814 726 729
f 816 726 814
f 814 813 815
f 729 813 814
f 90 92 91
f 97 109 96
f 96 95 97
f 110 96 109
f 144 179 143
f 142 144 143
f 183 141 181
f 180 183 181
f 139 141 183
f 117 115 1489
f 80 81 46
f 65 67 69
f 69 59 65
f 70 94 90
f 95 94 70
f 420 398 399
f 421 398 420
f 665 654 656
f 320 1429 321
f 779 1429 320
f 132 191 192
f 189 191 132
f 572 576 574
f 575 576 572
f 537 510 512
f 512 536 537
f 605 603 1440
f 572 569 571
f 571 1447 572
f 568 569 565
f 568 589 586
f 565 589 568
f 556 555 558
f 553 555 556
f 565 569 567
f 567 553 565
f 569 553 567
f 563 556 558
f 1734 564 562
f 562 560 1734
f 564 563 562
f 558 560 562
f 562 563 558
f 241 242 240
f 240 239 238
f 238 241 240
f 271 239 240
f 229 238 230
f 230 228 229
f 229 228 241
f 229 241 238
f 1182 1180 1183
f 1183 1184 1182
f 1065 1010 1011
f 1159 1158 1065
f 1065 1158 1010
f 1191 1156 1239
f 1155 1156 1191
f 1191 1193 1155
f 1190 1240 1239
f 1239 1156 1190
f 1242 1243 1244
f 1242 1244 1250
f 1188 1243 1242
f 1186 1161 1162
f 1246 1245 1186
f 1186 1185 1246
f 1186 1184 1185
f 1186 1245 1244
f 1244 1243 1186
f 1164 1182 1184
f 1184 1186 1164
f 1164 1061 1180
f 1180 1182 1164
f 1164 1016 1060
f 1060 1061 1164
f 932 818 817
f 933 818 932
f 934 933 932
f 932 1058 934
f 880 819 818
f 880 818 933
f 880 879 878
f 933 879 880
f 880 820 725
f 725 819 880
f 1174 1169 1170
f 1417 1051 1418
f 1173 1051 1417
f 1418 1051 1049
f 1049 1047 1418
f 1049 1048 1047
f 1052 1051 1173
f 1027 927 1029
f 730 812 732
f 732 812 887
f 815 813 885
f 895 804 896
f 896 897 895
f 804 802 896
f 896 802 897
f 743 804 803
f 741 742 803
f 803 742 743
f 804 893 805
f 891 890 807
f 920 922 895
f 895 919 920
f 920 919 921
f 1036 1045 1035
f 1044 1045 1036
f 891 892 923
f 923 925 891
f 1040 1042 1039
f 1039 919 1040
f 918 1042 1040
f 1040 919 918
f 1032 1033 1047
f 1047 1048 1032
f 1029 925 1030
f 1048 1049 1030
f 1030 1032 1048
f 898 900 899
f 918 898 899
f 899 900 916
f 899 1042 918
f 899 916 1042
f 490 489 513
f 513 512 490
f 513 515 512
f 513 489 515
f 516 515 517
f 517 533 516
f 557 559 558
f 558 555 557
f 530 555 554
f 554 555 553
f 570 569 572
f 570 553 569
f 499 497 498
f 498 501 499
f 503 501 498
f 506 505 504
f 504 502 506
f 507 541 506
f 506 541 505
f 506 498 507
f 503 450 452
f 450 451 452
f 503 452 453
f 453 501 503
f 493 494 495
f 150 148 303
f 303 302 150
f 150 302 152
f 150 152 151
f 151 148 150
f 281 282 280
f 279 281 280
f 280 302 278
f 152 302 280
f 1475 151 1474
f 151 1472 1474
f 1473 451 1475
f 1475 1474 1473
f 1473 1474 1472
f 151 152 153
f 153 1472 151
f 1467 1468 1469
f 1469 1468 1472
f 8494 8326 8495
f 8297 8294 8295
f 8293 8294 8299
f 8478 8475 8477
f 8477 8475 8476
f 8485 8482 8486
f 8298 8294 8297
f 8299 8294 8298
f 8298 8300 8299
f 8313 8123 1513
f 1513 8312 8313
f 8299 8300 8301
f 8288 8289 8290
f 8472 8295 8290
f 8290 8289 8469
f 8287 8289 8288
f 8287 8462 8289
f 8287 8286 8284
f 8288 8286 8287
f 8284 8283 8287
f 8283 8462 8287
f 1513 8306 8277
f 8277 8304 1513
f 8306 8304 8277
f 8309 8304 8306
f 8306 8285 8309
f 8309 8286 8292
f 8309 8285 8286
f 8455 8454 1627
f 8609 8457 8606
f 8607 8608 8606
f 8606 8608 8609
f 1627 8607 8606
f 8610 8612 8459
f 7076 7161 7162
f 7076 7074 7161
f 7075 7074 7076
f 7081 7077 7080
f 7179 7080 7079
f 7079 7080 7077
f 7258 7260 7257
f 1530 7258 7257
f 7100 7028 7024
f 7293 7182 7177
f 7834 7981 7835
f 7835 7981 7982
f 7982 7980 7986
f 7981 7980 7982
f 7986 7980 7988
f 8131 7969 8126
f 1516 1514 7967
f 7967 7969 1516
f 8126 8127 8128
f 1513 8123 8124
f 8123 8127 8124
f 8137 8139 8143
f 8134 7975 8133
f 8135 7976 8134
f 7976 7975 8134
f 8325 8326 8327
f 7254 7364 7256
f 7254 7256 1530
f 1530 7251 7254
f 7253 7255 7254
f 7254 7250 7253
f 7254 7251 7250
f 7253 7250 7252
f 7253 7252 7353
f 7353 7252 7350
f 7871 7872 7869
f 7705 7706 1523
f 1522 1523 7708
f 1523 7706 7708
f 7708 7707 1522
f 7709 7707 7708
f 7847 7851 7848
f 7852 7851 7847
f 7480 7479 7478
f 7477 7476 7478
f 7478 7479 7477
f 7591 7592 7478
f 7478 7592 7480
f 7478 7475 7591
f 7476 7475 7478
f 1011 1010 1012
f 1012 1010 941
f 941 872 940
f 872 874 940
f 1011 1012 1013
f 871 943 870
f 943 868 870
f 1325 1268 1326
f 1268 1267 1326
f 1326 1327 1325
f 1326 1328 1327
f 1326 1267 1328
f 328 1429 662
f 328 327 1429
f 59 69 57
f 57 69 71
f 33 30 57
f 57 55 33
f 56 55 57
f 57 71 56
f 330 328 660
f 660 328 662
f 662 1429 660
f 660 1429 779
f 779 320 660
f 660 320 663
f 414 407 408
f 770 308 768
f 397 398 422
f 396 397 422
f 421 423 422
f 422 398 421
f 422 424 396
f 422 423 424
f 2263 2260 2264
f 2387 2391 2394
f 2533 2537 2534
f 2534 2532 2533
f 2537 2541 2534
f 2558 2551 2735
f 2735 2551 2734
f 2395 2391 2393
f 2393 2545 2395
f 2392 2545 2393
f 2549 2395 2546
f 2395 2545 2546
f 2546 2734 2549
f 2750 2751 2749
f 2396 2395 2549
f 2394 2395 2396
f 2396 2397 2394
f 2398 2397 2553
f 2398 2399 2266
f 2558 2751 2557
f 2557 2555 2558
f 2553 2551 2552
f 2551 2555 2552
f 2733 2735 2734
f 2544 2545 2541
f 2547 2733 2544
f 2928 2730 2729
f 2730 2726 2729
f 3553 3328 3329
f 3130 3128 3342
f 3338 3332 3334
f 3331 3332 3338
f 2920 2922 2921
f 3342 3125 3314
f 3342 3128 3126
f 3126 3125 3342
f 3128 3125 3126
f 3124 3125 3128
f 3124 2930 2926
f 2921 2922 2925
f 2249 2247 2132
f 2459 1552 1562
f 1957 1543 1544
f 1957 1542 1543
f 1608 1542 1957
f 3899 2806 2805
f 1605 3898 2808
f 2808 1606 1605
f 1823 1825 1832
f 1832 1821 1823
f 1825 1827 1832
f 1750 1751 1744
f 1573 1865 1953
f 2189 2323 1570
f 1570 2188 2189
f 2060 2188 1572
f 4478 4783 4786
f 4786 4495 4478
f 4496 4495 4786
f 4785 4496 4786
f 4786 4783 4785
f 4782 4783 4477
f 4782 4780 4781
f 4477 4780 4782
f 4784 4783 4782
f 4781 5090 4782
f 4782 5090 4784
f 1553 3634 3891
f 3633 3634 1553
f 1553 1555 3633
f 3615 3867 3617
f 3617 3616 3615
f 3615 3616 3613
f 3626 3621 3622
f 2622 2803 2625
f 2621 2622 2620
f 2618 2619 2620
f 2620 2619 2621
f 3180 3387 3181
f 3405 1557 3187
f 3391 3405 3184
f 3186 3189 3183
f 3189 3182 3183
f 3181 3184 3183
f 2986 2989 2985
f 2988 2992 2990
f 2990 2989 2988
f 3190 2992 2988
f 2989 2986 2988
f 8 12 10
f 10 9 8
f 34 35 33
f 33 55 34
f 34 55 52
f 28 27 29
f 29 27 30
f 30 31 29
f 351 349 352
f 351 348 344
f 344 349 351
f 353 348 351
f 352 350 411
f 410 409 411
f 411 409 352
f 411 350 334
f 411 332 410
f 337 339 19
f 6685 9291 6527
f 6397 6398 6399
f 6397 6396 6398
f 6399 6400 6397
f 6397 6400 6249
f 6248 6397 6249
f 6395 6396 6248
f 6396 6397 6248
f 6251 6254 6255
f 6254 6256 6255
f 6257 6402 6258
f 6258 6254 6257
f 6258 6256 6254
f 6393 6482 6481
f 6538 6540 6542
f 6588 6540 6538
f 6480 6479 6477
f 6477 6541 6480
f 6356 6464 6357
f 6464 6465 6357
f 6641 6643 6642
f 6642 6889 6890
f 6890 6641 6642
f 6845 6643 6890
f 6643 6641 6890
f 6886 6889 6885
f 6939 6889 6886
f 6885 6889 6639
f 6639 6587 6885
f 6891 6846 6845
f 6845 6890 6891
f 8710 8707 8709
f 1652 1657 8832
f 8832 8833 1652
f 8937 8938 1662
f 1658 1710 1653
f 1710 469 1653
f 1456 1457 1653
f 1457 1654 1653
f 1653 469 1456
f 3347 3351 3348
f 3576 3577 3573
f 3839 3837 3838
f 3578 3577 3839
f 3839 3838 3578
f 3835 3831 3834
f 3834 3837 3835
f 3835 3837 3839
f 3835 3830 3831
f 3839 3830 3835
f 3844 3845 3582
f 3582 3845 3583
f 3557 3556 3566
f 3564 3565 3353
f 3564 3566 3565
f 3353 3562 3564
f 3562 3561 3564
f 3564 3557 3566
f 3561 3557 3564
f 3567 3570 3566
f 3567 3556 3568
f 3566 3556 3567
f 4424 4731 4425
f 4425 4422 4424
f 3748 3749 3747
f 3750 3749 3748
f 3748 3751 3750
f 3789 4067 4073
f 4434 4435 4433
f 4433 4435 4082
f 4426 4429 4428
f 4429 4430 4428
f 4471 4469 4470
f 4470 4472 4471
f 4471 4472 4473
f 4471 4473 4116
f 4116 4112 4471
f 4112 4469 4471
f 4468 4777 4470
f 4470 4469 4468
f 4105 4462 4106
f 4106 4108 4105
f 4454 4462 4103
f 4103 4102 4454
f 4454 4102 4452
f 4454 4452 4453
f 4460 4459 4761
f 4761 4762 4460
f 4465 4763 4466
f 4465 4762 4763
f 4463 4460 4465
f 4465 4460 4762
f 3836 4111 4113
f 4113 4111 4112
f 4113 4112 4116
f 4116 4115 4113
f 4114 3837 3836
f 3836 4113 4114
f 4114 4113 4115
f 4114 4115 4118
f 4117 4115 4473
f 4119 4118 4117
f 4118 4115 4117
f 4488 4129 4486
f 4473 4472 4474
f 4119 4117 4474
f 4474 4117 4473
f 4474 4481 4119
f 4479 4481 4474
f 4478 4479 4475
f 4475 4477 4478
f 4479 4474 4475
f 4475 4474 4472
f 4476 4477 4475
f 4475 4472 4476
f 4101 4102 4100
f 4100 4102 4104
f 4110 3833 4100
f 4100 4104 4110
f 3552 3820 3555
f 3553 3329 3552
f 4080 4433 4082
f 4079 4433 4080
f 4082 4086 4083
f 4086 4087 4083
f 4083 4087 4085
f 4085 4090 4084
f 4084 4083 4085
f 4449 4448 4452
f 4446 4448 4449
f 4449 4087 4446
f 5641 5648 9312
f 5648 5649 9312
f 5657 5655 5916
f 5914 5913 5916
f 5916 5645 5914
f 5916 5655 5645
f 5913 5917 5916
f 5916 5917 5657
f 5077 5081 5079
f 5079 5078 5077
f 5076 5364 5077
f 5075 5076 5077
f 5077 5078 5075
f 9317 5094 9319
f 9319 5094 5092
f 4508 4507 4509
f 4507 4789 4509
f 4509 1660 4508
f 4509 4789 4791
f 4509 4791 1660
f 4779 4778 4776
f 4776 4778 4777
f 4776 5085 4779
f 4776 4775 5085
f 4777 4774 4776
f 4774 4775 4776
f 4502 4156 4503
f 4494 4495 4496
f 4490 4143 4141
f 4757 4756 4755
f 4755 5068 4757
f 5066 5068 4755
f 5348 5350 5349
f 5350 5351 5349
f 5349 5345 5348
f 5349 5351 5341
f 5336 5058 5337
f 5061 5058 5336
f 5336 5338 5061
f 5337 5335 5336
f 5335 5338 5336
f 5362 5360 5361
f 5360 5358 5361
f 5361 5363 5362
f 5361 5367 5363
f 5361 5652 5367
f 5361 5358 5652
f 4445 4086 4082
f 4082 4435 4445
f 4444 4446 4445
f 4445 4442 4444
f 4445 4435 4442
f 4446 4087 4445
f 4445 4087 4086
f 4438 4439 4440
f 4743 4745 4744
f 4744 4440 4743
f 5059 5064 4742
f 4742 4741 5059
f 4742 4739 4741
f 5064 4753 4742
f 4746 4743 4742
f 4742 4753 4746
f 9309 5897 9308
f 6100 5904 5903
f 6100 5903 5902
f 5896 5897 5898
f 5898 5899 5896
f 5898 5897 9309
f 9309 5874 5898
f 5872 5899 5898
f 5880 5881 5878
f 9309 5881 5880
f 5880 5874 9309
f 5879 5597 5878
f 5878 5881 5879
f 5596 5317 5597
f 5607 5606 5608
f 5607 5608 5330
f 5607 5602 5603
f 5330 5327 5607
f 5327 5602 5607
f 5608 5606 5609
f 5609 5610 5608
f 5278 5282 5553
f 5553 5277 5278
f 5561 5556 5560
f 5878 5594 5877
f 5877 5592 5591
f 5591 5876 5877
f 5310 5592 5593
f 5593 5877 5594
f 5592 5877 5593
f 5871 5876 9310
f 9310 5870 5871
f 5870 5869 5871
f 5872 5898 5873
f 5873 5898 5874
f 5873 5871 5872
f 5876 5871 5873
f 5326 5324 5600
f 5600 5599 5326
f 5326 5599 5602
f 5326 5602 5327
f 5600 5324 5601
f 5323 5043 9320
f 5553 5282 5276
f 6270 6269 6272
f 6267 6269 6270
f 6265 6264 6069
f 6403 6402 6267
f 6085 6087 5860
f 5860 5859 6085
f 5860 6087 6088
f 6088 5861 5860
f 5861 5859 5860
f 6085 5859 5853
f 5853 5859 5854
f 5846 5852 5576
f 5576 5852 5577
f 5858 5857 5855
f 5858 5861 5584
f 5584 5857 5858
f 5858 5859 5861
f 5894 5897 5896
f 6280 6101 6098
f 6098 6101 6100
f 6098 6097 6280
f 6098 5902 6097
f 6100 5902 6098
f 5905 6101 6102
f 5904 6101 5905
f 5574 5575 5578
f 5578 5575 5577
f 5578 5577 5584
f 5584 5583 5578
f 5588 5870 9310
f 5587 5870 5588
f 9310 5591 5590
f 5591 5592 5590
f 5846 5576 5845
f 5577 5575 5845
f 5845 5576 5577
f 5842 5839 5841
f 5841 5845 5842
f 5842 5845 5575
f 1665 8918 8917
f 8917 8828 1665
f 1655 8921 8829
f 8921 8928 8829
f 8831 8932 1655
f 1655 8928 8831
f 8921 8828 8920
f 8617 8619 8621
f 8621 8466 8617
f 8612 8614 8615
f 8618 8619 8617
f 164 163 162
f 164 165 163
f 167 169 168
f 169 1462 168
f 166 168 1462
f 5378 6723 5377
f 6797 6847 6848
f 6795 6847 6797
f 6747 6795 6748
f 6748 6721 6747
f 6748 6723 6721
f 3894 3893 4171
f 4171 4170 4173
f 4171 4172 3894
f 4173 4172 4171
f 4180 4181 3637
f 4183 4181 4182
f 4182 4181 4180
f 7072 7074 7073
f 1531 7159 7072
f 7072 7073 1531
f 7159 7160 7072
f 7160 7074 7072
f 6753 6799 6803
f 6946 6852 6897
f 6897 6852 6945
f 6897 7010 6946
f 6945 7010 6897
f 6851 6945 6850
f 6945 6852 6850
f 6799 6798 6850
f 6859 6858 6861
f 6803 6853 6802
f 6805 6853 6856
f 6856 6859 6805
f 6855 6859 6856
f 7084 7080 7179
f 7081 7080 7084
f 7179 7180 7084
f 7180 7182 7187
f 7182 7183 7187
f 7187 7097 7188
f 7187 7183 7097
f 6808 6859 6861
f 6858 6859 6857
f 6857 6859 6855
f 6902 6858 6857
f 6949 6857 6855
f 6949 7014 6950
f 7021 7020 7022
f 6902 6950 9281
f 9281 6951 6902
f 7015 7021 9281
f 6950 7014 9281
f 9281 7014 7015
f 1152 1151 1153
f 1153 1195 1152
f 1195 1151 1152
f 1195 1193 1194
f 1406 1403 1404
f 1398 1359 1357
f 1357 1399 1398
f 1357 1400 1399
f 1355 1400 1357
f 1357 1359 1358
f 1323 1324 1325
f 1325 1355 1323
f 1319 1360 1318
f 1318 1320 1319
f 1322 1321 1319
f 1319 1320 1322
f 1139 1212 1213
f 1212 1214 1213
f 1215 1139 1213
f 1213 1214 1215
f 1215 1214 1275
f 978 977 966
f 978 979 977
f 966 964 978
f 980 979 978
f 978 964 962
f 962 980 978
f 976 979 1108
f 1426 1424 1425
f 1424 851 1425
f 1425 851 849
f 1425 1427 1426
f 849 1427 1425
f 846 844 845
f 598 844 846
f 602 844 600
f 600 844 598
f 593 564 595
f 835 838 836
f 614 615 612
f 612 615 715
f 715 717 612
f 1443 601 1444
f 1444 597 1445
f 1444 1442 1443
f 1445 585 1444
f 585 1442 1444
f 1421 835 833
f 833 1420 1421
f 1421 1422 835
f 1421 1420 1422
f 857 858 859
f 859 855 857
f 840 838 839
f 840 604 838
f 602 604 840
f 1118 1102 1121
f 1118 1121 1119
f 1103 1102 1118
f 1119 1117 1118
f 1104 979 980
f 980 982 1104
f 1104 982 1103
f 3630 1556 3402
f 1556 1557 3402
f 3629 3628 3630
f 786 758 760
f 785 786 760
f 760 759 686
f 760 758 759
f 760 784 785
f 760 686 762
f 762 761 760
f 632 631 374
f 633 631 632
f 374 435 632
f 632 435 436
f 749 794 748
f 749 751 794
f 796 902 798
f 796 798 747
f 796 747 748
f 794 792 793
f 793 906 794
f 909 906 793
f 793 911 909
f 793 792 753
f 753 911 793
f 695 631 694
f 748 695 694
f 694 631 633
f 694 633 748
f 442 443 441
f 441 440 442
f 440 627 442
f 93 113 92
f 95 96 93
f 93 94 95
f 90 94 93
f 93 92 90
f 1486 133 1488
f 1486 135 133
f 136 135 1486
f 1486 1488 1489
f 1489 1487 1486
f 109 1478 1481
f 1481 110 109
f 136 1482 138
f 1484 1482 136
f 136 1486 1484
f 1487 1485 1484
f 1484 1486 1487
f 183 184 137
f 137 139 183
f 137 184 187
f 137 187 189
f 71 73 54
f 56 71 54
f 54 55 56
f 52 55 54
f 68 67 95
f 68 69 67
f 95 70 68
f 72 73 71
f 71 70 72
f 72 70 90
f 421 420 651
f 418 420 399
f 402 401 418
f 418 400 402
f 418 399 400
f 657 407 665
f 665 656 657
f 416 656 654
f 319 320 321
f 189 132 134
f 134 137 189
f 133 135 134
f 136 137 134
f 134 135 136
f 1490 1488 131
f 1488 133 131
f 133 134 131
f 131 134 132
f 196 195 193
f 193 198 196
f 190 198 193
f 1494 1495 124
f 124 122 1494
f 542 1454 544
f 544 1454 545
f 547 545 546
f 545 1454 546
f 1451 580 578
f 578 579 577
f 576 575 577
f 577 579 576
f 577 1451 578
f 505 541 543
f 540 1454 542
f 587 585 586
f 1441 1440 603
f 1441 603 1443
f 1441 587 1440
f 1443 1442 1441
f 1445 581 584
f 584 585 1445
f 1446 571 569
f 1446 568 586
f 569 568 1446
f 1447 571 1446
f 565 553 566
f 553 556 566
f 556 563 566
f 566 564 565
f 566 563 564
f 1066 1158 1067
f 1010 1158 1066
f 1066 1067 942
f 942 1010 1066
f 1188 1242 1189
f 1189 1242 1241
f 1241 1190 1189
f 1189 1190 1156
f 1252 1190 1241
f 1240 1190 1252
f 1253 1338 1252
f 1252 1338 1240
f 1161 1186 1187
f 1187 1243 1188
f 1187 1186 1243
f 1174 1170 1172
f 1054 1170 1169
f 1054 1022 1023
f 1169 1022 1054
f 1168 1167 1057
f 1028 1051 1029
f 1028 1049 1051
f 1029 1030 1028
f 1028 1030 1049
f 1024 1054 1023
f 1170 1054 1024
f 1171 1052 1173
f 1173 1172 1171
f 1171 1172 1170
f 1051 1024 1025
f 1029 1051 1050
f 1050 1027 1029
f 927 1027 928
f 1023 929 928
f 928 888 811
f 811 927 928
f 886 929 884
f 887 888 886
f 888 928 886
f 886 928 929
f 741 803 740
f 740 702 741
f 740 738 702
f 921 1036 1037
f 1034 923 922
f 922 1037 1034
f 1035 1033 1034
f 1033 925 924
f 925 923 924
f 924 1034 1033
f 923 1034 924
f 894 893 895
f 895 922 894
f 922 923 894
f 1031 925 1033
f 1033 1032 1031
f 1031 1030 925
f 1032 1030 1031
f 536 515 535
f 515 516 535
f 535 533 536
f 535 516 533
f 528 557 555
f 528 555 530
f 530 529 528
f 530 554 531
f 531 554 551
f 552 554 553
f 551 554 552
f 553 570 552
f 1452 537 536
f 538 537 1452
f 1452 534 549
f 550 576 547
f 550 574 576
f 551 552 550
f 550 534 551
f 549 534 550
f 526 525 523
f 523 527 526
f 520 525 526
f 519 520 518
f 518 517 519
f 518 533 517
f 496 498 497
f 496 495 494
f 497 495 496
f 508 537 507
f 507 498 508
f 510 537 508
f 500 506 502
f 498 506 500
f 500 502 503
f 503 498 500
f 457 459 493
f 493 495 457
f 457 495 497
f 152 280 301
f 301 280 282
f 282 300 301
f 283 287 286
f 287 300 286
f 284 282 283
f 284 300 282
f 283 286 284
f 284 286 300
f 158 156 300
f 158 161 159
f 1471 1472 1470
f 1471 1473 1472
f 157 1469 155
f 1472 153 155
f 155 1469 1472
f 155 156 157
f 1462 1461 1463
f 1463 1461 1464
f 1463 166 1462
f 1463 1464 1465
f 165 166 1463
f 163 165 1463
f 8493 8317 8486
f 8318 8317 8493
f 8496 8502 8497
f 8497 8326 8496
f 8326 8494 8496
f 8637 8478 8477
f 8508 8506 8507
f 8486 8482 8484
f 8297 8295 8296
f 8291 8295 8294
f 8294 8293 8291
f 8288 8290 8291
f 8291 8290 8295
f 8292 8288 8291
f 8291 8293 8292
f 8299 8301 8302
f 8475 8478 8480
f 8480 8478 8639
f 8473 8476 8475
f 8477 8476 8629
f 8634 8637 8629
f 8629 8637 8477
f 8492 8488 8317
f 8316 8128 8315
f 8315 8128 8127
f 8315 8127 8123
f 8123 8313 8315
f 8307 1513 8308
f 8307 8302 8301
f 8311 8313 8312
f 8303 8309 8292
f 8304 8309 8303
f 8303 8302 8304
f 8292 8293 8303
f 8303 8293 8299
f 8299 8302 8303
f 8456 8455 1627
f 8457 8455 8456
f 1627 8606 8456
f 8456 8606 8457
f 8458 8457 8610
f 8610 8459 8458
f 8458 8459 8460
f 8458 8455 8457
f 8454 8455 8458
f 8458 8282 8454
f 8458 8460 8282
f 8020 8023 8022
f 6592 8579 8578
f 6495 6593 6493
f 9275 7076 7162
f 7077 7076 9275
f 7078 7077 7081
f 7078 7076 7077
f 7075 7076 7078
f 7078 7082 7075
f 7269 7274 7153
f 7148 7257 7260
f 1530 7257 7148
f 7148 7147 1536
f 7150 7147 7148
f 7148 7149 7150
f 7148 1536 1530
f 7508 7511 7506
f 7387 7381 7388
f 7514 7504 7506
f 7506 7511 7514
f 7387 7388 7390
f 7305 7303 7426
f 7304 7303 7305
f 7024 7098 7099
f 7099 7100 7024
f 7107 7204 7108
f 6902 6951 6899
f 7175 7180 7179
f 7179 7079 7175
f 7175 7079 7174
f 7178 7182 7180
f 7178 7177 7182
f 7180 7175 7178
f 7174 7177 7178
f 7178 7175 7174
f 7285 7280 7281
f 7273 7280 7275
f 7282 7386 7387
f 7387 7283 7282
f 7282 7281 7386
f 7283 7281 7282
f 7097 7183 7186
f 7287 7283 7402
f 7185 7186 7184
f 7184 7186 7183
f 7184 7182 7293
f 7184 7183 7182
f 7426 7303 7407
f 7403 7400 7406
f 7404 7400 7398
f 7709 7708 7838
f 7838 7708 7706
f 7979 7980 7978
f 7978 7980 7981
f 7978 9265 7979
f 7831 7973 7976
f 7702 7703 1602
f 7981 7834 7833
f 7833 7978 7981
f 7832 7978 7833
f 7833 7702 7832
f 7833 7834 7703
f 7703 7702 7833
f 8334 8502 8503
f 7992 7994 7995
f 7854 7996 7995
f 7854 7852 7997
f 7997 7996 7854
f 7852 7847 7997
f 7857 7994 7998
f 7993 7994 7992
f 7986 7988 7987
f 7992 7995 7987
f 7987 7995 7996
f 7990 7988 9264
f 7979 9265 9264
f 9264 7980 7979
f 9264 7988 7980
f 8126 7969 7968
f 7969 7967 7968
f 7968 7967 1514
f 8135 8134 8136
f 8136 8134 8324
f 7974 8131 8133
f 7969 8131 7974
f 8133 7975 7974
f 7974 7975 7973
f 7971 7972 1516
f 7969 7974 7971
f 7971 7974 7973
f 7490 7492 7493
f 7497 7492 7498
f 7498 7499 7497
f 7502 7501 7497
f 7497 7501 7496
f 7603 7602 7607
f 7607 7605 7603
f 7603 7605 7604
f 7498 7492 9270
f 9270 7499 7498
f 7365 7367 7368
f 7366 7501 7502
f 7367 7365 7366
f 7366 7365 7360
f 7496 7501 7366
f 7502 7370 7366
f 7366 7370 7367
f 7249 7252 7250
f 7249 1530 7248
f 7249 7250 1530
f 7348 7349 7350
f 7350 7252 7348
f 7252 7249 7348
f 7849 7720 7848
f 7877 7875 7874
f 7874 7875 7873
f 7872 7871 7874
f 7859 7872 7853
f 7872 7851 7853
f 7853 7852 7854
f 7853 7851 7852
f 7845 7844 7843
f 7845 7997 7847
f 7983 7982 7986
f 7835 7982 7983
f 7983 7842 7835
f 7715 7713 7844
f 7843 7844 7841
f 7844 7713 7841
f 7841 7842 7843
f 7588 7475 7474
f 1522 7587 7588
f 7588 1526 1522
f 7588 7474 1526
f 7713 7715 7711
f 7711 7715 7712
f 7714 7715 7716
f 7712 7715 7714
f 7595 7593 7714
f 7714 7593 7712
f 7601 7603 7604
f 7602 7603 7601
f 7599 7600 7596
f 7602 7601 7599
f 7599 7601 7600
f 7480 7592 7485
f 7596 7600 7594
f 7594 7595 7596
f 7594 7485 7592
f 7600 7485 7594
f 7594 7593 7595
f 7594 7592 7591
f 7591 7593 7594
f 1162 1161 1064
f 1011 1013 1064
f 1159 1065 1064
f 1064 1065 1011
f 1014 1012 939
f 1014 1013 1012
f 939 938 1014
f 936 1016 1015
f 1015 938 936
f 1016 1164 1015
f 1164 1062 1015
f 8 327 329
f 327 328 329
f 26 59 58
f 59 57 58
f 58 30 26
f 58 57 30
f 412 660 413
f 410 412 413
f 413 409 410
f 408 409 413
f 413 414 408
f 661 412 330
f 330 660 661
f 661 660 412
f 665 407 658
f 658 664 665
f 663 664 659
f 659 660 663
f 664 658 659
f 407 414 659
f 659 658 407
f 769 770 768
f 769 767 679
f 768 767 769
f 309 308 310
f 308 770 310
f 771 310 770
f 1546 1545 1740
f 1740 1545 1608
f 2140 2255 2263
f 2254 2255 2140
f 2271 2402 2274
f 2262 2265 2266
f 2266 2264 2262
f 2262 2264 2260
f 2259 2262 2260
f 2265 2262 2259
f 2267 2265 2388
f 2394 2397 2267
f 2266 2265 2267
f 2406 2411 2408
f 2389 2387 2394
f 2394 2267 2389
f 2389 2267 2388
f 2388 2385 2389
f 2389 2385 2387
f 2391 2387 2386
f 2749 2751 2739
f 2739 2746 2749
f 2566 2414 2413
f 2397 2396 2550
f 2550 2551 2553
f 2553 2397 2550
f 2549 2551 2550
f 2550 2396 2549
f 2399 2398 2400
f 2751 2750 2563
f 2563 2750 2564
f 2929 2741 2928
f 2929 2930 2931
f 2742 2929 2931
f 2741 2929 2742
f 2747 2746 2745
f 2747 2937 2746
f 2745 2934 2747
f 2749 2746 2748
f 2746 2937 2748
f 2748 2750 2749
f 2542 2724 2543
f 2543 2541 2542
f 2543 2544 2541
f 2547 2544 2543
f 2731 2726 2730
f 2724 2726 2731
f 2545 2544 2548
f 2548 2544 2733
f 2548 2733 2734
f 2734 2546 2548
f 2548 2546 2545
f 3547 3550 3548
f 3328 3331 3325
f 3326 3324 3544
f 3544 3324 3321
f 3321 3322 3317
f 3317 3322 3316
f 2933 3129 3132
f 3132 2935 2933
f 2931 2930 2932
f 2932 2933 2931
f 3129 2933 2932
f 3128 3130 3131
f 3131 3129 3128
f 3343 3130 3342
f 3342 3336 3343
f 3136 3131 3343
f 3343 3131 3130
f 3560 3563 3333
f 3333 3332 3560
f 3333 3334 3332
f 3338 3334 3337
f 3337 3334 3336
f 3337 3336 3342
f 3330 3331 3328
f 3330 3553 3559
f 3330 3328 3553
f 3559 3332 3330
f 3332 3331 3330
f 3323 3322 3321
f 3338 3322 3323
f 3321 3324 3323
f 3324 3325 3323
f 3323 3331 3338
f 3323 3325 3331
f 3339 3322 3338
f 3340 3322 3339
f 3338 3337 3339
f 3339 3337 3340
f 3342 3314 3341
f 3341 3314 3340
f 3341 3337 3342
f 3340 3337 3341
f 3311 3316 3313
f 3340 3314 3313
f 2923 2727 2921
f 2921 2925 2923
f 9365 2912 2892
f 2892 2912 2911
f 2892 2911 2891
f 2914 2912 9365
f 2911 2912 2914
f 2914 2913 2911
f 2891 2911 2716
f 2911 2717 2716
f 2921 2727 2915
f 2915 2914 2921
f 2913 2914 2915
f 2721 2717 2911
f 2911 2913 2721
f 9364 9362 9365
f 9365 2892 9364
f 2533 2535 2536
f 2536 2535 2719
f 2536 2542 2533
f 2536 2719 2542
f 2718 2535 2715
f 2719 2535 2718
f 2722 2721 2913
f 2722 2915 2727
f 2913 2915 2722
f 1824 1825 1823
f 1823 1881 1824
f 2008 2010 2007
f 2007 2010 2009
f 2009 2010 2013
f 2013 1899 2009
f 2014 1899 2013
f 9368 9367 2656
f 2829 9368 2650
f 2659 2360 2656
f 2257 2255 2254
f 2254 2140 2138
f 2650 9368 2651
f 2787 2975 2789
f 1552 2459 2472
f 2458 2459 1562
f 2417 2423 2289
f 2282 2289 2285
f 2132 2145 2131
f 2013 2010 2012
f 2024 2021 2020
f 2128 2127 2020
f 2150 2148 2151
f 2024 2148 2150
f 2163 2165 2036
f 2300 2299 2434
f 2036 2165 2164
f 2167 2164 2165
f 2171 2307 2172
f 2593 2783 2787
f 2593 2591 2783
f 2445 2444 2442
f 1875 1816 1874
f 1960 1957 2061
f 1544 1541 2061
f 2061 1957 1544
f 1964 2810 2997
f 2809 2805 2806
f 3899 2805 2809
f 2809 2808 3898
f 3898 3899 2809
f 1960 2061 2809
f 2809 2061 1541
f 2626 1541 1606
f 1606 2808 2626
f 2626 2809 1541
f 2808 2809 2626
f 1820 1821 1833
f 1821 1832 1833
f 1818 1819 1817
f 1817 1819 1772
f 1816 1875 1817
f 1769 1748 1767
f 1874 1816 1769
f 1769 1767 1874
f 1744 1751 1749
f 1751 9385 1749
f 1788 9385 1751
f 1839 1841 1837
f 1785 1841 1844
f 1955 1954 1573
f 1573 1953 1955
f 1955 1953 1954
f 1547 1739 1761
f 1548 1547 1761
f 1761 1762 1548
f 2323 2189 2187
f 2187 2189 2188
f 3892 4152 1553
f 1553 3891 3892
f 3892 3891 4152
f 3634 3633 3886
f 3621 3396 3619
f 3619 3622 3621
f 3390 3184 3181
f 3181 3387 3390
f 3390 3387 3389
f 3390 3391 3184
f 3388 3393 3389
f 3389 3387 3388
f 3869 3867 3866
f 3866 3868 3869
f 3614 3615 3613
f 3624 3622 3623
f 3878 9341 3881
f 3881 3880 3878
f 3881 9341 9342
f 3632 3628 3627
f 3627 3629 3626
f 3628 3629 3627
f 3625 3622 3624
f 3624 3880 3625
f 3626 3622 3625
f 3625 3627 3626
f 2991 2803 2802
f 2803 2622 2802
f 2617 2619 2793
f 2623 2624 2468
f 2468 2620 2623
f 2623 2620 2622
f 2623 2622 2625
f 2623 2625 1554
f 1554 1561 2623
f 1561 2624 2623
f 2979 2977 2978
f 2794 2977 2796
f 2796 2617 2794
f 2794 2617 2793
f 2976 3168 2978
f 2978 2977 2976
f 2976 2977 2975
f 3179 3180 3181
f 3179 3182 3178
f 3181 3183 3179
f 3179 3183 3182
f 3405 3391 3404
f 3186 3183 3185
f 3185 3405 3187
f 3187 1559 3185
f 1559 3186 3185
f 3184 3405 3185
f 3185 3183 3184
f 3176 3178 2987
f 2987 2986 3176
f 2987 3182 3190
f 3178 3182 2987
f 3190 2988 2987
f 2987 2988 2986
f 12 35 37
f 37 10 12
f 6 327 8
f 326 327 6
f 13 15 14
f 12 11 13
f 13 14 12
f 11 332 13
f 332 15 13
f 32 31 30
f 14 16 32
f 35 14 32
f 32 30 33
f 33 35 32
f 36 34 52
f 52 38 36
f 35 34 36
f 36 37 35
f 42 44 43
f 47 80 46
f 42 41 48
f 49 47 48
f 48 41 38
f 334 332 333
f 333 411 334
f 332 411 333
f 335 332 334
f 335 15 332
f 6249 6251 6250
f 6251 6255 6250
f 6374 6380 6381
f 6381 6373 6374
f 6374 6375 6379
f 6379 6380 6374
f 6468 6375 6374
f 6374 6373 6468
f 6392 6396 6395
f 6394 6396 6392
f 6392 6393 6394
f 6394 6393 6483
f 6483 6393 6481
f 6483 6486 6394
f 6484 6486 6483
f 6480 6484 6483
f 6483 6479 6480
f 6481 6479 6483
f 6542 6541 6539
f 6539 6538 6542
f 6474 6479 6478
f 6379 6471 6377
f 6471 6376 6377
f 6377 6482 6379
f 6378 6482 6377
f 6640 6454 6587
f 6587 6639 6640
f 6640 6889 6642
f 6640 6639 6889
f 6892 7070 6893
f 6893 6891 6892
f 6846 6891 6893
f 6893 9291 6684
f 6893 6684 6685
f 6685 6846 6893
f 6894 6588 6893
f 6588 9291 6893
f 7069 7146 6894
f 7069 7068 7146
f 8274 9261 8276
f 8274 8272 9261
f 6888 6891 6890
f 6888 6889 6939
f 6888 6890 6889
f 6939 7065 6993
f 6891 6888 6993
f 6993 7070 6892
f 6892 6891 6993
f 8708 8709 8707
f 1652 8833 8725
f 8725 8727 1652
f 8726 1650 1652
f 1652 8727 8726
f 1627 1650 8726
f 8835 8832 1657
f 8835 1657 1662
f 1662 8938 8835
f 6065 5556 6066
f 4844 4225 5127
f 3935 3936 3938
f 3350 3352 3356
f 3351 3352 3350
f 3350 3348 3351
f 3565 3570 3590
f 3356 3352 3355
f 3355 3357 3356
f 3605 3606 3603
f 3603 3604 3605
f 9355 3606 3605
f 3603 3371 3370
f 3856 3855 3853
f 4095 4090 4091
f 4091 4090 4089
f 3827 3830 3576
f 3821 3819 3823
f 3575 3580 3574
f 3574 3573 3575
f 3579 3580 3575
f 3575 3578 3579
f 3575 3573 3577
f 3577 3578 3575
f 3576 3573 3572
f 4122 3838 3837
f 3837 4114 4122
f 3843 9343 3844
f 3844 3582 3843
f 3841 3578 3840
f 3840 3578 3838
f 3840 4122 4123
f 3838 4122 3840
f 3583 3845 3854
f 3851 3853 3854
f 3854 3853 3855
f 4480 4481 4479
f 4480 4479 4478
f 4478 4495 4480
f 4120 4118 4119
f 4486 4485 4484
f 4124 4120 4485
f 3851 3849 3850
f 9352 9353 3850
f 3554 3557 3559
f 3556 3557 3554
f 3559 3553 3554
f 3555 3556 3554
f 3554 3552 3555
f 3553 3552 3554
f 3559 3557 3558
f 3558 3557 3561
f 3558 3332 3559
f 3560 3332 3558
f 3558 3561 3560
f 4729 5053 4731
f 5050 5053 4729
f 3997 4000 3999
f 3752 3754 3499
f 3499 3751 3752
f 3748 3747 3743
f 3746 3751 3748
f 4013 3751 3746
f 3748 3743 3746
f 3741 3743 3747
f 4000 3743 3741
f 3749 3750 3495
f 3504 3495 3503
f 3496 3495 3504
f 3753 3751 3499
f 3753 3750 3751
f 3499 3501 3753
f 3282 3280 3503
f 3282 3509 3285
f 3092 3277 3094
f 3087 3084 3267
f 3292 3277 3278
f 3291 3293 3292
f 3094 3277 3292
f 3292 3293 3094
f 4074 4073 4072
f 4072 4075 4074
f 4074 4075 4076
f 4074 4076 9344
f 4434 4433 4431
f 4431 4433 4079
f 4431 4430 4434
f 4431 4428 4430
f 4069 4071 4072
f 4072 4073 4069
f 4069 4073 4067
f 4067 4068 4069
f 4432 4431 4079
f 4428 4431 4432
f 4464 4465 4466
f 4463 4465 4464
f 4464 4106 4463
f 4467 4774 4777
f 4777 4468 4467
f 4467 4464 4466
f 4466 4773 4467
f 4773 4774 4467
f 4463 4106 4461
f 4461 4106 4462
f 4461 4460 4463
f 4088 4089 4085
f 4085 4087 4088
f 4088 4450 4089
f 4088 4449 4450
f 4087 4449 4088
f 3818 3820 3551
f 3820 3552 3551
f 3551 3550 3818
f 3551 3548 3550
f 3551 3552 3329
f 3329 3548 3551
f 4081 4080 4082
f 4082 4083 4081
f 3812 3810 4081
f 4081 3810 4080
f 4081 4084 3812
f 4083 4084 4081
f 3809 3810 3807
f 3806 3807 3805
f 3812 4084 3813
f 3813 4090 3815
f 3813 4084 4090
f 4450 4449 4451
f 4451 4102 4101
f 4452 4102 4451
f 4451 4449 4452
f 5638 5637 5636
f 5915 5642 5638
f 5636 5912 5638
f 5638 5912 5915
f 5906 5908 5910
f 5907 5908 5906
f 5906 6102 5907
f 5906 5905 6102
f 5641 9312 5640
f 5621 5346 5620
f 5081 5077 5080
f 5080 5077 5364
f 5364 9319 5080
f 5092 5081 5080
f 5080 9319 5092
f 9318 5364 5365
f 9318 9319 5364
f 9318 5365 5371
f 5371 9316 9318
f 9318 9316 9317
f 9317 9319 9318
f 4788 5090 4790
f 5090 5088 4790
f 4790 4789 4788
f 4791 4789 4790
f 5089 5088 5090
f 4779 5085 5089
f 5089 4781 4779
f 5089 5090 4781
f 5087 5083 4794
f 5087 4790 5088
f 4492 4503 4148
f 4152 3891 3890
f 3890 4151 4152
f 4152 4151 4150
f 1551 4152 4150
f 4150 4153 1551
f 4752 4756 4751
f 4752 4755 4756
f 4751 4753 4752
f 5066 4755 4754
f 4754 5063 5066
f 4754 4753 5063
f 4754 4752 4753
f 4755 4752 4754
f 5345 5349 5343
f 5343 5341 5342
f 5343 5349 5341
f 4439 4739 4740
f 4740 4440 4439
f 4743 4440 4740
f 4740 4742 4743
f 4739 4742 4740
f 4453 4448 4750
f 4750 4448 4447
f 4750 4447 4444
f 4438 4440 4441
f 4440 4744 4441
f 4441 4442 4438
f 5895 5903 5904
f 5895 5894 5896
f 5900 5902 5903
f 5896 5899 5900
f 5899 5901 5900
f 5900 5901 5902
f 5900 5895 5896
f 5903 5895 5900
f 5603 5599 5604
f 5599 5882 5604
f 5881 5882 5598
f 5598 5879 5881
f 5597 5879 5598
f 5600 5596 5598
f 5598 5596 5597
f 5598 5599 5600
f 5598 5882 5599
f 5342 5612 5611
f 5612 5610 5611
f 5610 5609 5611
f 5614 5611 5609
f 5624 5640 5622
f 5622 5640 9312
f 9312 5621 5622
f 5624 5622 5623
f 5886 5885 5887
f 5883 5882 5881
f 5883 5604 5882
f 5885 5604 5883
f 9309 9308 5884
f 5885 5883 5884
f 5884 5881 9309
f 5884 5883 5881
f 5840 6075 5841
f 5841 5839 5840
f 5839 5837 5840
f 6064 6266 5831
f 6066 5556 5555
f 5555 5561 5559
f 5556 5561 5555
f 5560 5837 5563
f 5563 5561 5560
f 5310 5593 5312
f 5878 5877 5875
f 5875 5873 5874
f 5875 5877 5876
f 5876 5873 5875
f 5875 5880 5878
f 5874 5880 5875
f 5325 5323 5324
f 5325 5326 5327
f 5324 5326 5325
f 5553 5276 5274
f 4988 4991 4990
f 6267 6270 6067
f 6067 6403 6267
f 6264 6403 6067
f 6068 6270 6071
f 6069 6264 6068
f 6264 6067 6068
f 6068 6067 6270
f 9299 6255 6256
f 9299 6250 6255
f 6264 6265 6263
f 6263 6265 6057
f 6057 6261 6263
f 6260 6258 6402
f 6264 6263 6260
f 6260 6263 6261
f 6402 6403 6260
f 6260 6403 6264
f 6061 6266 6064
f 5851 5853 5854
f 5856 5852 5854
f 5854 5859 5856
f 5859 5858 5856
f 5855 5852 5856
f 5856 5858 5855
f 5897 5894 5893
f 5893 9308 5897
f 5586 5585 5587
f 5587 5588 5586
f 5583 5585 5586
f 5309 5592 5310
f 5309 5590 5592
f 5572 5575 5574
f 5580 5578 5583
f 5589 5590 5308
f 5589 5586 5588
f 5589 5588 9310
f 9310 5590 5589
f 5846 5845 5844
f 5844 5845 5841
f 6078 6079 5848
f 6077 6079 6078
f 6078 5848 5846
f 5846 5844 6078
f 6271 6270 6272
f 6071 6270 6271
f 6271 6068 6071
f 8604 9261 8605
f 9261 9262 8605
f 8451 8602 8271
f 9262 8272 8271
f 8830 8928 1655
f 1655 8829 8830
f 8830 8829 8928
f 8932 8831 8929
f 8929 8831 8928
f 8922 8928 8921
f 8921 8920 8922
f 1632 8932 8935
f 8935 9068 1632
f 8932 9068 8935
f 1632 9068 1631
f 1631 9068 1664
f 258 1632 1631
f 1631 1664 258
f 8623 8624 8625
f 8469 8468 8467
f 8466 8621 8467
f 8467 8465 8466
f 8467 8468 8465
f 8625 8624 8754
f 8753 8632 8754
f 8754 8752 8753
f 8754 8624 8752
f 8753 8757 8756
f 8461 8459 8612
f 8612 8615 8461
f 8460 8459 8461
f 8463 8462 8461
f 8461 8615 8463
f 8461 8462 8283
f 8283 8460 8461
f 8616 8618 8617
f 8617 8465 8616
f 8616 8615 8614
f 8616 8465 8463
f 8463 8615 8616
f 8613 8614 8612
f 8611 8736 8613
f 8613 8612 8610
f 8610 8611 8613
f 165 164 297
f 297 287 290
f 290 296 297
f 3894 5379 5097
f 5097 3893 3894
f 5097 5377 3893
f 5379 5378 5097
f 5378 5377 5097
f 6750 6758 6749
f 6723 6748 6749
f 6749 6748 6750
f 6849 6797 6848
f 6849 9283 6851
f 6851 6798 6849
f 6849 6798 6797
f 6848 9284 6849
f 9284 9283 6849
f 4168 4171 3893
f 4170 4171 4168
f 4173 4170 3900
f 4165 9333 9334
f 9334 9333 4177
f 4164 9333 4165
f 4165 4160 4164
f 4512 6815 4513
f 4183 4182 4513
f 7090 7088 7008
f 7008 7001 7090
f 6944 7005 6942
f 6942 6945 6944
f 6943 6945 6942
f 6998 9279 7000
f 5918 6758 6757
f 6752 6798 6799
f 6752 6753 6751
f 6799 6753 6752
f 6751 6750 6752
f 6750 6798 6752
f 6796 6798 6750
f 6797 6798 6796
f 6750 6748 6796
f 6795 6797 6796
f 6796 6748 6795
f 6799 6850 6801
f 6801 6850 6852
f 6803 6799 6801
f 6801 6853 6803
f 6852 6853 6801
f 6800 6798 6851
f 6851 6850 6800
f 6800 6850 6798
f 6854 6853 6947
f 6854 6856 6853
f 7087 7082 7088
f 6997 6995 7087
f 7088 7090 7087
f 7088 7082 7086
f 7086 7093 7088
f 7192 7093 7086
f 7081 7084 7083
f 7192 7086 7083
f 7083 7086 7082
f 7083 7078 7081
f 7082 7078 7083
f 7190 7084 7180
f 7189 7084 7190
f 7190 7187 7189
f 7013 6947 7011
f 6947 7010 7011
f 7015 7014 7016
f 7016 7011 7093
f 7088 7093 7091
f 6898 6950 6902
f 6902 6857 6898
f 6898 6949 6950
f 6857 6949 6898
f 6948 6947 7013
f 7013 6949 6948
f 6948 6949 6855
f 6948 6854 6947
f 6855 6856 6948
f 6856 6854 6948
f 7024 7028 7025
f 7025 7028 7027
f 7023 7022 7020
f 7020 7096 7023
f 7023 7097 7098
f 7188 7097 7023
f 7023 7025 7022
f 7023 7098 7024
f 7024 7025 7023
f 7189 7187 7095
f 7095 7096 7020
f 7095 7187 7188
f 7188 7023 7095
f 7095 7023 7096
f 7019 7017 7018
f 7018 7017 7015
f 7015 7016 7018
f 1259 1333 1260
f 1334 1333 1259
f 1259 1258 1334
f 1150 1197 1074
f 1070 1151 1150
f 1072 1070 1150
f 1150 1074 1072
f 1352 1351 1350
f 1321 1323 1356
f 1358 1321 1356
f 1356 1357 1358
f 1355 1357 1356
f 1356 1323 1355
f 1136 1137 1215
f 1215 1275 1136
f 1135 1137 1136
f 1136 1276 1135
f 1136 1275 1276
f 1276 1275 1274
f 1274 1313 1276
f 1274 1314 1313
f 1273 1314 1274
f 1216 1214 1217
f 1216 1275 1214
f 1110 1111 1109
f 1109 1108 1110
f 1109 1111 976
f 976 1108 1109
f 565 564 591
f 564 593 591
f 591 589 565
f 593 594 591
f 609 1436 1434
f 838 604 606
f 606 836 838
f 606 604 605
f 613 1430 614
f 614 612 613
f 599 1444 601
f 599 601 602
f 602 600 599
f 599 600 598
f 598 597 599
f 597 1444 599
f 1420 857 856
f 856 857 855
f 839 841 842
f 842 840 839
f 841 844 842
f 842 844 602
f 602 840 842
f 1117 1115 1116
f 1116 1118 1117
f 1116 1115 1113
f 1113 1110 1116
f 1106 1108 979
f 979 1104 1106
f 3399 3397 3401
f 3630 3402 3401
f 3401 3629 3630
f 636 751 693
f 633 634 693
f 693 751 633
f 633 751 750
f 751 749 750
f 748 633 750
f 750 749 748
f 902 796 903
f 905 904 903
f 903 796 905
f 748 794 795
f 795 796 748
f 905 796 795
f 794 906 795
f 795 906 905
f 112 110 113
f 113 93 112
f 112 93 110
f 96 110 111
f 111 93 96
f 110 93 111
f 113 110 114
f 114 1485 115
f 1482 1481 1480
f 110 1481 1483
f 1483 1481 1482
f 1485 114 1483
f 1483 114 110
f 1483 1484 1485
f 1482 1484 1483
f 118 117 119
f 83 82 81
f 81 80 83
f 123 122 124
f 52 54 53
f 74 72 90
f 90 88 74
f 74 88 75
f 421 651 650
f 674 649 650
f 650 649 421
f 419 651 420
f 420 418 419
f 415 416 404
f 407 657 415
f 655 416 654
f 654 419 655
f 655 419 418
f 404 416 655
f 130 131 132
f 130 132 192
f 194 195 127
f 194 193 195
f 194 130 192
f 194 192 190
f 190 193 194
f 1495 1494 1493
f 1493 126 1495
f 572 1447 1449
f 1449 575 572
f 1447 1446 1449
f 1454 540 539
f 539 540 541
f 539 541 507
f 507 537 539
f 539 537 538
f 1437 1439 588
f 586 589 588
f 588 587 586
f 588 1439 1440
f 1440 587 588
f 1438 607 605
f 605 1440 1438
f 1440 1439 1438
f 1437 1436 1438
f 1438 1439 1437
f 583 584 581
f 585 584 583
f 586 585 583
f 1159 1064 1160
f 1160 1064 1161
f 1188 1189 1160
f 1157 1156 1067
f 1157 1189 1156
f 1241 1242 1251
f 1251 1252 1241
f 1253 1252 1251
f 1250 1253 1251
f 1251 1242 1250
f 881 817 815
f 881 932 817
f 881 931 932
f 884 930 1020
f 1058 932 1018
f 1018 1057 1059
f 1018 1059 1058
f 1170 1024 1053
f 1053 1171 1170
f 1052 1171 1053
f 1051 1052 1053
f 1053 1024 1051
f 1023 928 1026
f 1026 928 1027
f 1026 1024 1023
f 1026 1025 1024
f 1027 1050 1026
f 1051 1025 1026
f 1026 1050 1051
f 889 810 808
f 736 704 739
f 738 737 736
f 739 738 736
f 705 704 736
f 736 706 705
f 532 534 533
f 532 518 529
f 533 518 532
f 532 529 530
f 530 531 532
f 1453 546 1454
f 538 1452 1453
f 1453 539 538
f 1454 539 1453
f 572 574 573
f 574 550 573
f 573 570 572
f 573 552 570
f 573 550 552
f 547 546 548
f 549 550 548
f 548 550 547
f 548 1452 549
f 546 1453 548
f 548 1453 1452
f 511 494 512
f 511 496 494
f 512 510 509
f 498 496 509
f 161 158 160
f 451 1473 454
f 1473 1471 454
f 454 1471 1470
f 455 453 454
f 454 452 451
f 454 453 452
f 156 155 154
f 152 301 154
f 8639 8478 8638
f 8478 8637 8638
f 8500 8642 8501
f 8503 8502 8501
f 8641 8642 8500
f 8505 8507 8506
f 8487 8493 8486
f 8494 8493 8487
f 8499 8484 8500
f 8494 8487 8499
f 8486 8484 8499
f 8499 8487 8486
f 8482 8485 8481
f 8481 8485 8297
f 8297 8296 8481
f 8304 8302 8305
f 8308 1513 8305
f 1513 8304 8305
f 8305 8307 8308
f 8302 8307 8305
f 8475 8480 8479
f 8479 8481 8296
f 8479 8480 8482
f 8482 8481 8479
f 8634 8629 8630
f 8488 8492 8489
f 8489 8485 8486
f 8297 8485 8489
f 8486 8317 8489
f 8317 8488 8489
f 8314 8317 8316
f 8314 8492 8317
f 8316 8315 8314
f 8314 8311 8492
f 8314 8315 8313
f 8313 8311 8314
f 8122 8312 1513
f 1513 8307 8122
f 8122 8307 8312
f 8310 8307 8301
f 8310 8301 8300
f 8312 8307 8310
f 8310 8311 8312
f 7761 7643 7642
f 8019 8023 8020
f 7621 7620 7745
f 7877 7879 7878
f 7737 7745 7736
f 7736 7745 7620
f 7734 7617 7611
f 7618 7617 7734
f 7742 7740 7883
f 7883 7891 7742
f 7743 7740 7742
f 7737 7740 7741
f 7741 7745 7737
f 7744 7745 7741
f 7741 7743 7744
f 7740 7743 7741
f 7326 7440 7442
f 7214 7323 7216
f 7439 7317 7316
f 7545 7434 7433
f 7440 7326 7441
f 7439 7316 7437
f 7439 7437 7438
f 7438 7441 7439
f 7440 7441 7438
f 1662 1661 9081
f 6601 6598 6600
f 6608 6598 6601
f 6555 6597 6554
f 6492 6593 6495
f 8718 8572 6590
f 8696 8694 8805
f 8718 8578 8573
f 8555 8557 8558
f 8678 8784 8794
f 8794 8784 8783
f 8352 8173 8353
f 7174 7079 7173
f 7173 7079 7077
f 7077 9275 7173
f 7275 7280 7170
f 7170 7171 7275
f 7280 7171 7170
f 7151 7150 7277
f 7150 7154 7277
f 7277 7166 7278
f 7165 7163 7156
f 7156 7278 7165
f 7162 7163 7165
f 7167 7166 7279
f 7279 7169 7167
f 7275 7171 7279
f 7171 7169 7279
f 7168 7166 7167
f 7168 7173 9275
f 7167 7169 7168
f 7168 7169 7173
f 7269 7268 7267
f 7267 7263 7266
f 7268 7263 7267
f 7259 7261 7262
f 7262 7260 7259
f 7261 7263 7262
f 7262 7263 7268
f 7262 7148 7260
f 7149 7148 7262
f 7262 7268 7149
f 7149 7268 7152
f 7150 7149 7152
f 7152 7269 7153
f 7152 7268 7269
f 7152 7154 7150
f 7153 7154 7152
f 7513 7514 7511
f 7516 7519 7377
f 7525 7526 7397
f 7410 7527 7411
f 7526 7527 7410
f 7426 7407 7410
f 7373 7370 7372
f 7504 7514 7372
f 7372 7514 7373
f 7379 7375 7380
f 7376 7375 7373
f 7373 7514 7376
f 7377 7375 7376
f 7376 7513 7377
f 7514 7513 7376
f 7380 7375 7378
f 7378 7522 7380
f 7519 7522 7378
f 7377 7519 7378
f 7378 7375 7377
f 7389 7522 7391
f 7391 7390 7389
f 7389 7390 7388
f 7389 7388 7380
f 7380 7522 7389
f 7392 7525 7397
f 7519 7525 7392
f 7129 7231 7130
f 7206 7304 7309
f 9273 7304 7206
f 7302 7303 7304
f 7032 7105 7031
f 7031 7105 7033
f 7021 7022 7026
f 7026 9280 6951
f 7022 7025 7026
f 7026 7025 9280
f 7026 9281 7021
f 6951 9281 7026
f 6962 6953 6961
f 9280 6953 6962
f 6951 9280 6962
f 6962 6963 6951
f 6862 6815 6809
f 6861 6863 6862
f 6862 6808 6861
f 6809 6808 6862
f 6907 6863 6861
f 7322 7441 7220
f 6984 4806 7059
f 9276 7059 7057
f 6985 4806 6984
f 4220 4219 5394
f 5394 4219 5395
f 7270 7266 7265
f 7368 7383 7265
f 7386 7272 7384
f 7384 7265 7383
f 7384 7272 7270
f 7270 7265 7384
f 9272 7272 7386
f 7386 7281 9272
f 9272 7273 7272
f 9272 7281 7280
f 7280 7273 9272
f 7270 7272 7271
f 7272 7273 7271
f 7271 7266 7270
f 7274 7269 7271
f 7271 7267 7266
f 7269 7267 7271
f 7275 7274 7271
f 7271 7273 7275
f 7193 7099 7098
f 7098 7097 7193
f 7097 7186 7193
f 7185 7099 7193
f 7193 7186 7185
f 7288 7287 7291
f 7100 7099 7101
f 7297 7291 7296
f 7285 7281 7286
f 7286 7289 7285
f 7286 7287 7288
f 7288 7289 7286
f 7285 7289 9274
f 9274 7280 7285
f 9274 7171 7280
f 7621 7745 7746
f 7746 7745 7744
f 7751 7763 7764
f 7752 7763 7751
f 7294 7291 7287
f 7294 7296 7291
f 7704 7838 7706
f 7706 7705 7704
f 7703 7834 7704
f 7704 1523 7703
f 7704 7705 1523
f 7836 7834 7835
f 7836 7704 7834
f 7838 7704 7836
f 7976 9265 7977
f 9265 7978 7977
f 7977 7831 7976
f 7977 7978 7832
f 7832 7831 7977
f 7973 7831 7829
f 7829 1602 1516
f 1516 7972 7829
f 7829 7971 7973
f 7972 7971 7829
f 7830 7702 1602
f 7832 7702 7830
f 7830 7831 7832
f 1602 7829 7830
f 7830 7829 7831
f 8005 8002 8150
f 8003 8002 8005
f 8150 8151 8005
f 8008 8006 8154
f 8328 8326 8497
f 8327 8326 8328
f 8327 8328 8329
f 8329 8328 8330
f 8332 8328 8497
f 8330 8328 8332
f 8497 8502 8332
f 8502 8334 8332
f 8331 8330 8332
f 7854 7995 7856
f 7856 7995 7994
f 7994 7857 7856
f 7991 7993 7992
f 7991 7990 8143
f 8135 8136 9263
f 9263 8136 8137
f 9263 9265 8135
f 9263 9264 9265
f 7990 9264 9263
f 8143 7990 9263
f 9263 8137 8143
f 8125 8127 8126
f 8126 7968 8125
f 8125 8124 8127
f 1513 8124 8125
f 8125 1514 1513
f 8125 7968 1514
f 8324 8134 8132
f 8132 8323 8324
f 8132 8134 8133
f 8133 8131 8130
f 8130 8132 8133
f 8323 8132 8130
f 8130 8131 8126
f 8322 8325 8324
f 8324 8323 8322
f 8323 8321 8322
f 8326 8325 8322
f 8495 8326 8322
f 8324 8325 8138
f 8138 8136 8324
f 8138 8325 8327
f 8137 8136 8138
f 8139 8137 8138
f 1516 7969 7970
f 7970 7971 1516
f 7969 7971 7970
f 7351 7490 7493
f 7495 7496 7493
f 7495 7497 7496
f 7493 7492 7495
f 7492 7497 7495
f 7502 7497 7500
f 7500 7497 7499
f 7491 9270 7492
f 7604 7605 7491
f 7605 9270 7491
f 7352 7353 7350
f 7352 7494 7353
f 7350 7349 7352
f 7349 7351 7352
f 7493 7494 7352
f 7352 7351 7493
f 7353 7494 7354
f 7253 7353 7354
f 7259 7364 7363
f 7496 7366 7358
f 7358 7366 7360
f 7481 7479 7480
f 7480 7483 7481
f 1524 7479 7481
f 7343 7481 7483
f 1524 7481 7343
f 7343 1525 1524
f 7346 7343 7483
f 7873 7849 7850
f 7850 7851 7872
f 7848 7851 7850
f 7850 7849 7848
f 7872 7874 7850
f 7850 7874 7873
f 7721 7849 7723
f 7720 7849 7721
f 7721 7718 7720
f 7723 7722 7721
f 7722 7718 7721
f 7873 7875 7876
f 7876 7849 7873
f 7723 7849 7876
f 7866 7865 7867
f 7867 7868 7866
f 8014 7868 7867
f 7867 7865 8010
f 8013 8014 7867
f 7739 7879 7881
f 7881 7883 7739
f 7739 7883 7740
f 7739 7740 7737
f 7877 7874 7880
f 7880 7874 7871
f 7880 7879 7877
f 7881 7879 7880
f 7859 7853 7855
f 7855 7858 7859
f 7857 7858 7855
f 7855 7853 7854
f 7854 7856 7855
f 7855 7856 7857
f 7507 7617 7618
f 7618 7619 7507
f 7611 7617 7610
f 7844 7845 7846
f 7846 7845 7847
f 7848 7720 7846
f 7846 7847 7848
f 7996 7997 7985
f 7985 7983 7986
f 7986 7987 7985
f 7985 7987 7996
f 7590 7593 7591
f 7712 7593 7590
f 7591 7475 7590
f 7475 7588 7590
f 7710 7707 7709
f 7710 7711 7707
f 7709 7839 7710
f 7713 7711 7710
f 7710 7841 7713
f 7710 7839 7841
f 7597 7714 7716
f 7595 7714 7597
f 7482 7483 7480
f 7480 7485 7482
f 7486 7482 7485
f 7600 7601 7486
f 7486 7485 7600
f 7716 7718 7717
f 7717 7718 7722
f 7717 7597 7716
f 1162 1064 1063
f 1063 1064 1013
f 1063 1062 1162
f 1162 1062 1163
f 1163 1062 1164
f 1163 1186 1162
f 1163 1164 1186
f 331 11 8
f 8 329 331
f 330 332 331
f 331 332 11
f 322 323 321
f 321 1429 322
f 1429 323 322
f 325 323 324
f 324 323 1429
f 324 1429 326
f 326 325 324
f 677 769 679
f 679 676 677
f 316 313 315
f 315 776 316
f 316 776 318
f 1546 1740 1738
f 1738 1755 1739
f 1547 1546 1738
f 1738 1739 1547
f 2141 2140 2272
f 2272 2140 2271
f 2403 2402 2401
f 2401 2402 2399
f 2399 2400 2401
f 2399 2402 2269
f 2266 2399 2269
f 2269 2264 2266
f 2271 2140 2270
f 2270 2402 2271
f 2270 2140 2263
f 2270 2269 2402
f 2263 2264 2270
f 2264 2269 2270
f 2403 2406 2404
f 2404 2402 2403
f 2404 2274 2402
f 2388 2265 2261
f 2265 2259 2261
f 2261 2259 2381
f 2268 2398 2266
f 2266 2267 2268
f 2397 2398 2268
f 2268 2267 2397
f 2283 2408 2284
f 2284 2408 2411
f 2420 2566 2567
f 2414 2566 2420
f 2420 2411 2413
f 2413 2414 2420
f 9375 2287 2290
f 2295 2296 2294
f 2294 2432 2295
f 2434 2299 2298
f 2298 2299 2297
f 2297 2295 2298
f 2298 2295 2432
f 2431 2432 2294
f 2784 2783 2782
f 2573 2576 2577
f 2573 2575 2574
f 2577 2575 2573
f 2574 2571 2573
f 2424 2423 2422
f 2574 2575 2422
f 2422 2575 2424
f 2419 2422 2423
f 2574 2422 2419
f 2425 2575 2577
f 2424 2575 2425
f 2290 2293 2292
f 2292 9375 2290
f 2296 9375 2292
f 2294 2296 2292
f 2292 2293 2294
f 2426 2425 2429
f 2424 2425 2426
f 2762 2759 2761
f 2381 2385 2382
f 2382 2385 2388
f 2382 2261 2381
f 2388 2261 2382
f 2392 2393 2390
f 2386 2540 2390
f 2390 2393 2391
f 2391 2386 2390
f 2533 2532 2531
f 2532 2528 2531
f 2531 2535 2533
f 2360 2659 2509
f 2859 2866 2858
f 2859 2857 2860
f 2558 2735 2736
f 2745 2746 2743
f 2746 2739 2743
f 2560 2557 2751
f 2751 2563 2560
f 2930 2929 2927
f 2926 2930 2927
f 2928 2729 2927
f 2927 2929 2928
f 2744 2934 2745
f 2745 2742 2744
f 2744 2742 2931
f 2931 2933 2744
f 2744 2935 2934
f 2744 2933 2935
f 2943 2947 2945
f 2940 2943 2938
f 2934 2935 2939
f 2940 2938 2939
f 2939 2941 2940
f 2725 2733 2547
f 2725 2731 2733
f 2547 2543 2725
f 2725 2543 2724
f 2724 2731 2725
f 2733 2731 2732
f 2735 2733 2732
f 2732 2736 2735
f 3818 3550 3817
f 3817 3550 3804
f 3817 3816 3818
f 3549 3550 3547
f 3804 3550 3549
f 3326 3548 3327
f 3327 3548 3329
f 3327 3329 3328
f 3328 3325 3327
f 3327 3324 3326
f 3327 3325 3324
f 3320 3544 3321
f 3321 3317 3320
f 3128 3129 3127
f 3129 2932 3127
f 3127 2932 2930
f 3127 3124 3128
f 2930 3124 3127
f 3335 3333 3563
f 3336 3334 3335
f 3334 3333 3335
f 3310 3316 3311
f 3115 3116 3111
f 3125 3124 3123
f 3123 3124 2926
f 2926 2925 3123
f 3312 3314 3125
f 3125 3123 3312
f 3312 3123 3122
f 3312 3313 3314
f 3312 3122 3311
f 3311 3313 3312
f 3316 3322 3315
f 3315 3313 3316
f 3315 3322 3340
f 3340 3313 3315
f 2727 2923 2728
f 2728 2729 2726
f 2728 2722 2727
f 2916 2920 2921
f 2921 2914 2916
f 2717 2721 2720
f 2721 2722 2720
f 2720 2718 2715
f 2720 2722 2718
f 9365 9362 3114
f 3110 3115 3111
f 2715 2535 2712
f 2535 2531 2712
f 2891 2716 2713
f 2713 2711 2709
f 2722 2728 2723
f 2718 2722 2723
f 2542 2719 2723
f 2723 2724 2542
f 2719 2718 2723
f 2723 2726 2724
f 2723 2728 2726
f 2007 2009 1892
f 1892 2009 1899
f 1891 1995 1888
f 1995 1887 1888
f 1887 1892 1888
f 1994 1887 1995
f 1891 1895 1889
f 1889 1895 1996
f 1884 1883 1996
f 1996 1895 1884
f 1884 1895 1883
f 1825 1824 1826
f 1895 1828 1826
f 1826 1827 1825
f 1826 1828 1827
f 1882 1824 1881
f 1881 1880 1882
f 2005 2004 2001
f 2001 2003 2005
f 2005 2003 2119
f 2117 2119 2003
f 2015 2014 2013
f 1899 2014 1896
f 9367 9368 2830
f 9368 2829 2830
f 2656 9367 2658
f 2658 2659 2656
f 9367 2659 2658
f 2256 2259 2260
f 2256 2260 2263
f 2263 2255 2256
f 2255 2257 2256
f 2224 2229 2228
f 2230 2233 2223
f 2223 2228 2230
f 2351 2349 2350
f 2234 2237 2354
f 2375 2372 2369
f 2369 2372 2370
f 2370 2372 2233
f 2247 2249 2125
f 2121 2125 2122
f 2121 2115 2247
f 2247 2125 2121
f 2136 2137 2251
f 2254 2138 2253
f 2253 2136 2251
f 2138 2136 2253
f 2371 2253 2251
f 2656 2657 2653
f 2653 9368 2656
f 2653 2651 9368
f 3015 2815 3014
f 3414 3013 3412
f 2792 2789 2975
f 2793 2789 2792
f 2792 2794 2793
f 2975 2977 2792
f 2977 2794 2792
f 2787 2789 2788
f 2788 2593 2787
f 2470 2624 1561
f 2468 2624 2470
f 2459 2458 2460
f 2596 2613 2597
f 2598 2597 2611
f 2611 2597 2613
f 2791 2789 2793
f 2467 2620 2468
f 2618 2620 2467
f 2285 2289 2286
f 2281 2282 2286
f 2286 2282 2285
f 2427 2423 2424
f 2427 2289 2423
f 2424 2426 2427
f 2427 2426 2293
f 2416 2282 2283
f 2283 2284 2416
f 2417 2289 2416
f 2289 2282 2416
f 2416 2423 2417
f 2416 2419 2423
f 2416 2284 2415
f 2415 2419 2416
f 2153 2154 2151
f 2149 2131 2145
f 2149 2125 2249
f 2149 2249 2132
f 2132 2131 2149
f 2128 2020 2129
f 2129 2020 2021
f 2013 2012 2129
f 2124 2128 2123
f 2124 2127 2128
f 2026 2028 1920
f 1855 1853 1938
f 1914 1918 1922
f 2159 2154 2158
f 2158 2287 2159
f 2154 2153 2158
f 2158 2286 2287
f 2281 2286 2158
f 2024 2150 2025
f 2025 2150 2027
f 2025 2021 2024
f 2025 2023 2021
f 2026 2023 2025
f 2152 2156 2027
f 2027 2150 2152
f 2152 2154 2159
f 2159 2156 2152
f 2151 2154 2152
f 2152 2150 2151
f 2157 2156 2159
f 2159 2160 2157
f 2027 2156 9378
f 9378 2160 2161
f 2156 2157 9378
f 9378 2157 2160
f 2297 2299 2302
f 2165 2163 2302
f 2305 2307 2171
f 2171 2169 2305
f 2305 2169 2170
f 2164 2167 2166
f 2303 2170 2168
f 2168 2167 2303
f 2168 2166 2167
f 2168 2169 2040
f 2170 2169 2168
f 2040 2039 2168
f 2039 2166 2168
f 2301 2300 2303
f 2303 2167 2301
f 2299 2300 2301
f 2301 2167 2165
f 2165 2302 2301
f 2301 2302 2299
f 2175 2172 2307
f 2307 2308 2175
f 2591 2593 2592
f 2590 2591 2592
f 2445 2442 2592
f 2447 2444 2445
f 3372 3161 3159
f 2065 2064 1972
f 2810 1964 1963
f 1960 2809 1963
f 1963 2809 2810
f 2807 2809 2806
f 2810 2809 2807
f 2807 2806 2997
f 2997 2810 2807
f 1743 1745 1744
f 9385 1742 1743
f 1744 1749 1743
f 1743 1749 9385
f 1741 1742 1753
f 1753 1742 9385
f 1765 1742 1741
f 1742 1765 1871
f 1871 1765 1870
f 1768 1872 1873
f 1768 1745 1968
f 1968 1872 1768
f 3641 2072 3643
f 1996 1883 2084
f 1834 1819 1820
f 1820 1833 1834
f 1902 1909 1906
f 1768 1767 1746
f 1746 1748 1768
f 1767 1748 1746
f 1775 1769 1773
f 1816 1817 1773
f 1773 1769 1816
f 1773 1774 1775
f 1772 1774 1773
f 1775 1748 1747
f 1747 1769 1775
f 1748 1769 1747
f 1785 1781 1838
f 1774 1837 1838
f 1838 1841 1785
f 1838 1837 1841
f 1775 1774 1777
f 1777 1781 1775
f 1774 1838 1777
f 1777 1838 1781
f 9385 1788 9384
f 1756 1753 9384
f 9384 1753 9385
f 9384 9382 1756
f 1751 1750 1779
f 1779 1750 1744
f 1744 1745 1779
f 1779 1745 1768
f 1768 1748 1779
f 1787 1788 1783
f 1783 1780 1787
f 1783 1788 1751
f 1751 1779 1783
f 1783 1779 1780
f 1775 1781 1782
f 1840 1841 1839
f 1839 1842 1840
f 1840 1842 1841
f 1841 1842 1843
f 1762 1761 1760
f 1789 1788 1787
f 2188 2060 2059
f 2059 2187 2188
f 3885 3886 3633
f 3885 1555 3632
f 3885 3633 1555
f 3611 3614 3613
f 3617 3619 3395
f 3395 3616 3617
f 3393 3616 3395
f 3396 3397 3394
f 3393 3395 3394
f 3394 3619 3396
f 3394 3395 3619
f 3399 3391 3392
f 3392 3397 3399
f 3392 3394 3397
f 3393 3394 3392
f 3389 3393 3392
f 3392 3390 3389
f 3391 3390 3392
f 3626 3629 3398
f 3398 3397 3396
f 3629 3401 3398
f 3398 3401 3397
f 3398 3621 3626
f 3398 3396 3621
f 3387 3180 3386
f 3386 3388 3387
f 3384 3383 3386
f 3386 3383 3388
f 3618 3616 3393
f 3393 3388 3618
f 3384 3386 3385
f 3385 3386 3180
f 3861 3604 3601
f 9354 3859 9353
f 9354 9353 9352
f 9352 3868 9354
f 3863 3859 9354
f 9354 3866 3863
f 3868 3866 9354
f 9353 3859 3858
f 3615 3614 3865
f 3867 3615 3865
f 3865 3866 3867
f 4130 4137 4136
f 4140 4490 4141
f 4141 4139 4140
f 4140 4139 4137
f 4488 4490 4140
f 4129 4488 4140
f 4130 4129 4140
f 4140 4137 4130
f 3617 3869 3620
f 3620 3619 3617
f 3622 3619 3620
f 3620 3623 3622
f 3880 3881 3882
f 3882 3625 3880
f 3627 3625 3882
f 2799 2622 2621
f 2799 2802 2622
f 2797 2617 2796
f 2619 2617 2797
f 2621 2619 2797
f 2797 2799 2621
f 2800 2799 2797
f 2978 3168 3169
f 3169 2979 2978
f 3177 3178 3176
f 3177 3179 3178
f 3176 3175 3177
f 3175 3385 3177
f 3180 3179 3177
f 3177 3385 3180
f 3403 3391 3399
f 3403 3404 3391
f 3405 3404 3403
f 45 44 42
f 42 48 45
f 45 47 46
f 45 48 47
f 38 41 40
f 40 41 42
f 2 43 44
f 2 4 43
f 80 47 79
f 79 47 49
f 79 78 80
f 49 78 79
f 15 335 17
f 20 18 17
f 19 20 17
f 17 18 16
f 6534 6536 6533
f 6533 6532 6534
f 6642 6643 6456
f 6456 6529 6530
f 6686 6643 6845
f 6685 6527 6686
f 6527 6529 6686
f 6686 6846 6685
f 6845 6846 6686
f 6528 6527 9291
f 6528 6529 6527
f 6528 9291 6588
f 6588 6538 6528
f 6538 6529 6528
f 6247 6248 6249
f 6249 6250 6247
f 6541 6477 6476
f 6476 6477 6479
f 6479 6474 6476
f 6473 6471 6466
f 6466 6533 6473
f 6473 6533 6536
f 6475 6536 6534
f 6534 6532 6475
f 6475 6473 6536
f 6474 6473 6475
f 6475 6476 6474
f 6941 6893 7070
f 7070 7069 6941
f 6894 6893 6941
f 6941 7069 6894
f 7067 7069 7070
f 8276 7068 7067
f 7068 7069 7067
f 7070 6993 7071
f 7071 6993 7065
f 6940 6888 6939
f 6939 6993 6940
f 6940 6993 6888
f 6887 6886 6885
f 6603 6606 6650
f 6605 6606 6603
f 6656 6657 6667
f 6648 8708 8705
f 6646 8708 6648
f 8709 8708 6646
f 6647 6648 6650
f 6650 6606 6647
f 6647 6606 6648
f 8730 8608 1627
f 1627 8726 8730
f 8730 8726 8727
f 8731 8608 8730
f 8730 8727 8731
f 8728 8725 8833
f 8727 8725 8728
f 8833 8832 8834
f 8832 8835 8834
f 1668 9075 1626
f 1626 1673 1668
f 1668 1673 1672
f 1672 1664 1668
f 6054 6261 6057
f 6057 6055 6054
f 5819 5823 5824
f 5824 6065 6066
f 5825 5826 5822
f 5819 5824 5822
f 5822 5824 5825
f 6390 6386 6385
f 6393 6392 6390
f 6385 6482 6390
f 6482 6393 6390
f 9322 4611 4588
f 4589 4611 9322
f 3491 3488 3490
f 5416 5413 5417
f 3936 3935 4247
f 4233 4231 4549
f 4549 4231 4225
f 5134 5407 5133
f 9324 4249 4248
f 4248 4560 9324
f 2820 3202 3204
f 2853 2857 2847
f 2529 2528 2527
f 2529 2531 2528
f 2875 2691 2874
f 2874 2873 2875
f 4581 4583 4584
f 4290 9326 4584
f 4618 4621 4620
f 4616 4618 4619
f 4290 4584 4289
f 4289 4584 4583
f 9363 3075 2910
f 3083 3084 3085
f 3085 2899 2897
f 3265 3084 3083
f 3083 3262 3265
f 3264 3267 3265
f 3265 3267 3084
f 3262 3481 3265
f 3946 3935 3938
f 3432 3210 3430
f 3347 3348 3346
f 3346 3563 3347
f 3136 3343 3344
f 3344 3343 3336
f 3336 3335 3344
f 3589 3570 3574
f 3589 3590 3570
f 3588 3590 3589
f 3354 3590 3588
f 3588 3355 3354
f 3353 3565 3354
f 3565 3590 3354
f 3354 3352 3353
f 3354 3355 3352
f 3593 3357 3591
f 3357 3355 3591
f 3591 3355 3588
f 3855 3585 3584
f 3583 3854 3584
f 3584 3854 3855
f 3584 3582 3583
f 3592 3594 3593
f 3593 3591 3592
f 3592 3591 3585
f 3592 3585 3855
f 3592 3856 3594
f 3592 3855 3856
f 3369 3370 3371
f 3372 3156 3369
f 3369 3371 3372
f 3359 3350 3356
f 4095 4091 4094
f 4094 4091 4093
f 4094 3819 4095
f 4094 3823 3819
f 3831 3830 3829
f 3830 3827 3829
f 4097 4451 4101
f 4450 4451 4097
f 4089 4450 4097
f 4093 4091 4092
f 4092 4096 4093
f 4092 4091 4089
f 4089 4097 4092
f 4092 4097 4096
f 3826 3827 3576
f 3576 3572 3826
f 3569 3567 3568
f 3841 3843 3842
f 3842 3843 3582
f 3842 3582 3579
f 3579 3578 3842
f 3842 3578 3841
f 4130 4136 4131
f 4131 3876 4134
f 4131 4136 3876
f 3844 9343 3846
f 9343 4132 3846
f 3846 3845 3844
f 4119 4481 4482
f 4482 4484 4485
f 4482 4120 4119
f 4485 4120 4482
f 4489 4491 4490
f 4123 4124 4125
f 4125 3840 4123
f 3841 3840 4125
f 4125 3843 3841
f 9343 3843 4125
f 4121 4124 4123
f 4120 4124 4121
f 4123 4122 4121
f 4118 4120 4121
f 4121 4114 4118
f 4121 4122 4114
f 4126 4132 9343
f 9343 4125 4126
f 4126 4125 4124
f 4135 3849 4134
f 4135 3850 3849
f 9352 3850 4135
f 4135 3873 9352
f 4423 4424 4422
f 4423 4417 4415
f 5050 4729 4728
f 4415 4414 9325
f 9325 4423 4415
f 4424 4423 9325
f 9325 4414 4727
f 4408 4407 4406
f 4063 4064 4065
f 4065 4066 4063
f 4064 4419 4065
f 4065 4419 4068
f 4067 4066 4065
f 4065 4068 4067
f 4054 4053 4049
f 3773 3514 3513
f 3503 3501 3281
f 3281 3282 3503
f 3509 3282 3281
f 3503 3495 3497
f 3497 3495 3750
f 3750 3753 3497
f 3508 3509 3505
f 3509 3502 3505
f 3505 3507 3508
f 3500 3502 3509
f 3509 3281 3500
f 3500 3281 3501
f 3500 3501 3499
f 3755 3502 3500
f 3500 3754 3755
f 3499 3754 3500
f 4000 3997 4002
f 3994 3993 4002
f 3744 3746 3743
f 3744 3743 4000
f 4000 4002 3744
f 3744 4002 4001
f 3999 3739 3998
f 3998 3997 3999
f 3740 3739 3999
f 3740 3741 3739
f 3999 4000 3740
f 4000 3741 3740
f 3749 3495 3494
f 3494 3495 3496
f 3496 3490 3494
f 3279 3280 3278
f 3278 3504 3279
f 3503 3280 3279
f 3279 3504 3503
f 3278 3277 3276
f 3276 3504 3278
f 3283 3288 3291
f 3283 3292 3278
f 3291 3292 3283
f 3278 3280 3283
f 3289 3288 3287
f 3089 3092 3088
f 3088 3092 3091
f 3088 3091 3087
f 3087 3086 3088
f 3088 3086 3089
f 3269 3086 3087
f 3087 3267 3269
f 3789 4073 9349
f 4073 4074 9349
f 9344 9346 9349
f 9349 4074 9344
f 4072 4071 4078
f 4078 4075 4072
f 4071 4432 4078
f 4078 4432 4079
f 3809 4076 4077
f 4076 4075 4077
f 4077 3810 3809
f 4080 3810 4077
f 4079 4080 4077
f 4077 4078 4079
f 4075 4078 4077
f 3521 3522 3784
f 4427 4071 4421
f 4427 4432 4071
f 4428 4432 4427
f 4421 4426 4427
f 4426 4428 4427
f 4107 4468 4469
f 4107 4467 4468
f 4107 4469 4108
f 4464 4467 4107
f 4108 4106 4107
f 4106 4464 4107
f 4462 4454 4455
f 4455 4454 4453
f 4460 4461 4458
f 4458 4457 4459
f 4459 4460 4458
f 4458 4455 4457
f 4458 4461 4462
f 4462 4455 4458
f 3807 3806 3808
f 9344 4076 3808
f 3808 4076 3809
f 3809 3807 3808
f 3804 3805 3814
f 3814 3817 3804
f 3814 3813 3815
f 3815 3816 3814
f 3816 3817 3814
f 3805 3807 3811
f 3811 3814 3805
f 3813 3814 3811
f 3812 3813 3811
f 3811 3810 3812
f 3811 3807 3810
f 5626 5637 5624
f 5630 5895 5904
f 5894 5895 5630
f 5637 5638 5639
f 5624 5637 5639
f 5639 5640 5624
f 5639 5638 5642
f 5639 5642 5641
f 5641 5640 5639
f 5347 9312 5649
f 5347 5621 9312
f 5347 5649 5348
f 5346 5621 5347
f 5348 5345 5347
f 5345 5346 5347
f 4792 5087 4794
f 4790 5087 4792
f 4791 4790 4792
f 4792 4793 4791
f 4795 4793 4792
f 4792 4794 4795
f 5082 5083 5084
f 5083 5087 5084
f 5084 4771 5082
f 5085 4771 5084
f 4503 4492 4497
f 4497 4492 4494
f 4497 4499 4502
f 4502 4503 4497
f 4497 4494 4496
f 4497 4496 4498
f 4498 4499 4497
f 3888 3890 3891
f 3888 3891 3634
f 3634 3886 3888
f 9342 9341 4145
f 9341 4139 4145
f 4151 3890 4144
f 4143 4146 4144
f 4144 4146 4151
f 4151 4146 4149
f 4149 4150 4151
f 4149 4146 4148
f 4149 4503 4156
f 4148 4503 4149
f 4147 4492 4148
f 4147 4491 4492
f 4147 4146 4143
f 4148 4146 4147
f 4143 4490 4147
f 4490 4491 4147
f 4747 4457 4748
f 4748 4745 4747
f 4442 4441 4443
f 4444 4442 4443
f 4443 4750 4444
f 6097 5902 6099
f 5902 5901 6099
f 6099 5901 5868
f 5868 6093 6099
f 6099 6094 6097
f 6093 6094 6099
f 9302 5869 5868
f 5868 5901 9302
f 5872 5871 9302
f 9302 5871 5869
f 9302 5899 5872
f 9302 5901 5899
f 5605 5885 5886
f 5605 5604 5885
f 5603 5604 5605
f 5886 5606 5605
f 5605 5607 5603
f 5606 5607 5605
f 5316 5025 5315
f 5315 5312 5316
f 5616 5618 5620
f 5615 5614 5609
f 5615 5606 5886
f 5615 5609 5606
f 5615 5616 5614
f 5891 5618 5888
f 5891 5623 5618
f 5891 5888 5890
f 5620 5618 5619
f 5618 5623 5619
f 5619 5623 5622
f 5619 5621 5620
f 5619 5622 5621
f 5890 5888 5889
f 5888 5887 5889
f 5889 5884 9308
f 5889 5887 5885
f 5885 5884 5889
f 5889 5893 5890
f 9308 5893 5889
f 6064 5831 5557
f 5832 5831 5830
f 5830 5831 6266
f 5836 5837 5560
f 5836 5840 5837
f 6066 5555 5828
f 5828 5824 6066
f 5825 5824 5828
f 5828 5829 5825
f 5555 5829 5828
f 5290 5286 5291
f 5291 5286 5285
f 5838 5837 5839
f 5838 5563 5837
f 5280 5555 5559
f 5032 4710 4709
f 5043 5323 5044
f 5323 5325 5044
f 5328 5045 5044
f 5327 5328 5044
f 5044 5325 5327
f 5275 5276 4996
f 5275 5274 5276
f 4996 4998 5275
f 5547 5274 5270
f 4985 4991 4988
f 6259 9299 6256
f 6259 6260 6261
f 6256 6258 6259
f 6258 6260 6259
f 6056 6055 6057
f 6266 6061 6056
f 5846 5848 5847
f 5847 5852 5846
f 5854 5852 5847
f 5847 5851 5854
f 5308 5590 5307
f 5590 5309 5307
f 5307 5309 5310
f 5310 5312 5313
f 5313 5312 5315
f 5291 5569 5292
f 5296 5302 5299
f 5843 5842 5575
f 5575 5572 5843
f 5849 6079 6081
f 5851 5847 5849
f 5848 6079 5849
f 5849 5847 5848
f 6077 6078 6074
f 6075 6073 6074
f 6080 6271 6272
f 6272 6083 6080
f 6083 6081 6080
f 6081 6079 6080
f 6080 6079 6077
f 6077 6271 6080
f 5833 6265 6069
f 5833 6074 6073
f 6057 6265 5833
f 5833 6058 6057
f 8452 8605 9262
f 8602 8605 8452
f 9262 8271 8452
f 8452 8271 8602
f 8450 8603 8451
f 8116 8117 8269
f 8269 8450 8270
f 8826 8918 1665
f 1665 8604 8826
f 9257 8605 8602
f 8622 8623 8625
f 8625 8626 8622
f 8476 8473 8470
f 8469 8467 8470
f 8755 8632 8753
f 8753 8756 8755
f 8759 8757 8866
f 8866 8868 8759
f 8525 8526 8524
f 8669 8668 8771
f 8673 8669 8771
f 8771 8773 8673
f 8772 8773 8771
f 8769 8868 8772
f 8769 8759 8868
f 8619 8618 8740
f 5662 6758 5918
f 5662 5660 6758
f 5661 5377 6723
f 6723 6749 6722
f 3893 4162 4167
f 4167 4168 3893
f 2063 2064 2065
f 2997 2806 2994
f 2994 2806 4173
f 4173 3900 2994
f 4185 3637 4181
f 4185 4181 4183
f 4176 4175 4166
f 4176 4166 4165
f 4165 9334 4176
f 4177 9333 4179
f 4179 4178 4177
f 4180 4178 4179
f 9315 4160 5918
f 4511 6815 4512
f 4183 4513 4515
f 4515 4513 4514
f 7089 7090 7001
f 7089 6995 6997
f 6997 7087 7089
f 7089 7087 7090
f 7001 7000 7089
f 9279 6995 7089
f 7089 7000 9279
f 7007 6945 6943
f 7007 7010 6945
f 7008 7010 7007
f 7007 7001 7008
f 7002 7005 7004
f 7002 6942 7005
f 6998 7000 7002
f 6812 6810 6809
f 6806 6808 6809
f 6809 6810 6806
f 6805 6859 6806
f 6859 6808 6806
f 6806 6853 6805
f 5918 6757 5920
f 5920 9315 5918
f 5920 4164 4160
f 4160 9315 5920
f 6760 6757 6756
f 6755 6757 6758
f 6755 6750 6751
f 6755 6758 6750
f 6996 7087 6995
f 7082 7087 6996
f 6996 6995 7075
f 7075 7082 6996
f 7192 7083 7085
f 7085 7083 7084
f 7085 7084 7189
f 7180 7187 7181
f 7181 7190 7180
f 7187 7190 7181
f 7009 7010 7008
f 7009 7011 7010
f 7093 7011 7009
f 7009 7091 7093
f 7008 7088 7009
f 7088 7091 7009
f 7012 7016 7014
f 7012 6949 7013
f 7014 6949 7012
f 7013 7011 7012
f 7011 7016 7012
f 6817 6867 4514
f 7189 7095 7094
f 7094 7020 7019
f 7094 7095 7020
f 7092 7016 7093
f 7092 7018 7016
f 7092 7093 7192
f 7192 7018 7092
f 1258 1256 1257
f 1257 1255 1334
f 1334 1258 1257
f 1196 1194 1237
f 1237 1256 1196
f 1196 1256 1258
f 1195 1194 1196
f 1196 1151 1195
f 1196 1150 1151
f 1234 1197 1235
f 1258 1259 1235
f 1197 1150 1235
f 592 591 594
f 1435 594 1433
f 1437 592 1435
f 1435 592 594
f 609 1434 610
f 610 607 609
f 836 606 608
f 608 610 836
f 607 610 608
f 854 856 855
f 1422 1420 854
f 1420 856 854
f 1108 1106 1105
f 1118 1116 1105
f 1103 1118 1105
f 1105 1104 1103
f 1105 1106 1104
f 116 89 91
f 116 118 89
f 116 91 92
f 92 113 116
f 113 114 116
f 116 114 115
f 115 117 116
f 117 118 116
f 125 123 124
f 121 118 119
f 82 83 84
f 84 125 82
f 123 125 84
f 84 121 123
f 85 83 80
f 75 88 85
f 50 48 38
f 50 38 52
f 48 50 51
f 52 53 51
f 51 50 52
f 49 48 51
f 51 78 49
f 670 668 671
f 651 668 670
f 671 771 673
f 654 668 652
f 652 668 651
f 404 655 417
f 417 655 418
f 417 418 401
f 129 194 127
f 130 194 129
f 1492 1491 1490
f 1490 131 1492
f 1492 1494 1491
f 1492 1493 1494
f 1448 1449 1446
f 1448 1446 586
f 586 583 1448
f 582 581 580
f 582 583 581
f 582 1448 583
f 815 885 882
f 882 881 815
f 931 881 882
f 1021 1020 1022
f 1021 1169 1168
f 1021 1022 1169
f 1020 1021 1055
f 809 808 737
f 809 890 889
f 889 808 809
f 299 300 287
f 299 160 158
f 299 158 300
f 8639 8638 8640
f 8640 8641 8639
f 8642 8641 8640
f 8640 8638 8644
f 8521 8520 8522
f 8520 8519 8522
f 8650 8649 8658
f 8510 8506 8508
f 8149 8151 8150
f 8483 8484 8482
f 8482 8480 8483
f 8500 8484 8483
f 8483 8641 8500
f 8483 8480 8639
f 8639 8641 8483
f 8507 8505 8643
f 8644 8507 8643
f 8643 8640 8644
f 8642 8640 8643
f 8500 8501 8498
f 8498 8499 8500
f 8498 8501 8502
f 8494 8499 8498
f 8502 8496 8498
f 8498 8496 8494
f 8474 8479 8296
f 8474 8295 8472
f 8474 8296 8295
f 8472 8473 8474
f 8474 8473 8475
f 8475 8479 8474
f 8625 8754 8631
f 8631 8626 8625
f 8631 8754 8632
f 8632 8630 8631
f 8300 8298 8490
f 8490 8298 8297
f 8297 8489 8490
f 7534 7537 7538
f 7655 7656 7651
f 7771 7903 7905
f 7648 7774 7649
f 7901 7898 7900
f 7648 7647 7645
f 8028 8040 8181
f 8020 8022 8021
f 8025 8164 8165
f 8023 8164 8025
f 8023 8019 8163
f 8163 8164 8023
f 8164 8163 8159
f 7735 7733 7736
f 7734 7733 7735
f 7735 7736 7620
f 7735 7620 7621
f 7621 7619 7735
f 7618 7734 7735
f 7735 7619 7618
f 7885 8014 8013
f 7761 7642 7762
f 7764 7763 7762
f 7762 7642 7764
f 7753 7763 7752
f 7752 7754 7753
f 7753 7762 7763
f 7756 7762 7753
f 7891 7883 7888
f 7888 7883 7884
f 7891 7893 7892
f 7892 7893 7754
f 7742 7891 7892
f 7892 7743 7742
f 7321 7317 7439
f 7321 7323 7317
f 7439 7441 7321
f 7321 7441 7322
f 7213 7319 7212
f 7215 7214 7216
f 7213 7212 7215
f 7317 7323 7320
f 7320 7214 7317
f 7323 7214 7320
f 7434 7545 7547
f 7434 7438 7435
f 7435 7438 7437
f 7433 7434 7435
f 7440 7438 7444
f 7442 7440 7444
f 7444 7443 7442
f 7327 7326 7442
f 7327 7325 7326
f 7442 7443 7447
f 7447 7327 7442
f 9271 7327 7447
f 7657 7658 7660
f 7656 7655 7660
f 7660 7655 7657
f 7550 7660 7551
f 8676 8784 8678
f 8776 8773 8772
f 8873 8875 8876
f 9080 9081 1661
f 8938 8937 8939
f 8964 8839 8838
f 8576 8580 8581
f 8577 8578 8579
f 8577 8580 8576
f 5715 5434 5435
f 8709 9288 8711
f 8710 8709 8711
f 9288 6600 8711
f 8711 6600 8716
f 8716 8570 8711
f 8717 8570 8716
f 8572 8570 8717
f 8712 8713 8710
f 8710 8711 8712
f 8712 8711 8570
f 8712 8568 8565
f 8570 8568 8712
f 6554 6609 6552
f 6609 6551 6552
f 6551 6504 6552
f 6610 6606 6605
f 6596 6598 6554
f 6554 6597 6596
f 6596 6597 6598
f 6598 6597 6599
f 6599 6600 6598
f 8716 6600 6599
f 6599 6597 9289
f 9289 8717 6599
f 6599 8717 8716
f 6554 6598 6550
f 6598 6608 6550
f 6550 6609 6554
f 6550 6608 6609
f 6495 6493 6494
f 6557 6555 6554
f 6557 6504 6501
f 6554 6552 6557
f 6557 6552 6504
f 6591 6590 6593
f 8718 6590 6591
f 6591 8578 8718
f 6591 6548 8578
f 6546 8579 6592
f 8691 8694 8695
f 8805 8694 8693
f 8693 8694 8691
f 8565 8568 8563
f 8563 8568 8564
f 8561 8564 8397
f 8574 8573 8578
f 8567 8573 8574
f 8578 8403 8574
f 8574 8403 8567
f 8392 8554 8555
f 8555 8558 8392
f 8687 8685 8684
f 8560 8695 8561
f 8789 8797 8796
f 8678 8794 8793
f 8785 8794 8783
f 8215 8217 8219
f 8393 8392 8558
f 8192 8188 8191
f 8187 8192 8054
f 8188 8192 8187
f 8191 8188 8190
f 8675 8676 8674
f 8678 8793 8681
f 4845 5930 5673
f 4268 4575 4574
f 7151 7277 7155
f 7155 7277 7278
f 1535 1536 7155
f 1536 7151 7155
f 7155 7156 1535
f 7155 7278 7156
f 7276 7277 7154
f 7276 7154 7153
f 7153 7274 7276
f 7276 7274 7275
f 7275 7279 7276
f 7166 7277 7276
f 7276 7279 7166
f 7164 9275 7162
f 7164 7168 9275
f 7166 7168 7164
f 7162 7165 7164
f 7278 7166 7164
f 7164 7165 7278
f 7519 7516 7520
f 7516 7518 7520
f 7520 7525 7519
f 7526 7525 7520
f 7520 7518 7526
f 7523 7527 7524
f 7524 7527 7526
f 7524 7518 7523
f 7526 7518 7524
f 7408 7410 7407
f 7408 7407 7303
f 7371 7370 7502
f 7502 7372 7371
f 7371 7372 7370
f 7381 7383 7382
f 7382 7379 7380
f 7380 7388 7382
f 7382 7388 7381
f 7521 7522 7519
f 7519 7392 7521
f 7521 7392 7522
f 7391 7522 7393
f 7522 7392 7393
f 7211 7114 7210
f 7210 7319 7211
f 7118 7113 7115
f 7210 7114 7115
f 7111 7110 7108
f 7119 7113 7118
f 7231 7129 7232
f 7122 7120 7232
f 7304 7305 7306
f 7306 7309 7304
f 7306 7307 7308
f 7109 7035 7034
f 7108 7110 7109
f 7123 7120 7122
f 7203 9273 7206
f 7204 9273 7203
f 7108 7204 7203
f 7206 7111 7203
f 7203 7111 7108
f 7197 7199 7196
f 7303 7302 7405
f 7404 7408 7405
f 7405 7408 7303
f 7405 7400 7404
f 7406 7400 7405
f 7405 7302 7406
f 7105 7032 7104
f 7028 7100 7104
f 7100 7101 7104
f 7028 7104 7029
f 7029 7104 7032
f 7106 7105 7107
f 7106 7033 7105
f 7106 7107 7108
f 7108 7109 7106
f 7034 7033 7106
f 7106 7109 7034
f 6961 6953 6958
f 6958 6964 6961
f 6958 6953 7027
f 6952 7025 7027
f 7027 6953 6952
f 9280 7025 6952
f 6952 6953 9280
f 6904 6905 6901
f 6963 6962 6901
f 6901 6962 6961
f 6902 6899 6901
f 6951 6963 6901
f 6901 6899 6951
f 6861 6858 6860
f 6860 6907 6861
f 6860 6858 6902
f 7128 7129 7053
f 7053 7051 7128
f 7128 7232 7129
f 7053 6980 7052
f 7052 7051 7053
f 7216 7323 7218
f 7221 7441 7326
f 7221 7220 7441
f 7326 7325 7221
f 7329 7327 7328
f 7328 7327 9271
f 9277 7129 7130
f 7053 7129 9277
f 7057 4808 7056
f 5106 7064 5105
f 7061 7064 5106
f 5106 6985 7061
f 6984 7059 7058
f 2812 3650 3004
f 3004 3650 3653
f 2492 2346 2490
f 2492 2349 2346
f 5672 5127 5671
f 4548 5395 4219
f 5392 4548 5390
f 5390 4548 4540
f 5394 5395 5393
f 3641 3637 3644
f 7264 7365 7368
f 7368 7265 7264
f 7266 7263 7264
f 7264 7265 7266
f 7386 7384 7385
f 7387 7386 7385
f 7385 7381 7387
f 7385 7383 7381
f 7385 7384 7383
f 7292 7289 7288
f 7288 7291 7292
f 7292 7184 7293
f 7185 7184 7292
f 7292 7297 7185
f 7292 7291 7297
f 7194 7297 7195
f 7195 7101 7194
f 7194 7101 7099
f 7194 7099 7185
f 7185 7297 7194
f 7195 7196 7201
f 7196 7199 7201
f 7199 7202 7201
f 7201 7202 7107
f 7299 7196 7195
f 7195 7296 7299
f 7195 7297 7298
f 7298 7296 7195
f 7297 7296 7298
f 7295 7299 7296
f 7296 7294 7295
f 7283 7287 7284
f 7287 7286 7284
f 7284 7281 7283
f 7284 7286 7281
f 7174 7173 7172
f 7173 7169 7172
f 7172 7169 7171
f 7171 9274 7172
f 7426 7410 7424
f 7409 7410 7411
f 7409 7424 7410
f 7413 7409 7411
f 7416 7424 7413
f 7424 7409 7413
f 7308 7307 7311
f 7311 7310 7308
f 7752 7751 7749
f 7622 7619 7621
f 7621 7746 7622
f 7748 7749 7750
f 7748 7622 7746
f 7623 7622 7748
f 7630 7767 7635
f 7394 7390 7391
f 7402 7283 7394
f 7394 7283 7387
f 7387 7390 7394
f 7396 7398 7400
f 7397 7398 7396
f 7396 7392 7397
f 7396 7393 7392
f 7400 7403 7401
f 7401 7396 7400
f 7399 7396 7401
f 7401 7403 7406
f 7401 7295 7294
f 7299 7295 7401
f 7402 7399 7401
f 7401 7287 7402
f 7401 7294 7287
f 7835 7842 7840
f 7840 7836 7835
f 7842 7841 7840
f 7841 7839 7840
f 8003 8005 8004
f 8004 8005 8006
f 8004 7863 8003
f 8006 8005 8152
f 8152 8005 8151
f 8154 8006 8152
f 8327 8329 8140
f 8140 8138 8327
f 8139 8138 8140
f 8002 8001 8145
f 7859 7858 7860
f 7869 7859 7860
f 7860 7868 7869
f 7866 7868 7860
f 7861 7865 7866
f 7866 7860 7861
f 7861 7860 7858
f 7989 7987 7988
f 7989 7988 7990
f 7990 7991 7989
f 7992 7987 7989
f 7989 7991 7992
f 7998 7994 7999
f 7994 7993 7999
f 8126 8128 8129
f 8129 8130 8126
f 8323 8130 8129
f 8129 8321 8323
f 8316 8317 8320
f 8320 8317 8318
f 8320 8128 8316
f 8320 8129 8128
f 8321 8129 8320
f 8495 8322 8319
f 8319 8322 8321
f 8319 8494 8495
f 8319 8320 8318
f 8321 8320 8319
f 8318 8493 8319
f 8319 8493 8494
f 7499 7615 7503
f 7503 7500 7499
f 7504 7372 7503
f 7503 7372 7502
f 7502 7500 7503
f 7364 7254 7355
f 7355 7363 7364
f 7355 7254 7255
f 7355 7255 7253
f 7253 7354 7355
f 7355 7354 7356
f 7356 7363 7355
f 7496 7358 7357
f 7493 7496 7357
f 7357 7494 7493
f 7357 7358 7356
f 7357 7354 7494
f 7356 7354 7357
f 7345 7249 7248
f 7345 7348 7249
f 7730 7876 7875
f 8017 8016 8161
f 8161 8163 8017
f 8017 8163 8019
f 8017 8019 8020
f 9268 7868 8014
f 9268 7871 7869
f 7869 7868 9268
f 8012 7867 8010
f 8013 7867 8012
f 8012 8016 8013
f 8161 8016 8012
f 7615 7614 7505
f 7506 7504 7505
f 7504 7503 7505
f 7505 7503 7615
f 7606 7605 7607
f 7606 9270 7605
f 7607 7608 7609
f 7609 7606 7607
f 7608 7610 7609
f 7499 9270 7613
f 7613 7615 7499
f 7613 7614 7615
f 9270 7606 7613
f 7606 7609 7613
f 7616 7614 7617
f 7617 7507 7616
f 7506 7505 7616
f 7616 7505 7614
f 7616 7508 7506
f 7616 7507 7508
f 7724 7725 7722
f 7727 7725 7724
f 7724 7722 7723
f 7607 7602 7726
f 7602 7725 7726
f 7726 7725 7727
f 7726 7608 7607
f 7726 7727 7608
f 7719 7718 7716
f 7844 7846 7719
f 7720 7718 7719
f 7719 7846 7720
f 7716 7715 7719
f 7719 7715 7844
f 7983 7985 7984
f 7843 7842 7984
f 7842 7983 7984
f 7984 7845 7843
f 7997 7845 7984
f 7984 7985 7997
f 7589 7711 7712
f 7712 7590 7589
f 7587 7707 7589
f 7707 7711 7589
f 7589 7588 7587
f 7589 7590 7588
f 7487 7351 7349
f 7488 7601 7604
f 7488 7486 7601
f 7488 7487 7486
f 7722 7725 7598
f 7598 7717 7722
f 7602 7599 7598
f 7598 7725 7602
f 7598 7599 7596
f 7597 7717 7598
f 7596 7595 7598
f 7595 7597 7598
f 309 312 311
f 314 312 773
f 773 315 314
f 314 315 313
f 773 312 772
f 772 771 671
f 310 771 772
f 309 310 772
f 772 312 309
f 774 315 773
f 776 315 774
f 773 775 774
f 774 775 776
f 316 318 317
f 317 318 319
f 320 319 778
f 319 318 778
f 663 320 778
f 778 664 663
f 777 776 665
f 777 318 776
f 777 778 318
f 665 664 777
f 664 778 777
f 665 776 667
f 776 775 667
f 667 775 773
f 1740 1741 1752
f 1752 1738 1740
f 1755 1738 1752
f 2271 2274 2273
f 2273 2272 2271
f 2274 2275 2273
f 2141 2272 2273
f 2283 2282 2280
f 2407 2404 2406
f 2407 2408 2283
f 2406 2408 2407
f 2276 2275 2274
f 2412 2284 2411
f 2415 2284 2412
f 2159 2287 9374
f 2287 9375 9374
f 9374 2160 2159
f 9374 9375 2296
f 2428 2431 2294
f 2428 2426 2429
f 2294 2293 2428
f 2293 2426 2428
f 2783 2591 2781
f 2781 2782 2783
f 2779 2782 2781
f 2435 2587 2437
f 2758 2759 2763
f 2763 2759 2762
f 2576 2573 2572
f 2572 2573 2571
f 2418 2419 2415
f 2420 2419 2418
f 2415 2412 2418
f 2411 2420 2418
f 2418 2412 2411
f 2574 2419 2421
f 2421 2419 2420
f 2421 2571 2574
f 2421 2420 2567
f 2567 2571 2421
f 2429 2425 2579
f 2579 2425 2577
f 2760 2761 2759
f 2945 2761 2760
f 2762 2761 2952
f 2526 2528 2532
f 2538 2545 2392
f 2541 2545 2538
f 2538 2534 2541
f 2532 2534 2538
f 2387 2385 2384
f 2384 2386 2387
f 2381 2380 2518
f 2523 2540 2386
f 2386 2384 2523
f 2523 2384 2522
f 2392 2390 2539
f 2539 2390 2540
f 2539 2538 2392
f 2532 2538 2539
f 2539 2526 2532
f 2540 2526 2539
f 2515 2509 2363
f 2656 2360 2504
f 2504 2657 2656
f 3015 3014 2641
f 2864 2858 2866
f 2669 2670 2668
f 2853 2844 3042
f 2869 2873 2866
f 2862 2860 3045
f 2558 2736 2559
f 2559 2736 2739
f 2559 2751 2558
f 2559 2739 2751
f 2740 2743 2739
f 2741 2742 2740
f 2740 2742 2745
f 2745 2743 2740
f 2405 2406 2403
f 2405 2409 2406
f 2403 2401 2405
f 2405 2401 2400
f 2557 2560 2556
f 2555 2557 2556
f 3135 2941 3133
f 3136 3135 3133
f 3133 3131 3136
f 3132 3129 3133
f 3129 3131 3133
f 2924 2923 2925
f 2924 2925 2926
f 2926 2927 2924
f 2924 2728 2923
f 2924 2927 2729
f 2729 2728 2924
f 2937 2938 2754
f 2754 2938 2755
f 2570 2571 2567
f 2567 2569 2570
f 2570 2569 2758
f 2758 2572 2570
f 2570 2572 2571
f 2567 2566 2568
f 2568 2569 2567
f 2568 2566 2564
f 3134 2939 2935
f 2941 2939 3134
f 3134 2935 3132
f 3132 3133 3134
f 3134 3133 2941
f 2936 2938 2937
f 2936 2939 2938
f 2937 2747 2936
f 2936 2747 2934
f 2934 2939 2936
f 2922 2920 3121
f 2920 3120 3121
f 3121 2925 2922
f 3121 3123 2925
f 3121 3120 3122
f 3122 3123 3121
f 2893 9364 2892
f 9362 9364 2893
f 2887 2885 2886
f 2888 2887 3074
f 2885 2887 2888
f 2706 2885 2888
f 2888 2707 2706
f 3112 3114 9361
f 9362 9363 9361
f 9361 3114 9362
f 9363 2910 9361
f 2876 2877 2703
f 2883 2885 2706
f 2715 2712 2714
f 2714 2712 2711
f 2711 2713 2714
f 2714 2720 2715
f 2717 2720 2714
f 2714 2716 2717
f 2714 2713 2716
f 2000 1892 1887
f 1887 1994 2000
f 1890 1892 1891
f 1891 1888 1890
f 1890 1888 1892
f 1891 1889 1886
f 1886 1889 1996
f 1886 1995 1891
f 1996 1995 1886
f 1894 1828 1895
f 1894 1895 1891
f 1883 1895 1885
f 1895 1826 1885
f 1885 1826 1824
f 1885 1882 1883
f 1824 1882 1885
f 2003 2001 2002
f 2002 2117 2003
f 2011 2008 2005
f 2005 2119 2011
f 2010 2008 2011
f 2011 2119 2123
f 2011 2012 2010
f 2123 2128 2011
f 2011 2129 2012
f 2128 2129 2011
f 2123 2119 2120
f 2119 2117 2120
f 2120 2124 2123
f 2122 2124 2120
f 2114 2121 2120
f 2120 2121 2122
f 2014 2015 1913
f 1913 2016 2014
f 2014 2016 1898
f 1898 1896 2014
f 1898 1913 1900
f 2016 1913 1898
f 1898 1894 1896
f 1893 1892 1899
f 1899 1896 1893
f 1891 1892 1893
f 1893 1894 1891
f 1896 1894 1893
f 2647 2829 2650
f 2650 2646 2647
f 2359 2659 9367
f 2359 2509 2659
f 2508 2509 2359
f 2829 2647 2828
f 2510 2513 2511
f 2511 2509 2510
f 2510 2509 2508
f 2682 2687 9370
f 2687 2695 9370
f 9370 2510 2508
f 2682 9370 2679
f 2679 9370 2681
f 2231 2369 2230
f 2230 2228 2231
f 2231 2228 2229
f 2224 2228 2222
f 2220 2223 2233
f 2221 2223 2220
f 2233 2234 2220
f 2220 2234 2354
f 2353 2351 2352
f 2352 2222 2353
f 2353 2222 2228
f 2353 2220 2354
f 2221 2220 2353
f 2354 2349 2353
f 2349 2351 2353
f 2353 2223 2221
f 2228 2223 2353
f 2372 2375 2376
f 2254 2253 2376
f 2376 2257 2254
f 2376 2375 2257
f 2230 2369 2232
f 2369 2370 2232
f 2232 2233 2230
f 2232 2370 2233
f 2114 2115 2244
f 2244 2121 2114
f 2115 2121 2244
f 2106 2110 2111
f 2248 2137 2133
f 2275 2276 9376
f 2139 2136 2138
f 2139 2140 2141
f 2139 2138 2140
f 2133 2137 2135
f 2137 2136 2135
f 2141 2142 2135
f 2135 2139 2141
f 2136 2139 2135
f 2113 2238 2115
f 2247 2115 2243
f 2115 2238 2243
f 2111 2110 2236
f 2354 2237 2236
f 2237 2234 2236
f 2239 2236 2235
f 2111 2236 2239
f 2239 2113 2111
f 2238 2113 2239
f 2373 2371 2372
f 2253 2371 2373
f 2372 2376 2373
f 2373 2376 2253
f 2242 2371 2374
f 2097 2095 2206
f 2206 2207 2097
f 2094 2095 2096
f 2094 1992 2091
f 2094 2092 2335
f 2091 2092 2094
f 2651 2653 2643
f 2643 2642 3013
f 3004 2815 3005
f 3005 2812 3004
f 2636 2492 2634
f 2634 2812 2636
f 2636 2812 2818
f 2636 2495 2494
f 3010 3009 3199
f 3927 3657 3931
f 4216 4548 4219
f 3013 3014 2816
f 2816 3014 2815
f 2816 3412 3013
f 2815 3412 2816
f 3651 3412 3410
f 3410 2815 3004
f 3410 3412 2815
f 2461 2472 2459
f 2459 2460 2461
f 2461 2460 2609
f 2608 2458 1562
f 2608 2460 2458
f 2454 2319 2317
f 2317 2319 2186
f 2465 2614 2615
f 2618 2467 2615
f 2615 2467 2465
f 2612 2465 2464
f 2612 2614 2465
f 2464 2610 2612
f 2612 2610 2611
f 2613 2614 2612
f 2612 2611 2613
f 2616 2791 2793
f 2616 2615 2614
f 2616 2614 2613
f 2613 2791 2616
f 2618 2615 2616
f 2616 2619 2618
f 2793 2619 2616
f 2790 2613 2596
f 2790 2791 2613
f 2596 2788 2790
f 2790 2788 2789
f 2789 2791 2790
f 2290 2287 2288
f 2287 2286 2288
f 2288 2286 2289
f 2147 2153 2151
f 2151 2148 2147
f 2148 2149 2147
f 2147 2149 2145
f 2153 2147 9377
f 9377 2145 2146
f 9377 2147 2145
f 2130 2149 2148
f 2130 2148 2024
f 2024 2020 2130
f 2130 2020 2127
f 2127 2149 2130
f 2126 2149 2127
f 2125 2149 2126
f 2122 2125 2126
f 2126 2124 2122
f 2127 2124 2126
f 2013 2129 2018
f 1919 2023 2026
f 2026 1920 1919
f 1919 1920 1918
f 1918 1920 1921
f 1921 1920 2031
f 1921 1922 1918
f 2031 2032 1921
f 2035 2163 2036
f 2161 2163 2035
f 2036 2164 2035
f 2164 2032 2035
f 2031 1920 2035
f 2035 2032 2031
f 1854 1938 1853
f 2038 2039 2040
f 2281 2158 2155
f 2155 2158 2153
f 2153 9377 2155
f 2162 9378 2161
f 2040 2169 2044
f 2044 2169 2171
f 2306 2438 2443
f 2443 2308 2306
f 2307 2305 2306
f 2306 2308 2307
f 2440 2438 2437
f 2437 2587 2440
f 2303 2300 2436
f 2437 2438 2436
f 2436 2435 2437
f 2436 2300 2434
f 2434 2435 2436
f 2034 2032 2164
f 2443 2442 2310
f 2310 2308 2443
f 2310 2442 2444
f 2444 2308 2310
f 2313 2311 2449
f 2309 2308 2444
f 2444 2311 2309
f 2309 2175 2308
f 2309 2311 2176
f 2176 2175 2309
f 2446 2311 2444
f 2444 2447 2446
f 2446 2447 2448
f 2446 2448 2449
f 2449 2311 2446
f 2174 2175 2176
f 2590 2592 2441
f 2441 2592 2442
f 2448 2447 2595
f 2596 2597 2595
f 2598 2448 2595
f 2595 2597 2598
f 3158 3156 3372
f 3372 3159 3158
f 1973 1875 1874
f 1961 1963 1964
f 1961 1871 1959
f 1960 1963 1961
f 1961 1959 1960
f 1958 1740 1608
f 1608 1957 1958
f 1958 1957 1960
f 1960 1959 1958
f 1870 1765 1869
f 1869 1871 1870
f 1959 1871 1869
f 1869 1765 1741
f 1741 1764 1869
f 1869 1958 1959
f 2065 1972 1971
f 1972 1973 1971
f 1874 1873 1971
f 1971 1973 1874
f 1874 1767 1815
f 1815 1873 1874
f 1766 1767 1768
f 1768 1873 1766
f 1967 1968 1969
f 1745 1743 1969
f 1969 1968 1745
f 1966 1968 1967
f 2066 1968 1966
f 1970 2066 2065
f 1970 1968 2066
f 2065 1971 1970
f 1970 1971 1873
f 1970 1873 1872
f 1872 1968 1970
f 1879 1881 1823
f 1823 1821 1879
f 1883 1882 2086
f 1996 2084 2085
f 1772 1819 1770
f 1770 1834 1772
f 1819 1834 1770
f 1839 1837 1836
f 1836 1837 1774
f 1836 1774 1772
f 1772 1834 1836
f 1909 1902 1829
f 1827 1828 1829
f 1906 1909 1908
f 1909 1929 1908
f 1908 1929 1928
f 1828 1894 1897
f 1897 1898 1900
f 1894 1898 1897
f 1909 1829 1901
f 1901 1829 1828
f 1771 1817 1772
f 1772 1773 1771
f 1771 1773 1817
f 1776 1779 1748
f 1776 1748 1775
f 1787 1780 1784
f 1780 1782 1784
f 1785 1844 1786
f 1786 1781 1785
f 1786 1782 1781
f 1796 1844 1841
f 1841 1843 1796
f 1830 1832 1827
f 1830 1903 1832
f 1827 1829 1830
f 1830 1902 1906
f 1830 1829 1902
f 1831 1833 1832
f 1832 1903 1831
f 1797 1796 1845
f 1845 1796 1843
f 1845 1843 1842
f 1842 1846 1845
f 1755 1760 1758
f 1758 1760 1761
f 1739 1755 1758
f 1758 1761 1739
f 1757 1755 1756
f 1757 1760 1755
f 1813 1868 1548
f 1805 1789 1793
f 9383 9384 1788
f 1788 1789 9383
f 9382 9384 9383
f 9383 1806 9382
f 1789 1805 9383
f 1804 1806 9383
f 9383 1805 1804
f 1954 1953 1952
f 2058 2059 2060
f 2058 1956 1954
f 1572 1956 2058
f 2058 2060 1572
f 1856 1853 1855
f 1856 1799 1797
f 1797 1798 1856
f 1856 1798 1853
f 1804 1805 9381
f 9381 1805 1793
f 3884 3885 3632
f 3886 3885 3884
f 3632 3627 3884
f 3627 3882 3884
f 3610 3611 3382
f 3162 3161 3374
f 3161 3375 3374
f 3607 3371 3603
f 3603 3606 3607
f 3380 3383 3384
f 3162 3374 3377
f 3613 3616 3612
f 3616 3618 3612
f 3612 3618 3388
f 3388 3383 3612
f 3612 3383 3382
f 3612 3611 3613
f 3382 3611 3612
f 3862 3605 3604
f 3604 3861 3862
f 3857 3853 3852
f 3852 3858 3857
f 3852 3853 3851
f 9353 3858 3852
f 3851 3850 3852
f 3852 3850 9353
f 3600 3858 3859
f 3857 3858 3600
f 3600 3861 3601
f 4138 4136 4137
f 4138 4139 9341
f 4137 4139 4138
f 4138 9341 3878
f 3870 3620 3869
f 3623 3620 3870
f 3870 3872 3623
f 2991 2802 2801
f 2802 2799 2801
f 2801 2799 2800
f 2801 2800 2985
f 2801 2989 2991
f 2985 2989 2801
f 2796 2980 2798
f 2798 2980 2800
f 2798 2797 2796
f 2800 2797 2798
f 2796 2977 2795
f 2795 2980 2796
f 2977 2979 2795
f 2979 2980 2795
f 2983 3175 3176
f 3170 3169 3172
f 2979 3169 3170
f 3167 3166 3172
f 3172 3169 3167
f 3167 3169 3168
f 3400 3401 3402
f 3399 3401 3400
f 3400 3403 3399
f 3400 3402 1557
f 1557 3403 3400
f 1557 3405 3188
f 3188 3403 1557
f 3405 3403 3188
f 7 9 39
f 8 9 7
f 7 6 8
f 6459 6533 6458
f 6532 6533 6459
f 6459 6458 6454
f 6460 6453 6458
f 6458 6453 6452
f 6587 6454 6452
f 6454 6458 6452
f 6457 6456 6532
f 6457 6459 6454
f 6532 6459 6457
f 6526 6456 6643
f 6529 6456 6526
f 6643 6686 6526
f 6526 6686 6529
f 6248 6247 6246
f 6469 6467 6468
f 6469 6465 6467
f 6469 6357 6465
f 6372 6373 6381
f 6468 6373 6372
f 6372 6469 6468
f 6530 6529 6537
f 6537 6529 6538
f 6538 6539 6537
f 6537 6539 6541
f 6541 6476 6537
f 6472 6474 6478
f 6472 6473 6474
f 6478 6378 6472
f 6472 6376 6471
f 6471 6473 6472
f 6378 6377 6472
f 6472 6377 6376
f 6535 6475 6532
f 6476 6475 6535
f 6532 6537 6535
f 6535 6537 6476
f 8119 8120 7065
f 7065 6988 8119
f 8273 8271 8272
f 8272 8274 8273
f 8451 8271 8273
f 8270 8450 8273
f 8273 8450 8451
f 7070 7071 7066
f 7066 7067 7070
f 7065 8120 7066
f 7066 7071 7065
f 6766 7699 6767
f 6702 6673 6700
f 6675 6672 6674
f 6700 6673 6674
f 6773 6734 6763
f 6706 6705 6740
f 6587 6452 6451
f 6451 6452 6453
f 6449 6451 6453
f 6633 6574 6573
f 6790 6714 6791
f 6714 6713 6791
f 6668 6603 6604
f 6604 6603 6602
f 6602 6668 6604
f 6667 6668 6602
f 6603 6655 6602
f 6656 6667 6602
f 6602 6655 6656
f 6666 6667 6657
f 6650 6648 6649
f 6649 8705 6650
f 6648 8705 6649
f 8706 8708 8707
f 8706 8705 8708
f 6645 6606 6601
f 6601 6646 6645
f 6648 6606 6645
f 6645 6646 6648
f 6653 6603 6650
f 6653 6655 6603
f 6443 6336 6343
f 8837 8728 8833
f 8839 8728 8837
f 8833 8834 8837
f 8838 8839 8837
f 8840 8728 8839
f 8838 8837 8836
f 8836 8837 8834
f 8836 8835 8938
f 8836 8834 8835
f 1626 9075 9077
f 9077 9189 1626
f 9078 1668 1664
f 9075 1668 9078
f 9075 9078 9070
f 1664 8936 9070
f 9070 9078 1664
f 6063 5823 6062
f 6063 5824 5823
f 6065 5824 6063
f 6062 6061 6063
f 6063 6061 6064
f 5827 5826 5825
f 5825 5829 5827
f 5552 5279 5277
f 4586 4588 4587
f 4587 4588 4611
f 4620 4621 4623
f 4874 4583 4581
f 5447 5166 5442
f 6428 6153 6154
f 6499 6494 6555
f 5982 6153 5983
f 3493 3490 3496
f 3736 3732 3735
f 3487 3490 3488
f 3488 3486 3487
f 3487 3486 3736
f 3736 3735 3487
f 5415 5413 5414
f 5415 5417 5413
f 4867 4868 4563
f 4563 4249 4867
f 4867 4249 9324
f 4251 4249 4563
f 4563 4253 4251
f 4569 4253 4563
f 4849 5677 4852
f 5674 4847 5675
f 3662 3663 4227
f 4227 3421 3662
f 5134 4859 5135
f 9313 5133 5416
f 5416 5417 9313
f 5417 5137 9313
f 6106 5684 5401
f 4560 4248 4562
f 3936 4247 4562
f 4562 4248 3936
f 4853 5401 4858
f 4853 4858 4553
f 4857 4858 4854
f 4250 4249 3940
f 4250 4248 4249
f 4555 4244 4245
f 4858 4857 4555
f 4554 4553 4555
f 4555 4553 4858
f 3424 3202 3423
f 3423 3426 3424
f 3203 3426 3205
f 3203 3204 3202
f 3202 3424 3203
f 3203 3424 3426
f 3023 2823 3022
f 3205 3022 3020
f 3020 3203 3205
f 2820 3204 3020
f 3204 3203 3020
f 3197 3200 3199
f 3201 3200 3202
f 2666 2851 2834
f 2859 2858 2855
f 2855 2857 2859
f 2855 2847 2857
f 2684 2687 2682
f 2874 2691 2689
f 2689 2690 2686
f 2530 2712 2531
f 2531 2529 2530
f 2711 2712 2530
f 9326 4284 4278
f 4278 4584 9326
f 4581 4584 4585
f 4871 4874 4585
f 4584 4278 4585
f 4265 4266 3963
f 4268 3965 3963
f 3963 4266 4268
f 4288 3971 4284
f 4288 9326 4290
f 4288 4284 9326
f 4620 4302 4303
f 4303 4618 4620
f 4612 4616 4611
f 4286 4616 4619
f 4293 4288 4290
f 3971 4288 4293
f 4290 4289 4292
f 4292 4293 4290
f 4301 4303 4302
f 3076 3070 3260
f 3260 3080 3076
f 3077 3075 3076
f 2898 3084 3087
f 3087 2899 2898
f 2898 3085 3084
f 2899 3085 2898
f 3087 3091 2901
f 2901 2899 3087
f 2897 2899 2900
f 3689 3963 3687
f 3453 3455 3452
f 3456 3458 3457
f 3457 3458 3463
f 3463 3464 3457
f 3465 3464 3463
f 3457 3464 3233
f 3234 3455 3233
f 3263 3262 3252
f 3252 3481 3263
f 3263 3481 3262
f 3474 3730 3475
f 3472 3730 3474
f 3264 3265 3482
f 3482 3265 3481
f 3481 3479 3482
f 3252 3262 3261
f 3261 3259 3252
f 3261 3262 3083
f 3672 3946 3673
f 3432 3430 3673
f 3673 3430 3672
f 4245 3935 3937
f 3935 3946 3937
f 4243 4554 4245
f 4551 4553 4237
f 3428 3429 3671
f 3672 3430 3671
f 3137 3135 3136
f 3137 3139 3135
f 3140 3139 3137
f 3136 3344 3137
f 3137 3344 3140
f 3138 2941 3135
f 3135 3139 3138
f 3141 3139 3140
f 3140 3346 3141
f 3141 3346 3348
f 3345 3335 3563
f 3563 3346 3345
f 3345 3344 3335
f 3345 3346 3140
f 3140 3344 3345
f 3574 3580 3587
f 3587 3589 3574
f 3587 3584 3585
f 3588 3589 3587
f 3370 3369 3368
f 2956 2955 3154
f 3601 3604 3602
f 3602 3367 3601
f 3602 3604 3603
f 3603 3370 3602
f 3370 3368 3602
f 3602 3368 3367
f 3356 3357 3358
f 3358 3359 3356
f 3828 3829 3827
f 4093 4096 3828
f 4099 4097 4101
f 4096 4097 4099
f 4101 4100 4099
f 4099 4100 3833
f 3824 4094 4093
f 3823 4094 3824
f 3821 3823 3824
f 3570 3567 3571
f 3567 3569 3571
f 3574 3570 3571
f 3571 3573 3574
f 3571 3572 3573
f 3571 3569 3572
f 4134 3849 3848
f 3848 3846 4132
f 3845 3846 3848
f 4486 4484 4487
f 4487 4488 4486
f 4484 4482 4487
f 4487 4490 4488
f 4487 4489 4490
f 4495 4494 4493
f 4491 4489 4493
f 4494 4492 4493
f 4492 4491 4493
f 4486 4129 4127
f 4127 4485 4486
f 4127 4124 4485
f 4127 4126 4124
f 3878 3880 3879
f 3879 3880 3624
f 3624 3623 3879
f 3623 3872 3879
f 3875 3872 3873
f 4134 3876 3875
f 3875 4135 4134
f 3873 4135 3875
f 4420 4423 4422
f 4417 4423 4420
f 4420 4419 4417
f 4420 4422 4421
f 4415 4417 4416
f 4417 4407 4416
f 4416 4408 4415
f 4407 4408 4416
f 4068 4419 4070
f 4070 4069 4068
f 4070 4420 4421
f 4419 4420 4070
f 4421 4071 4070
f 4071 4069 4070
f 4418 4407 4417
f 4417 4419 4418
f 4418 4419 4064
f 4725 4729 4727
f 4725 4728 4729
f 4731 4424 4730
f 4424 9325 4730
f 4730 4729 4731
f 4727 4729 4730
f 4730 9325 4727
f 5329 5333 5047
f 5047 5046 5045
f 5047 5328 5329
f 5047 5045 5328
f 9320 5043 5037
f 5037 5036 9320
f 3782 3786 3783
f 4059 3781 3778
f 3286 3516 3518
f 3518 3287 3286
f 3511 3514 3515
f 4717 4054 4399
f 4053 4054 4055
f 4401 4056 4055
f 4057 4053 4055
f 4055 4056 4057
f 3512 3507 3770
f 3512 3514 3511
f 3511 3508 3512
f 3508 3507 3512
f 3770 3513 3512
f 3512 3513 3514
f 3498 3753 3501
f 3498 3497 3753
f 3498 3501 3503
f 3503 3497 3498
f 3745 3744 4001
f 3746 3744 3745
f 4013 3746 3745
f 3742 3747 3749
f 3742 3741 3747
f 3739 3741 3742
f 3090 3276 3277
f 3090 3092 3089
f 3277 3092 3090
f 3288 3283 3284
f 3284 3287 3288
f 3284 3283 3280
f 3280 3282 3284
f 3284 3286 3287
f 3284 3282 3285
f 3285 3286 3284
f 3272 3270 3491
f 3266 3269 3267
f 3268 3269 3266
f 3266 3267 3264
f 3264 3482 3266
f 3525 3528 3523
f 3529 3523 3528
f 3519 3522 3521
f 3519 3521 3289
f 3289 3287 3519
f 3519 3287 3518
f 3780 3519 3518
f 3522 3519 3780
f 3787 4067 3789
f 3787 4066 4067
f 4063 4066 3787
f 3787 3786 4063
f 9344 3808 9345
f 9345 3808 3806
f 3803 3805 3804
f 3804 3549 3803
f 3803 3806 3805
f 3803 3802 3806
f 3806 3802 9350
f 9350 9345 3806
f 5628 5626 5627
f 5627 5630 5628
f 5633 5626 5628
f 5637 5626 5633
f 5633 5634 5636
f 5636 5637 5633
f 5628 5630 5631
f 5631 5630 5904
f 5904 5905 5631
f 5905 5906 5631
f 5086 5087 5088
f 5086 5084 5087
f 5088 5089 5086
f 5086 5089 5085
f 5085 5084 5086
f 3887 3888 3886
f 9342 4145 3887
f 4143 4144 4142
f 4142 4145 4139
f 4141 4143 4142
f 4142 4139 4141
f 4153 4150 4154
f 4150 4149 4154
f 4154 4149 4156
f 4154 4156 4155
f 4155 4153 4154
f 4453 4750 4456
f 4456 4455 4453
f 4457 4455 4456
f 4456 4748 4457
f 4749 4744 4745
f 4745 4748 4749
f 4750 4443 4749
f 4749 4456 4750
f 4748 4456 4749
f 4749 4441 4744
f 4749 4443 4441
f 5317 5316 5595
f 5595 5316 5312
f 5597 5317 5595
f 5595 5594 5597
f 5595 5593 5594
f 5595 5312 5593
f 5614 5616 5344
f 5620 5346 5344
f 5344 5616 5620
f 5344 5346 5345
f 5345 5343 5344
f 5611 5614 5344
f 5344 5343 5342
f 5342 5611 5344
f 5618 5616 5617
f 5616 5615 5617
f 5888 5618 5617
f 5617 5887 5888
f 5886 5887 5617
f 5617 5615 5886
f 5558 5557 5831
f 5560 5556 5558
f 6064 5557 5558
f 5558 5836 5560
f 5831 5836 5558
f 5558 6063 6064
f 5556 6065 5558
f 6065 6063 5558
f 5835 5836 5831
f 5832 6075 5835
f 5835 5831 5832
f 6075 5840 5835
f 5840 5836 5835
f 5282 5278 5281
f 5279 5280 5281
f 5281 5280 5565
f 5281 5278 5277
f 5277 5279 5281
f 5291 5285 5567
f 5567 5569 5291
f 5565 5569 5567
f 5561 5563 5564
f 5563 5838 5564
f 5554 5280 5279
f 5554 5829 5555
f 5555 5280 5554
f 5317 5596 5319
f 5319 5596 5600
f 5600 5601 5319
f 5321 5323 9320
f 9320 5036 5321
f 4709 4707 5031
f 5031 5032 4709
f 5045 5046 5042
f 5042 5044 5045
f 5046 5041 5042
f 5043 5044 5042
f 5000 5001 4999
f 5005 5001 5009
f 5009 5007 5005
f 4988 4990 5002
f 5002 5005 5003
f 5001 5005 5002
f 5284 5285 5286
f 5282 5285 5284
f 5288 5290 5016
f 5286 5290 5288
f 5288 5284 5286
f 4993 4990 4991
f 5274 5275 5272
f 5272 5270 5274
f 5275 5270 5272
f 5543 5542 5541
f 5547 5270 5543
f 5541 5542 5538
f 5819 5822 5820
f 5820 5822 5826
f 5826 5545 5820
f 6262 6259 6261
f 9299 6259 6262
f 6261 6054 6262
f 6059 6061 6062
f 6059 6056 6061
f 5303 5307 5310
f 5299 5302 5303
f 5314 5021 5300
f 5314 5313 5315
f 5023 5022 5016
f 5016 5021 5023
f 5315 5025 5023
f 5025 5022 5023
f 5023 5314 5315
f 5021 5314 5023
f 5016 5290 5018
f 5018 5021 5016
f 5295 5296 5293
f 5293 5569 5295
f 5293 5292 5569
f 5295 5297 5298
f 5298 5573 5581
f 5297 5573 5298
f 5298 5296 5295
f 5302 5296 5298
f 5572 5573 5571
f 5571 5573 5297
f 5571 5843 5572
f 5842 5843 5571
f 5581 5573 5579
f 5579 5305 5581
f 5580 5305 5579
f 5574 5578 5579
f 5578 5580 5579
f 5579 5572 5574
f 5579 5573 5572
f 5586 5305 5582
f 5582 5305 5580
f 5583 5586 5582
f 5582 5580 5583
f 5581 5305 5304
f 5304 5298 5581
f 5302 5298 5304
f 5308 5307 5304
f 5304 5303 5302
f 5307 5303 5304
f 5850 6081 9303
f 5850 5849 6081
f 5851 5849 5850
f 9303 6084 5850
f 5853 5851 5850
f 5850 6084 6085
f 6085 5853 5850
f 6075 6074 6076
f 6076 6074 6078
f 6076 6078 5844
f 5841 6075 6076
f 6076 5844 5841
f 6072 6271 6077
f 6077 6074 6072
f 6068 6271 6072
f 5834 5833 6073
f 5834 6075 5832
f 5834 6073 6075
f 5832 5830 5834
f 6058 5833 6060
f 6057 6058 6060
f 6060 5830 6266
f 6060 6056 6057
f 6266 6056 6060
f 6060 5834 5830
f 5833 5834 6060
f 8603 8450 8448
f 8450 8269 8448
f 8446 8448 8269
f 8918 8826 8827
f 8605 9257 8827
f 8604 8605 8827
f 8827 8826 8604
f 9256 9257 8602
f 9256 8602 8451
f 8451 8603 9256
f 8603 9255 9256
f 9256 9255 8722
f 8722 8827 9256
f 9256 8827 9257
f 8934 9068 8932
f 8931 8929 8928
f 8933 8934 8931
f 8932 8929 8931
f 8931 8934 8932
f 8620 8622 8621
f 8623 8622 8620
f 8620 8748 8623
f 8620 8621 8619
f 8619 8748 8620
f 8621 8622 8627
f 8627 8622 8626
f 8626 8470 8627
f 8627 8467 8621
f 8627 8470 8467
f 8469 8470 8471
f 8471 8470 8473
f 8471 8473 8472
f 8472 8290 8471
f 8471 8290 8469
f 8632 8755 8633
f 8634 8630 8633
f 8633 8630 8632
f 8658 8649 8768
f 8759 8769 8760
f 8644 8638 8646
f 8526 8525 8657
f 8658 8768 8659
f 8659 8768 8763
f 8659 8657 8658
f 8772 8771 8770
f 8770 8769 8772
f 8770 8771 8668
f 8770 8668 8666
f 8746 8748 8619
f 8619 8740 8746
f 8746 8740 8742
f 8739 8740 8618
f 5100 4161 4162
f 9314 4161 5100
f 6758 5660 6759
f 5660 5661 6759
f 6759 5661 6723
f 6723 6722 6759
f 6759 6749 6758
f 6759 6722 6749
f 5377 5661 5098
f 5098 4162 3893
f 3893 5377 5098
f 2065 2066 2062
f 2062 2063 2065
f 4169 4167 4166
f 4166 4175 4169
f 4168 4167 4169
f 4170 4168 4169
f 4169 4175 4170
f 4175 4176 3191
f 6909 6905 6904
f 4512 4513 9332
f 9332 4511 4512
f 9332 4513 4182
f 9332 4182 4180
f 4180 4179 9332
f 9332 4179 9333
f 9333 4511 9332
f 9333 4164 4510
f 4510 4511 9333
f 6942 7002 7006
f 6943 6942 7006
f 7006 7007 6943
f 7001 7007 7006
f 7006 7000 7001
f 7006 7002 7000
f 7003 7002 7004
f 1532 1531 7003
f 7003 7004 1532
f 1531 6999 7003
f 6999 6998 7003
f 6998 7002 7003
f 6760 6756 6811
f 6811 6756 6810
f 6810 6814 6811
f 6807 6806 6810
f 6810 6756 6807
f 4163 4161 9314
f 5918 4160 4163
f 4163 9314 5918
f 4162 4161 4163
f 4163 4160 4165
f 4165 4166 4163
f 4163 4167 4162
f 4166 4167 4163
f 7019 7018 7191
f 7191 7018 7192
f 7192 7085 7191
f 7191 7085 7189
f 7191 7094 7019
f 7189 7094 7191
f 6816 6817 4514
f 6815 6817 6816
f 4514 4513 6816
f 6816 4513 6815
f 6866 6817 6815
f 6815 6862 6866
f 6866 6862 6863
f 6867 6817 6864
f 6864 6866 6863
f 6817 6866 6864
f 6864 6907 6908
f 6863 6907 6864
f 1236 1196 1258
f 1150 1196 1236
f 1258 1235 1236
f 1236 1235 1150
f 590 588 589
f 589 591 590
f 591 592 590
f 1437 588 590
f 590 592 1437
f 1434 1432 611
f 611 610 1434
f 612 610 611
f 611 613 612
f 1108 1105 1107
f 1107 1105 1116
f 1110 1108 1107
f 1107 1116 1110
f 120 121 119
f 120 1494 122
f 120 119 1491
f 1491 1494 120
f 80 78 77
f 77 85 80
f 77 78 75
f 75 85 77
f 89 118 87
f 87 88 89
f 87 85 88
f 75 78 76
f 78 51 76
f 76 74 75
f 76 51 53
f 76 54 73
f 76 53 54
f 674 650 672
f 672 670 671
f 671 673 672
f 651 419 653
f 653 652 651
f 653 419 654
f 654 652 653
f 1450 582 580
f 1448 582 1450
f 1449 1448 1450
f 1451 1449 1450
f 580 1451 1450
f 884 1020 883
f 883 1020 931
f 931 882 883
f 1020 1055 1019
f 931 1020 1019
f 1056 1021 1168
f 1056 1055 1021
f 1057 1055 1056
f 1168 1057 1056
f 287 297 298
f 298 299 287
f 298 297 164
f 298 164 162
f 8513 8652 8653
f 8518 8519 8520
f 8518 8348 8516
f 8352 8348 8518
f 8346 8348 8347
f 8516 8348 8346
f 8350 8156 8347
f 8351 8156 8350
f 8509 8510 8508
f 8652 8510 8509
f 8648 8647 8649
f 8649 8650 8648
f 8648 8509 8508
f 8650 8509 8648
f 8656 8650 8658
f 8658 8657 8656
f 8656 8657 8525
f 8511 8652 8513
f 8511 8510 8652
f 8504 8501 8642
f 8642 8643 8504
f 8503 8501 8504
f 8504 8505 8503
f 8504 8643 8505
f 8628 8630 8629
f 8628 8631 8630
f 8626 8631 8628
f 8628 8629 8476
f 8476 8470 8628
f 8628 8470 8626
f 8300 8490 8491
f 8492 8311 8491
f 8491 8489 8492
f 8491 8490 8489
f 8491 8310 8300
f 8311 8310 8491
f 7641 7642 7646
f 7646 7642 7643
f 7643 7645 7646
f 7646 7645 7647
f 7646 7647 7651
f 7540 7538 7539
f 7539 7538 7537
f 7536 7638 7641
f 7641 7653 7536
f 7536 7653 7537
f 7536 7537 7534
f 7534 7638 7536
f 7641 7638 7640
f 7764 7642 7640
f 7640 7642 7641
f 7535 7638 7534
f 7637 7638 7535
f 7772 7774 7648
f 7772 7771 7774
f 7769 7760 7903
f 7903 7771 7769
f 7761 7760 7769
f 7650 7655 7651
f 7648 7649 7650
f 7657 7655 7650
f 7651 7647 7650
f 7650 7647 7648
f 7901 7900 7757
f 7903 7760 7758
f 7758 7900 7903
f 7760 7757 7758
f 7758 7757 7900
f 7903 7900 7902
f 8154 8152 8155
f 8023 8025 8024
f 8024 8025 8026
f 8024 8022 8023
f 8162 8159 8351
f 8165 8164 8162
f 8164 8159 8162
f 8160 8163 8161
f 8160 8159 8163
f 8158 8160 8161
f 8159 8160 8158
f 8157 8156 8351
f 8351 8159 8157
f 8154 8155 8157
f 8157 8155 8156
f 8159 8158 8157
f 8157 8008 8154
f 8157 8158 8008
f 7737 7736 7738
f 7736 7733 7738
f 7738 7733 7878
f 7738 7739 7737
f 7738 7878 7879
f 7879 7739 7738
f 7611 7610 7731
f 7731 7734 7611
f 7731 7733 7734
f 7731 7730 7733
f 7755 7893 7901
f 7754 7893 7755
f 7901 7757 7755
f 7755 7757 7756
f 7755 7753 7754
f 7756 7753 7755
f 7901 7893 7895
f 7761 7762 7759
f 7759 7762 7756
f 7756 7757 7759
f 7759 7760 7761
f 7759 7757 7760
f 7887 7888 7884
f 7894 7754 7752
f 7894 7892 7754
f 7743 7892 7894
f 7744 7743 7894
f 7214 7215 7318
f 7317 7214 7318
f 7318 7215 7212
f 7318 7319 7314
f 7318 7212 7319
f 7548 7444 7436
f 7436 7444 7438
f 7436 7547 7548
f 7436 7438 7434
f 7434 7547 7436
f 7448 7447 7446
f 7656 7660 7661
f 7446 7550 7556
f 7557 7444 7548
f 7548 7550 7557
f 7659 7660 7658
f 7659 7658 7662
f 7662 7552 7659
f 7551 7660 7659
f 7659 7552 7551
f 8856 8855 8859
f 8772 8868 8869
f 8869 8776 8772
f 8871 8776 8869
f 8773 8776 8775
f 8861 8860 8862
f 8862 8863 8861
f 8864 8863 8862
f 8783 8784 8782
f 8876 8875 8992
f 8872 8871 8988
f 8624 8623 8749
f 8623 8748 8749
f 8866 8757 8865
f 8865 8757 8752
f 8865 8864 8866
f 8865 8863 8864
f 8861 9254 8858
f 8856 8859 8858
f 8858 8857 8856
f 9254 8857 8858
f 8858 8860 8861
f 8858 8859 8860
f 9082 8939 8937
f 9082 8937 1662
f 1662 9081 9082
f 8942 9082 9081
f 8939 9082 8942
f 8938 8939 8940
f 8940 8836 8938
f 8940 8961 8838
f 8838 8836 8940
f 8982 8980 8981
f 8576 8581 8405
f 8575 8403 8578
f 8578 8577 8575
f 8576 8401 8404
f 8404 8577 8576
f 8404 8575 8577
f 8403 8575 8404
f 5149 4575 5147
f 5952 6110 6114
f 5951 6112 5952
f 6112 6110 5952
f 8564 8568 8566
f 8566 8397 8564
f 8569 8572 8718
f 8569 8568 8570
f 8567 8566 8569
f 8569 8566 8568
f 8718 8573 8569
f 8569 8573 8567
f 8713 8712 8714
f 8714 8712 8565
f 6611 6551 6609
f 6429 6153 6428
f 6555 6494 6594
f 6594 6494 6493
f 6594 6493 6593
f 6593 6590 6594
f 6594 6590 8572
f 6549 6591 6593
f 6548 6412 6547
f 6547 6546 6592
f 6592 8578 6547
f 8578 6548 6547
f 8561 8695 8562
f 8562 8695 8694
f 8562 8564 8561
f 8562 8563 8564
f 8694 8696 8562
f 8696 8563 8562
f 8567 8403 8402
f 8792 8687 8791
f 8794 8785 8791
f 8791 8793 8794
f 8687 8793 8791
f 8791 8785 8787
f 8692 8689 8796
f 8796 8797 8692
f 8692 8693 8691
f 8797 8693 8692
f 8557 8689 8690
f 8690 8692 8691
f 8689 8692 8690
f 8691 8695 8690
f 8695 8560 8690
f 8688 8792 8796
f 8796 8689 8688
f 8561 8397 8395
f 8395 8560 8561
f 8395 8690 8560
f 8790 8789 8796
f 8796 8792 8790
f 8792 8791 8790
f 8790 8791 8787
f 8406 8215 8219
f 8392 8393 8391
f 8391 8217 8390
f 8390 8392 8391
f 8391 8394 8217
f 8393 8394 8391
f 8222 8409 8410
f 8524 8526 8523
f 8526 8527 8523
f 8523 8522 8524
f 8054 8192 8055
f 8188 8187 8186
f 8186 8190 8188
f 8359 8194 8191
f 8191 8190 8359
f 8356 8520 8521
f 8027 8171 8028
f 8028 8026 8027
f 8027 8025 8165
f 8026 8025 8027
f 8677 8674 8676
f 8677 8676 8678
f 8540 8677 8541
f 8674 8677 8540
f 8666 8668 8667
f 8389 8392 8390
f 8552 8685 8554
f 8552 8389 8388
f 8684 8685 8552
f 8222 8212 8214
f 6281 6105 5682
f 5685 5691 5689
f 5936 5691 5685
f 6107 6108 5685
f 5685 6108 5936
f 5685 6106 6107
f 5685 5684 6106
f 4234 4842 4847
f 4233 4842 4234
f 4234 4232 4233
f 5400 5131 5130
f 5130 5131 4551
f 4551 4550 5130
f 5673 5930 5931
f 5931 4845 5673
f 4843 4842 4233
f 4845 5931 4843
f 4233 4549 4841
f 4841 4843 4233
f 4845 4843 4841
f 5128 4845 4844
f 5128 5127 5672
f 4844 5127 5128
f 5672 5930 5128
f 5930 4845 5128
f 5692 5407 5134
f 5708 5707 5706
f 5420 5422 5423
f 4268 4574 4267
f 4267 3965 4268
f 4275 4281 4267
f 4267 4281 3965
f 6109 6112 5951
f 6111 6109 5948
f 5948 6109 5951
f 8251 6111 8252
f 8248 6110 6112
f 6287 8103 6285
f 6285 8103 6286
f 8244 8243 8252
f 8415 8416 8414
f 8414 8412 8415
f 7517 7518 7515
f 7515 7518 7516
f 7377 7513 7515
f 7515 7516 7377
f 7512 7515 7513
f 7517 7515 7512
f 7410 7408 7528
f 7397 7526 7528
f 7526 7410 7528
f 7528 7408 7404
f 7528 7398 7397
f 7404 7398 7528
f 7367 7370 7369
f 7368 7367 7369
f 7369 7383 7368
f 7369 7382 7383
f 7374 7370 7373
f 7379 7382 7374
f 7374 7369 7370
f 7382 7369 7374
f 7373 7375 7374
f 7375 7379 7374
f 7116 7115 7114
f 7114 7211 7116
f 7116 7319 7213
f 7116 7211 7319
f 7116 7215 7217
f 7213 7215 7116
f 7308 7310 7207
f 7206 7309 7207
f 7207 7306 7308
f 7309 7306 7207
f 7113 7119 9278
f 7036 7035 9278
f 9278 7119 7120
f 9278 7123 7036
f 7120 7123 9278
f 7121 7119 7118
f 7120 7119 7121
f 7121 7232 7120
f 7304 9273 7198
f 7199 7197 7198
f 7198 7202 7199
f 7300 7302 7304
f 7304 7198 7300
f 7300 7198 7197
f 7102 7104 7101
f 7102 7201 7107
f 7102 7101 7195
f 7195 7201 7102
f 6957 6956 7040
f 7040 7041 7042
f 7030 6956 6957
f 6957 7029 7030
f 7031 7040 7030
f 7030 7040 6956
f 7030 7032 7031
f 7030 7029 7032
f 7204 7107 7200
f 7107 7202 7200
f 7202 7198 7200
f 7200 9273 7204
f 7200 7198 9273
f 6960 6958 6957
f 6964 6958 6960
f 6954 6958 7027
f 6957 6958 6954
f 6900 6901 6961
f 6904 6901 6900
f 6961 6964 6900
f 6906 6901 6905
f 6908 6907 6906
f 6906 6909 6908
f 6905 6909 6906
f 7042 7041 7044
f 7044 7041 7043
f 7124 7043 7039
f 7043 7041 7039
f 6976 6973 6975
f 6973 6968 6967
f 6982 7052 6980
f 7051 7052 6982
f 7219 7218 7323
f 7220 7218 7219
f 7322 7220 7219
f 7216 7218 7229
f 7229 7215 7216
f 7217 7215 7229
f 7330 7327 7329
f 7325 7327 7330
f 7330 7221 7325
f 7063 5105 7064
f 5109 5110 4806
f 4807 5110 5112
f 5112 4808 4807
f 4806 5110 4807
f 4807 7059 4806
f 4807 4808 7057
f 7057 7059 4807
f 4810 4808 4809
f 4809 4808 5112
f 7059 9276 7135
f 9276 9277 7135
f 7133 9277 7130
f 7130 7132 7133
f 7133 7135 9277
f 7132 7135 7133
f 7130 7231 7131
f 7131 7132 7130
f 9276 7056 7054
f 7053 9277 7054
f 7054 9277 9276
f 7054 6980 7053
f 7055 9276 7057
f 7057 7056 7055
f 7055 7056 9276
f 5389 5390 5124
f 5106 5105 5380
f 5381 5385 5380
f 5380 7063 5381
f 5105 7063 5380
f 5104 6985 5106
f 5104 4805 6985
f 4806 6985 5103
f 5103 4805 4806
f 6985 4805 5103
f 6983 6985 6984
f 6984 7058 6983
f 5118 4204 4205
f 2811 2812 2634
f 2634 2492 2811
f 4547 3653 3650
f 2494 2350 2493
f 2493 2636 2494
f 2492 2636 2493
f 2350 2349 2493
f 2349 2492 2493
f 5125 5671 5127
f 5392 5393 5391
f 5391 5393 5395
f 5391 4548 5392
f 5395 4548 5391
f 5670 4222 5394
f 5669 5393 5667
f 5671 5670 5669
f 5394 5393 5669
f 5669 5670 5394
f 3908 3905 3903
f 3903 3902 3908
f 3904 3644 3637
f 3906 3644 3904
f 2194 3644 3906
f 4810 4811 4804
f 4804 4811 7056
f 4804 4808 4810
f 4804 7056 4808
f 7056 4811 6981
f 6980 7054 6981
f 6981 7054 7056
f 4833 4834 4819
f 4798 6918 6917
f 4196 4193 4536
f 7362 7263 7261
f 7362 7264 7263
f 7362 7261 7259
f 7259 7363 7362
f 7290 7292 7293
f 7289 7292 7290
f 7293 7177 7290
f 7177 7289 7290
f 7176 7172 9274
f 7176 7289 7177
f 7176 9274 7289
f 7176 7177 7174
f 7174 7172 7176
f 7431 7432 7433
f 7433 7435 7431
f 7431 7435 7437
f 7432 7431 7430
f 7430 7437 7316
f 7430 7431 7437
f 7425 7424 7416
f 7426 7424 7425
f 7425 7305 7426
f 7307 7306 7425
f 7425 7306 7305
f 7417 7416 7415
f 7416 7413 7415
f 7411 7527 7529
f 7527 7530 7529
f 7428 7311 7427
f 7427 7422 7428
f 7313 7319 7210
f 7210 7311 7313
f 7312 7311 7428
f 7312 7313 7311
f 7314 7319 7312
f 7319 7313 7312
f 7417 7419 7420
f 7422 7427 7420
f 7420 7416 7417
f 7619 7622 7509
f 7508 7507 7509
f 7509 7507 7619
f 7509 7622 7623
f 7626 7748 7750
f 7623 7748 7626
f 7626 7625 7623
f 7750 7767 7626
f 7766 7767 7750
f 7750 7749 7766
f 7636 7532 7531
f 7636 7635 7637
f 7637 7542 7636
f 7531 7634 7636
f 7395 7396 7399
f 7395 7399 7402
f 7402 7394 7395
f 7395 7394 7391
f 7391 7393 7395
f 7393 7396 7395
f 7837 7839 7709
f 7837 7840 7839
f 7709 7838 7837
f 7838 7836 7837
f 7836 7840 7837
f 7863 8004 7864
f 7865 7861 7864
f 7864 7861 7863
f 8010 7865 7864
f 7864 8009 8010
f 8011 8009 8008
f 8011 8158 8161
f 8008 8158 8011
f 8161 8012 8011
f 8010 8009 8011
f 8011 8012 8010
f 8142 7991 8143
f 7993 7991 8142
f 8142 7999 7993
f 8001 7999 8142
f 8150 8002 8147
f 8002 8145 8147
f 8147 8149 8150
f 8144 8145 8001
f 8000 7999 8001
f 8000 8002 8003
f 8000 8001 8002
f 8003 7863 8000
f 7998 7999 8000
f 7343 7346 7344
f 7346 7345 7344
f 1525 7343 7344
f 1529 1525 7344
f 7248 1529 7344
f 7344 7345 7248
f 7733 7730 7732
f 7877 7878 7732
f 7878 7733 7732
f 7732 7875 7877
f 7732 7730 7875
f 7608 7727 7728
f 7728 7610 7608
f 7728 7731 7610
f 7730 7731 7728
f 7881 9268 7882
f 7882 7883 7881
f 7884 7883 7882
f 7882 7885 7884
f 8014 7885 7882
f 7882 9268 8014
f 7881 7880 7870
f 7870 9268 7881
f 7870 7880 7871
f 7871 9268 7870
f 7614 7613 7612
f 7612 7613 7609
f 7617 7614 7612
f 7612 7610 7617
f 7612 7609 7610
f 7727 7724 7729
f 7729 7728 7727
f 7730 7728 7729
f 7729 7724 7723
f 7723 7876 7729
f 7876 7730 7729
f 7486 7487 7484
f 7483 7482 7484
f 7482 7486 7484
f 7484 7346 7483
f 7347 7487 7349
f 7347 7345 7346
f 7346 7484 7347
f 7347 7484 7487
f 7349 7348 7347
f 7348 7345 7347
f 7489 7488 7604
f 7604 7491 7489
f 7487 7488 7489
f 7492 7490 7489
f 7489 7491 7492
f 7490 7351 7489
f 7351 7487 7489
f 666 654 665
f 665 667 666
f 666 668 654
f 671 668 669
f 669 667 773
f 1755 1752 1754
f 1756 1755 1754
f 1754 1753 1756
f 1741 1753 1754
f 1754 1752 1741
f 2278 2282 2281
f 2278 2280 2282
f 2281 2155 2278
f 2278 9376 2276
f 9372 9374 2296
f 9372 2295 2297
f 2296 2295 9372
f 2297 2302 9372
f 2589 2591 2590
f 2589 2781 2591
f 2590 2440 2589
f 2589 2440 2587
f 2775 2779 2780
f 2779 2781 2780
f 2781 2589 2780
f 2968 2969 2970
f 2970 2971 2968
f 2970 3167 3168
f 3168 2972 2970
f 2970 2972 2971
f 2776 2779 2775
f 2586 2774 2775
f 2954 2763 2762
f 2954 2955 2956
f 2765 2763 2954
f 2957 2958 2765
f 2957 2954 2956
f 2765 2954 2957
f 2576 2572 2766
f 2765 2958 2766
f 2758 2763 2764
f 2764 2572 2758
f 2764 2763 2765
f 2765 2766 2764
f 2764 2766 2572
f 2430 2428 2429
f 2431 2428 2430
f 2580 2581 2582
f 2580 2430 2429
f 2429 2579 2580
f 2580 2579 2581
f 2578 2579 2577
f 2581 2579 2578
f 2755 2760 2756
f 2569 2568 2756
f 2758 2569 2756
f 2945 2760 2946
f 2946 2760 2755
f 2755 2938 2946
f 2946 2943 2945
f 2946 2938 2943
f 2950 2952 2761
f 2945 2947 2950
f 2950 2761 2945
f 3149 3150 3148
f 2953 3150 2955
f 2955 2954 2953
f 2953 3148 3150
f 2952 3148 2953
f 2762 2952 2953
f 2953 2954 2762
f 2694 2695 2687
f 2520 9369 2695
f 2695 2694 2520
f 2513 9369 2520
f 2383 2385 2381
f 2383 2384 2385
f 2522 2384 2383
f 2381 2518 2383
f 2360 2509 2362
f 2509 2515 2362
f 2362 2515 2367
f 2516 2515 2363
f 2516 2509 2511
f 2363 2509 2516
f 2511 2514 2516
f 2514 2518 2516
f 2517 2380 2381
f 2381 9371 2517
f 2517 2518 2380
f 2517 2516 2518
f 2515 2516 2517
f 2367 2515 2517
f 2517 9371 2367
f 2379 9371 2381
f 2654 2657 2503
f 2654 2653 2657
f 2494 2495 2496
f 2500 2351 2496
f 2496 2350 2494
f 2496 2351 2350
f 2495 2641 2637
f 2817 2641 2818
f 2817 2815 3015
f 2640 2641 3014
f 3013 2642 2640
f 2640 3014 3013
f 2642 2643 2640
f 2640 2643 2639
f 2638 2641 2640
f 2866 2873 2868
f 2849 2668 2850
f 2836 2849 2850
f 2850 2834 2836
f 2666 2834 2850
f 2846 2839 2847
f 3045 2860 2856
f 2856 2860 2857
f 2873 2869 2872
f 2872 2869 2877
f 2872 2877 2876
f 2876 2875 2872
f 2872 2875 2873
f 2877 2869 2865
f 2865 2866 2859
f 2865 2869 2866
f 3049 2862 3045
f 3046 3050 3049
f 3049 3045 3041
f 3041 3046 3049
f 2863 3058 2860
f 2860 2862 2863
f 2739 2736 2738
f 2738 2740 2739
f 2736 2732 2738
f 2409 2556 2561
f 2561 2560 2563
f 2561 2556 2560
f 2554 2552 2555
f 2555 2556 2554
f 2553 2552 2554
f 2554 2405 2400
f 2554 2398 2553
f 2554 2400 2398
f 2409 2405 2554
f 2554 2556 2409
f 2564 2750 2565
f 2565 2568 2564
f 3318 3317 3316
f 3319 3320 3318
f 3318 3320 3317
f 3118 3120 2920
f 2920 2919 3118
f 3122 3120 3118
f 3116 3310 3117
f 3117 3118 2919
f 2920 2916 2917
f 2917 2919 2920
f 2917 2914 9365
f 2917 2916 2914
f 9365 3114 2917
f 2890 2893 2892
f 3074 2893 2890
f 2890 2888 3074
f 2890 2892 2891
f 2894 2893 3074
f 3074 3073 2894
f 9362 2893 2894
f 2894 9363 9362
f 2894 3075 9363
f 2894 3073 3075
f 2707 2888 2889
f 2889 2890 2891
f 2888 2890 2889
f 2891 2713 2889
f 2889 2713 2709
f 2709 2705 2889
f 3112 9361 3109
f 3111 3112 3109
f 3109 3110 3111
f 2909 9361 2910
f 2706 2707 2704
f 2704 2889 2705
f 2707 2889 2704
f 2708 2705 2709
f 2708 2699 2705
f 2709 2711 2708
f 2876 2703 2700
f 2703 2704 2700
f 2705 2699 2700
f 2700 2704 2705
f 2701 2875 2876
f 2701 2700 2699
f 2691 2875 2701
f 3060 3065 2879
f 2879 3065 2882
f 2882 2883 2879
f 2884 3068 2886
f 2886 2885 2884
f 2885 2883 2884
f 2007 1892 2006
f 1892 2000 2006
f 2006 2008 2007
f 2006 2004 2005
f 2005 2008 2006
f 1998 1992 1997
f 1994 1992 1998
f 2098 2095 2097
f 2096 2095 2098
f 2098 2094 2096
f 2117 2002 2103
f 2118 2108 2114
f 2216 2108 2118
f 2015 2017 1917
f 1917 1913 2015
f 1917 1919 1918
f 1917 1918 1914
f 1914 1913 1917
f 2082 2084 2078
f 2084 2086 2078
f 2197 2198 2076
f 2648 2828 2647
f 2681 9370 2507
f 2507 2679 2681
f 2508 2359 2507
f 2507 9370 2508
f 2836 2827 2826
f 2826 2823 2836
f 2831 2830 2829
f 2829 2828 2831
f 2512 9369 2513
f 2513 2510 2512
f 2510 9370 2512
f 2695 9369 2512
f 2512 9370 2695
f 2663 2851 2665
f 2665 2851 2666
f 9371 2379 2378
f 2378 2375 2369
f 2227 2229 2224
f 2224 2225 2227
f 2364 2231 2229
f 2229 2227 2364
f 2105 2108 2216
f 2216 2217 2105
f 2110 2106 2355
f 2490 2346 2348
f 2354 2355 2348
f 2348 2349 2354
f 2346 2349 2348
f 2216 2215 2214
f 2214 2217 2216
f 2343 2210 2208
f 2633 2485 2479
f 2132 2247 2250
f 2247 2248 2250
f 2250 2133 2132
f 2250 2248 2133
f 2251 2137 2252
f 2137 2248 2252
f 2252 2371 2251
f 2252 2374 2371
f 2144 9376 2146
f 2146 2145 2144
f 2275 9376 2143
f 2143 2273 2275
f 2143 2144 2142
f 9376 2144 2143
f 2143 2142 2141
f 2141 2273 2143
f 2111 2113 2109
f 2109 2106 2111
f 2107 2106 2109
f 2246 2248 2247
f 2247 2243 2246
f 2246 2243 2238
f 2240 2239 2235
f 2240 2371 2242
f 2242 2239 2240
f 2235 2236 2240
f 2233 2372 2240
f 2240 2234 2233
f 2240 2236 2234
f 2207 2206 2340
f 2093 2206 2095
f 2095 2094 2093
f 2337 2206 2093
f 2093 2094 2335
f 2635 2641 2495
f 2495 2636 2635
f 2818 2641 2635
f 2635 2636 2818
f 2645 2646 2650
f 3932 3927 3929
f 3657 3927 3932
f 4219 4220 4221
f 4221 3927 4219
f 3928 4222 3929
f 3929 3927 3928
f 3928 4221 4220
f 3927 4221 3928
f 3928 4220 5394
f 5394 4222 3928
f 4217 4540 4218
f 4540 4548 4218
f 4548 4216 4218
f 3931 3657 3656
f 3656 3655 3931
f 3926 3927 3931
f 3931 3655 3926
f 4219 3927 3926
f 3926 4216 4219
f 3411 3410 3004
f 3651 3410 3411
f 3004 3653 3411
f 3411 3653 3651
f 2472 2461 2471
f 1552 2472 2471
f 1561 1552 2471
f 2471 2470 1561
f 2468 2470 2466
f 2466 2467 2468
f 2465 2467 2466
f 2462 2461 2609
f 2609 2606 2462
f 2457 2608 1562
f 2456 2608 2457
f 1562 2324 2457
f 2607 2606 2609
f 2609 2460 2607
f 2460 2608 2607
f 2603 2600 2606
f 2601 2600 2603
f 2606 2607 2603
f 2603 2607 2601
f 2598 2611 2604
f 2599 2448 2598
f 2598 2604 2599
f 2599 2604 2600
f 2453 2601 2456
f 2184 2186 2185
f 2185 2054 2184
f 2056 2054 2185
f 2185 2059 2056
f 2187 2059 2185
f 2185 2186 2187
f 2456 2457 2455
f 2455 2457 2324
f 2455 2453 2456
f 2454 2453 2455
f 1562 2323 2321
f 2321 2324 1562
f 2289 2427 2291
f 2291 2288 2289
f 2290 2288 2291
f 2291 2293 2290
f 2291 2427 2293
f 2019 2129 2021
f 2019 2018 2129
f 2021 2023 2022
f 2023 1919 2022
f 2022 2019 2021
f 2018 2019 2022
f 2013 2018 2022
f 2022 2015 2013
f 2022 2017 2015
f 2022 1917 2017
f 1919 1917 2022
f 2030 1920 2028
f 2030 2035 1920
f 2161 2035 2030
f 2030 2162 2161
f 1936 1854 1935
f 1938 1854 1936
f 2046 1941 1938
f 2046 2043 2047
f 1855 1938 1940
f 1938 1941 1940
f 1852 1854 1853
f 9378 2162 2029
f 2029 2028 2026
f 2029 2030 2028
f 2162 2030 2029
f 2026 2025 2029
f 2029 2025 2027
f 2027 9378 2029
f 2041 2038 2040
f 2040 2044 2041
f 2171 2172 2045
f 2045 2044 2171
f 2043 2044 2045
f 2047 2043 2045
f 2303 2436 2304
f 2304 2436 2438
f 2304 2170 2303
f 2304 2305 2170
f 2304 2306 2305
f 2438 2306 2304
f 1922 1921 2033
f 2033 1921 2032
f 2032 2034 2033
f 2312 2313 2177
f 2312 2174 2176
f 2177 2174 2312
f 2176 2311 2312
f 2311 2313 2312
f 2175 2174 2173
f 2172 2175 2173
f 2047 2045 2173
f 2173 2045 2172
f 2180 2174 2177
f 2180 2048 2047
f 2179 2048 2180
f 2047 2173 2180
f 2180 2173 2174
f 2438 2440 2439
f 2443 2438 2439
f 2439 2440 2590
f 2590 2441 2439
f 2439 2442 2443
f 2439 2441 2442
f 2596 2595 2594
f 2594 2595 2447
f 2594 2788 2596
f 2593 2788 2594
f 2594 2592 2593
f 2445 2592 2594
f 2594 2447 2445
f 2959 2957 2956
f 2958 2957 2959
f 2959 2770 2958
f 1871 1961 1962
f 1967 1969 1962
f 1742 1871 1962
f 1962 1743 1742
f 1962 1969 1743
f 1763 1741 1740
f 1763 1764 1741
f 1740 1958 1763
f 1763 1869 1764
f 1958 1869 1763
f 1814 1815 1767
f 1873 1815 1814
f 1767 1766 1814
f 1814 1766 1873
f 3193 3191 3192
f 3192 9334 4177
f 3192 4176 9334
f 3192 3191 4176
f 2192 3643 2072
f 2072 2071 2192
f 2192 2071 3643
f 1987 1880 1881
f 1881 1879 1987
f 1822 1821 1820
f 1820 1819 1822
f 1878 1879 1821
f 1821 1822 1878
f 1878 1822 1877
f 1876 1819 1818
f 1876 1822 1819
f 1877 1822 1876
f 1818 1817 1876
f 1876 1817 1875
f 1988 2084 1883
f 1883 2086 1988
f 1988 2086 2084
f 1996 2085 2083
f 2082 2078 2083
f 2083 2084 2082
f 2083 2085 2084
f 1993 1994 1995
f 1990 1992 1994
f 1994 1993 1990
f 2091 1992 1990
f 1849 1908 1928
f 1928 1852 1849
f 1906 1908 1847
f 1908 1849 1847
f 1910 1929 1909
f 1912 1913 1914
f 1900 1913 1912
f 1915 1910 1912
f 1780 1779 1778
f 1779 1776 1778
f 1778 1776 1775
f 1775 1782 1778
f 1778 1782 1780
f 1835 1831 1903
f 1835 1834 1833
f 1833 1831 1835
f 1835 1836 1834
f 1903 1905 1835
f 1839 1836 1835
f 1835 1905 1842
f 1835 1842 1839
f 1904 1905 1903
f 1904 1830 1906
f 1903 1830 1904
f 1906 1847 1907
f 1907 1847 1846
f 1907 1904 1906
f 1905 1904 1907
f 1907 1846 1842
f 1842 1905 1907
f 1868 1813 1866
f 1548 1868 1866
f 1866 1573 1548
f 1866 1865 1573
f 1866 1953 1865
f 1812 1866 1813
f 9382 1806 1807
f 2056 2059 2057
f 2059 2058 2057
f 1954 1952 2057
f 2057 2058 1954
f 2055 2054 2056
f 2053 2055 1949
f 2054 2055 2053
f 2183 2186 2184
f 2184 2054 2183
f 2317 2186 2183
f 2183 2182 2317
f 1944 1856 1855
f 1855 1940 1944
f 1808 1806 1804
f 1804 9381 1808
f 1808 1807 1806
f 1811 1807 1808
f 3883 3884 3882
f 3883 3881 9342
f 3883 3882 3881
f 9342 3887 3883
f 3886 3884 3883
f 3883 3887 3886
f 3608 3607 3606
f 3375 3607 3608
f 3373 3607 3375
f 3373 3161 3372
f 3373 3375 3161
f 3372 3371 3373
f 3371 3607 3373
f 3381 3380 3378
f 3381 3610 3382
f 3382 3383 3381
f 3383 3380 3381
f 3384 3385 3174
f 3174 3380 3384
f 3174 3385 3175
f 3864 3865 3614
f 3864 3614 9355
f 3864 3862 3863
f 9355 3605 3864
f 3605 3862 3864
f 3863 3866 3864
f 3866 3865 3864
f 3860 3600 3859
f 3861 3600 3860
f 3860 3859 3863
f 3863 3862 3860
f 3860 3862 3861
f 3877 4138 3878
f 3878 3879 3877
f 3876 4136 3877
f 4136 4138 3877
f 3873 3872 3871
f 3872 3870 3871
f 3871 3870 3869
f 3869 3868 3871
f 3871 3868 9352
f 9352 3873 3871
f 3176 2986 2984
f 2984 2983 3176
f 2984 2986 2985
f 2985 2800 2981
f 2981 2984 2985
f 2983 2984 2981
f 2800 2980 2981
f 3175 2983 3171
f 3171 3174 3175
f 3171 3170 3172
f 326 6 3
f 1 325 3
f 3 325 326
f 3 2 1
f 4 2 3
f 6463 6460 6458
f 6458 6533 6463
f 6466 6464 6463
f 6463 6533 6466
f 6462 6464 6356
f 6462 6463 6464
f 6460 6463 6462
f 6356 6351 6461
f 6461 6351 6453
f 6461 6462 6356
f 6453 6460 6461
f 6460 6462 6461
f 6455 6457 6454
f 6456 6457 6455
f 6455 6640 6642
f 6454 6640 6455
f 6642 6456 6455
f 6391 6390 6392
f 6391 6392 6395
f 6395 6248 6391
f 6248 6246 6391
f 6470 6469 6369
f 6470 6359 6358
f 6369 6359 6470
f 6470 6358 6356
f 6356 6357 6470
f 6357 6469 6470
f 6371 6369 6370
f 6369 6469 6370
f 6530 6537 6531
f 6531 6537 6532
f 6531 6456 6530
f 6532 6456 6531
f 6989 7065 6939
f 6939 6990 6989
f 6989 6988 7065
f 6987 6988 6989
f 6989 6990 6987
f 8270 8273 8118
f 8118 8273 8120
f 8116 8269 8118
f 8118 8269 8270
f 8118 8119 8116
f 8120 8119 8118
f 8121 8273 8274
f 8121 8274 8276
f 7067 7066 8121
f 8120 8273 8121
f 8121 7066 8120
f 6696 6695 6730
f 6730 6732 6696
f 6696 6732 6700
f 6731 6732 6730
f 6769 6766 6767
f 9293 6568 6569
f 6762 6773 6763
f 6712 6783 6782
f 6938 6990 6939
f 6987 6990 6938
f 6871 6824 6825
f 6778 6775 6777
f 6833 6836 6777
f 6768 6769 6767
f 6784 6836 6785
f 6778 6777 6784
f 6784 6777 6836
f 6784 6783 6778
f 6784 6782 6783
f 6785 6791 6784
f 6784 6791 6713
f 6784 6713 6712
f 6712 6782 6784
f 6884 6887 6885
f 6453 6351 6350
f 6350 6449 6453
f 6450 6586 6350
f 6587 6451 6585
f 6451 6449 6585
f 6585 6350 6586
f 6449 6350 6585
f 6711 6783 6712
f 6711 6779 6783
f 6574 6633 6678
f 6576 6575 6713
f 6521 6576 6522
f 6520 6576 6521
f 6574 6520 6446
f 6523 6635 6525
f 6179 6178 6177
f 6177 6174 6179
f 6605 6603 6669
f 6603 6668 6669
f 6623 6568 6567
f 6567 6565 6623
f 6623 6565 6621
f 6675 6568 6623
f 6623 6698 6675
f 6621 6698 6623
f 6652 6653 6650
f 6655 6653 6652
f 6650 8705 8704
f 8823 6652 8704
f 8715 8706 8707
f 8715 8707 8710
f 8710 8713 8715
f 8713 8714 8715
f 8709 6646 6644
f 6644 9288 8709
f 6644 6646 6601
f 6601 6600 6644
f 6644 6600 9288
f 6694 6695 6697
f 6695 6696 6697
f 6697 6696 6700
f 6694 6697 6693
f 6693 6697 6698
f 6692 6693 6662
f 6662 6693 6698
f 6662 6621 6671
f 6662 6698 6621
f 6343 6336 6337
f 6337 6339 6343
f 5996 5998 6345
f 8727 8728 8729
f 8728 8840 8729
f 8731 8727 8729
f 8733 8729 8840
f 9076 9077 9075
f 9189 9077 9076
f 9069 9070 8936
f 1664 9068 9069
f 9069 8936 1664
f 6250 9299 6245
f 6245 6247 6250
f 5549 5274 5547
f 5550 5827 5829
f 5829 5554 5550
f 5279 5552 5550
f 5550 5554 5279
f 5550 5277 5553
f 5550 5552 5277
f 5530 5531 5524
f 5532 5531 5530
f 6361 6177 6366
f 6177 6178 6366
f 6368 6369 6371
f 6368 6359 6369
f 6169 6338 6343
f 6168 6338 6169
f 5993 6343 6170
f 9323 4588 4586
f 9322 4588 9323
f 9323 4876 9322
f 5167 4876 9323
f 9323 4875 5167
f 4304 4302 4620
f 4620 4623 4304
f 4621 4919 4622
f 4622 4623 4621
f 5435 5434 5162
f 5441 4876 5167
f 5166 4878 9321
f 9322 4876 9321
f 9321 4876 4877
f 5169 4878 5166
f 4595 5169 5170
f 4879 9321 4878
f 6428 6499 6556
f 6556 6499 6555
f 6555 6557 6556
f 6556 6429 6428
f 6557 6429 6556
f 6426 6499 6428
f 6427 6499 6426
f 6495 6494 6497
f 6494 6499 6497
f 6497 6499 6427
f 6497 6498 6495
f 4912 4920 4919
f 3723 3724 9351
f 9351 3732 3723
f 9351 3735 3732
f 3739 3735 9351
f 5132 5133 5407
f 5407 5408 5132
f 5416 5133 5132
f 5132 5408 5416
f 5418 5415 5414
f 5418 5707 5708
f 5414 5707 5418
f 5417 5415 5418
f 4868 4867 4863
f 4864 4867 9324
f 3047 3046 3040
f 3941 4251 4253
f 4253 3951 3941
f 3940 4249 3941
f 4249 4251 3941
f 4563 4868 4564
f 4564 4569 4563
f 3220 3439 3221
f 3451 3453 3452
f 3455 3453 3451
f 3457 3455 3451
f 3451 3456 3457
f 4847 5677 4848
f 5677 4849 4848
f 3661 3663 3420
f 3420 3663 3662
f 3420 3419 3661
f 3420 3197 3419
f 4225 4224 4223
f 4223 5127 4225
f 3929 4222 4223
f 4223 5125 5127
f 4222 5125 4223
f 3934 3663 3661
f 3934 4224 3663
f 3934 4223 4224
f 3661 3419 3934
f 3202 3200 3422
f 3423 3202 3422
f 3422 3421 3423
f 3422 3200 3662
f 3662 3421 3422
f 4225 4231 4226
f 4231 4227 4226
f 4226 4227 3663
f 4226 4224 4225
f 3663 4224 4226
f 3423 3421 4228
f 3421 4227 4228
f 4228 4229 3423
f 4228 4231 4233
f 4228 4227 4231
f 4867 4864 4860
f 9324 4557 4860
f 4860 4864 9324
f 4860 4863 4867
f 5133 9313 4860
f 4861 4863 4860
f 4860 9313 4861
f 4859 4557 4558
f 9324 4560 4558
f 4558 4557 9324
f 5134 5135 5406
f 5406 5692 5134
f 4853 5131 5402
f 5402 5401 4853
f 5402 5131 5400
f 4560 4562 4561
f 4561 4555 4559
f 4244 4555 4561
f 4551 5131 4552
f 4552 4553 4551
f 4552 5131 4853
f 4853 4553 4552
f 5405 5406 5135
f 5691 5692 5405
f 5692 5406 5405
f 4245 4554 4241
f 4241 4555 4245
f 4554 4555 4241
f 3206 3023 3022
f 3206 3022 3205
f 3206 3429 3428
f 3428 3671 3207
f 3207 3671 3208
f 2836 2823 2825
f 2823 3023 2825
f 3022 2823 2822
f 2823 2826 2822
f 3019 3202 2820
f 3019 3201 3202
f 2820 2648 3019
f 3019 2648 3201
f 3200 3201 3021
f 3201 2648 3021
f 2673 2670 2669
f 2673 2864 2866
f 2866 2868 2673
f 2669 2858 2673
f 2858 2864 2673
f 2667 2673 2677
f 2666 2850 2667
f 2667 2850 2668
f 2667 2668 2670
f 2670 2673 2667
f 2837 2849 2836
f 3025 3207 3208
f 2852 2855 2858
f 2847 2855 2852
f 2852 2858 2669
f 2669 2847 2852
f 2687 2684 2688
f 2688 2684 2686
f 2686 2690 2688
f 2688 2694 2687
f 2688 2690 2693
f 2693 2694 2688
f 2682 2679 2680
f 2680 2684 2682
f 2686 2684 2685
f 2685 2873 2874
f 2685 2868 2873
f 2874 2689 2685
f 2685 2689 2686
f 2690 2689 2692
f 2692 2689 2691
f 2710 2530 2529
f 2711 2530 2710
f 2710 2708 2711
f 2699 2708 2710
f 4580 4874 4581
f 4581 4585 4580
f 4580 4585 4874
f 4871 4585 4579
f 5435 5162 4579
f 4279 3971 4283
f 4284 3971 4279
f 4279 4278 4284
f 4273 4274 4272
f 4272 5161 5435
f 9328 4575 4268
f 4268 4266 9328
f 9328 4266 4265
f 3962 3963 3689
f 4265 3963 3962
f 4275 4274 4280
f 4280 4281 4275
f 3965 4281 3966
f 4281 4280 3966
f 3966 4280 4282
f 4621 4618 4617
f 4617 4615 4621
f 4618 4615 4617
f 4610 4592 4913
f 4913 4592 4609
f 4913 4912 4919
f 4609 4912 4913
f 4913 4919 4621
f 4614 4615 4618
f 4618 4616 4614
f 4616 4612 4614
f 4614 4612 4611
f 4285 4286 4586
f 4616 4286 4285
f 4586 4587 4285
f 4611 4616 4285
f 4285 4587 4611
f 4287 4583 4586
f 4586 4286 4287
f 3992 3989 4319
f 4317 4318 4319
f 4319 3989 4317
f 3723 3725 3716
f 3994 4002 3996
f 3996 4002 3997
f 3995 3721 3996
f 3996 3998 3995
f 3997 3998 3996
f 3709 3712 3710
f 3467 3730 3472
f 3976 4293 4297
f 4297 4293 4294
f 4294 4292 4297
f 4293 4292 4294
f 3071 3076 3075
f 3070 3076 3071
f 3071 3069 3070
f 3075 3073 3071
f 3072 3073 3074
f 2886 3068 3072
f 3068 3069 3072
f 3072 3071 3073
f 3069 3071 3072
f 3072 2887 2886
f 3074 2887 3072
f 3079 3078 3077
f 3079 9366 2895
f 3077 3076 3079
f 3079 3076 3080
f 2896 3085 2897
f 2896 2897 2895
f 2895 9366 2896
f 3447 3687 3444
f 3458 3456 3447
f 3447 3448 3458
f 3444 3687 3696
f 3686 3696 3687
f 3250 3254 3249
f 3255 3254 3250
f 3255 3080 3260
f 3260 3070 3255
f 3057 3065 2862
f 2862 3049 3057
f 3057 3049 3050
f 3055 3050 3051
f 3065 3057 3055
f 3055 3057 3050
f 3048 3046 3047
f 3048 3050 3046
f 3051 3050 3048
f 3047 3229 3048
f 3225 3229 3047
f 3047 3040 3225
f 3225 3040 3039
f 3460 3463 3458
f 3232 3455 3457
f 3457 3233 3232
f 3232 3233 3455
f 3234 3233 3236
f 3236 3233 3464
f 3464 3237 3236
f 3236 3238 3234
f 3236 3237 3238
f 3476 3474 3475
f 3252 3251 3477
f 3477 3481 3252
f 3259 3261 3082
f 3080 3255 3082
f 3082 3079 3080
f 3674 3673 3946
f 3432 3673 3674
f 3433 3210 3432
f 3432 3674 3433
f 3433 3674 3675
f 3938 3936 3943
f 4242 4243 3949
f 4554 4243 4238
f 4238 4553 4554
f 4238 4237 4553
f 3205 3426 3425
f 3431 3430 3210
f 3210 3209 3431
f 3431 3209 3208
f 3208 3671 3431
f 3431 3671 3430
f 3033 3209 3210
f 3033 3210 3031
f 3033 2840 2839
f 2940 2941 2942
f 2941 3138 2942
f 3581 3587 3580
f 3584 3587 3581
f 3581 3580 3579
f 3579 3582 3581
f 3582 3584 3581
f 3588 3587 3586
f 3586 3587 3585
f 3586 3591 3588
f 3585 3591 3586
f 3365 3368 3152
f 3367 3368 3365
f 3153 3154 2955
f 3153 3150 3152
f 2955 3150 3153
f 3857 3600 3598
f 3149 3147 3363
f 3827 3826 3825
f 3825 3828 3827
f 4093 3828 3825
f 3825 3824 4093
f 4096 4099 4098
f 4098 3828 4096
f 3829 3828 4098
f 3568 3821 3822
f 3821 3824 3822
f 3824 3825 3822
f 3822 3569 3568
f 3572 3569 3822
f 3822 3826 3572
f 3822 3825 3826
f 4133 4131 4134
f 4134 3848 4133
f 4132 4131 4133
f 4133 3848 4132
f 3847 3849 3851
f 3847 3848 3849
f 3851 3854 3847
f 3847 3854 3845
f 3845 3848 3847
f 4483 4480 4495
f 4495 4493 4483
f 4481 4480 4483
f 4483 4493 4489
f 4489 4487 4483
f 4483 4482 4481
f 4483 4487 4482
f 4128 4127 4129
f 4126 4127 4128
f 4128 4129 4130
f 4130 4131 4128
f 4128 4131 4132
f 4132 4126 4128
f 4405 4418 4064
f 4407 4418 4405
f 4406 4407 4405
f 4727 4414 4726
f 4726 4725 4727
f 5046 5047 5048
f 5333 5051 5048
f 5048 5047 5333
f 5048 5051 5050
f 5050 4728 5048
f 5040 5037 5043
f 5043 5042 5040
f 5040 5042 5041
f 5036 5037 5034
f 4722 5041 4724
f 4721 5040 4722
f 4722 5040 5041
f 4412 4410 4716
f 4717 4399 4716
f 4716 4714 4412
f 4716 4399 4714
f 4406 4401 4409
f 4409 4401 4717
f 4409 4408 4406
f 4409 4410 4408
f 4717 4716 4409
f 4409 4716 4410
f 4408 4410 4411
f 4411 4414 4415
f 4415 4408 4411
f 4396 4712 4713
f 3776 3514 3773
f 3773 4059 3776
f 3776 4059 3778
f 4058 4059 3773
f 3510 3286 3285
f 3516 3286 3510
f 3285 3509 3510
f 3510 3509 3508
f 3510 3508 3511
f 3511 3515 3510
f 3510 3515 3516
f 3777 3515 3514
f 3777 3776 3778
f 3514 3776 3777
f 4396 4399 4397
f 4397 4399 4054
f 4717 4401 4400
f 4401 4055 4400
f 4400 4054 4717
f 4400 4055 4054
f 4388 4391 4392
f 4689 4688 4691
f 4700 4702 4697
f 5260 5532 5533
f 3755 3754 4014
f 3754 3752 4014
f 4014 3751 4013
f 4014 3752 3751
f 3771 3513 3770
f 3767 3772 3771
f 3773 3513 3771
f 3771 3772 3773
f 4705 4702 4706
f 4706 4707 4705
f 4705 4708 4704
f 4705 4707 4709
f 4709 4710 4705
f 4710 4708 4705
f 5010 5007 5009
f 4706 5007 5010
f 5010 4707 4706
f 5010 5031 4707
f 5003 5005 5004
f 5004 5005 5007
f 5004 4702 4700
f 3749 3494 3489
f 3489 3742 3749
f 3489 3494 3490
f 3490 3487 3489
f 3273 3269 3268
f 3089 3086 3273
f 3086 3269 3273
f 3270 3272 3273
f 3273 3090 3089
f 3490 3493 3271
f 3491 3490 3271
f 3271 3272 3491
f 3480 3482 3479
f 3480 3266 3482
f 3479 3737 3480
f 3294 3293 3291
f 3291 3295 3294
f 3294 3295 3296
f 3289 3521 3520
f 3521 3529 3520
f 3520 3288 3289
f 3530 3520 3529
f 3528 3295 3530
f 3530 3529 3528
f 3525 3523 3524
f 3524 3792 3525
f 3523 3529 3524
f 3524 3529 3521
f 3521 3784 3524
f 3518 3516 3517
f 3517 3780 3518
f 3516 3515 3517
f 3785 3784 3522
f 3783 3786 3785
f 3786 3787 3785
f 3785 3780 3783
f 3522 3780 3785
f 3544 3320 3543
f 3543 3320 3319
f 3319 3540 3543
f 3796 3534 3794
f 5624 5623 5625
f 5625 5626 5624
f 5625 5627 5626
f 5623 5891 5625
f 5894 5630 5629
f 5630 5627 5629
f 5634 5633 5632
f 5632 5633 5628
f 5628 5631 5632
f 5632 5631 5906
f 5910 5634 5632
f 5632 5906 5910
f 3889 4144 3890
f 3890 3888 3889
f 3888 3887 3889
f 3889 3887 4145
f 4145 4142 3889
f 3889 4142 4144
f 5001 5000 5012
f 5289 5013 5012
f 5012 5000 5289
f 5283 5281 5565
f 5565 5567 5283
f 5283 5567 5285
f 5283 5285 5282
f 5282 5281 5283
f 5568 5564 5838
f 5561 5564 5562
f 5562 5564 5565
f 5565 5280 5562
f 5559 5561 5562
f 5562 5280 5559
f 5318 5316 5317
f 5317 5319 5318
f 5035 5321 5036
f 5322 5321 5035
f 4711 4708 4710
f 4711 4713 4712
f 4720 4713 4711
f 4711 4712 4704
f 4704 4708 4711
f 4721 4720 5038
f 5038 5040 4721
f 5037 5040 5038
f 5038 5034 5037
f 4988 5002 4989
f 4989 5002 5003
f 4999 5001 4994
f 5001 5002 4994
f 4994 5002 4990
f 4994 4993 4999
f 4990 4993 4994
f 4997 5276 5282
f 5282 5284 4997
f 4996 5276 4997
f 4997 4998 4996
f 4997 5284 4998
f 5287 5288 5289
f 5289 5000 5287
f 5287 5000 4998
f 4998 5284 5287
f 5284 5288 5287
f 5015 5288 5016
f 5015 5013 5289
f 5289 5288 5015
f 4999 4993 4995
f 4995 5000 4999
f 4998 5000 4995
f 4995 5275 4998
f 4995 4993 5275
f 4991 4985 5273
f 5273 4985 4983
f 5268 5269 5267
f 5267 5542 5268
f 5270 5269 5268
f 5268 5543 5270
f 5542 5543 5268
f 5547 5543 5546
f 5546 5543 5545
f 5546 5549 5547
f 5540 5538 5542
f 5540 5542 5264
f 5264 5260 5540
f 5541 5538 5821
f 5821 5538 5537
f 6050 6262 6054
f 9299 6262 6050
f 5311 5303 5310
f 5310 5313 5311
f 5313 5314 5311
f 5291 5292 5019
f 5292 5293 5019
f 5019 5293 5296
f 5570 5838 5839
f 5839 5842 5570
f 5842 5571 5570
f 5570 5568 5838
f 5571 5568 5570
f 5308 5304 5306
f 5306 5589 5308
f 5586 5589 5306
f 5306 5305 5586
f 5306 5304 5305
f 6069 6068 6070
f 6068 6072 6070
f 6070 5833 6069
f 6074 5833 6070
f 6070 6072 6074
f 8599 9255 8601
f 8601 9255 8603
f 8603 8448 8447
f 8447 8446 8603
f 8448 8446 8447
f 8824 8917 8918
f 8918 8827 8824
f 8828 8917 8824
f 8824 8920 8828
f 8824 8719 8920
f 8722 8719 8824
f 8721 8719 8722
f 8920 8719 8721
f 8722 9255 8721
f 8599 8446 8444
f 8444 8446 8269
f 8920 8923 8924
f 8919 8923 8920
f 8920 8721 8919
f 8919 8721 8720
f 8720 9054 8919
f 9054 8923 8919
f 6987 6986 7966
f 6871 7825 7827
f 6873 6824 6871
f 8763 8768 8764
f 8636 8637 8634
f 8636 8638 8637
f 8636 8646 8638
f 8644 8646 8645
f 8508 8507 8645
f 8645 8507 8644
f 8645 8646 8647
f 8645 8648 8508
f 8647 8648 8645
f 8662 8529 8661
f 8526 8657 8660
f 8660 8529 8526
f 8661 8529 8660
f 8660 8659 8661
f 8657 8659 8660
f 8666 8665 8762
f 8762 8665 8760
f 8762 8770 8666
f 8762 8760 8769
f 8769 8770 8762
f 8664 8659 8763
f 8661 8659 8664
f 8763 8665 8664
f 8664 8665 8666
f 8745 8746 8742
f 8745 8857 9254
f 8742 8740 8741
f 8740 8739 8741
f 8737 8616 8614
f 8614 8613 8737
f 8618 8616 8737
f 8737 8739 8618
f 8737 8613 8736
f 5660 5662 5663
f 5663 5662 5918
f 5918 9314 5663
f 9314 5100 5663
f 5099 5100 4162
f 4162 5098 5099
f 5099 5663 5100
f 5099 5661 5660
f 5660 5663 5099
f 3193 2063 3196
f 2063 2062 3196
f 4170 4175 4174
f 4175 3901 4174
f 4174 3900 4170
f 4174 2994 3900
f 6910 6909 6971
f 6970 9282 6971
f 6971 9282 6910
f 6971 6909 6904
f 6922 9282 6972
f 6972 6973 6922
f 6972 6968 6973
f 6970 6968 6972
f 6972 9282 6970
f 6917 6918 6914
f 6918 6913 6914
f 6810 6812 6813
f 6813 6814 6810
f 6809 6815 6813
f 6813 6812 6809
f 6815 4511 6813
f 5919 6757 6760
f 5919 5920 6757
f 6760 6811 5919
f 5919 6811 6814
f 4164 5920 5919
f 6804 6807 6756
f 6804 6753 6803
f 6806 6807 6804
f 6803 6802 6804
f 6804 6802 6853
f 6853 6806 6804
f 6910 6913 6911
f 6908 6909 6911
f 6911 6909 6910
f 118 121 86
f 86 87 118
f 85 87 86
f 121 84 86
f 1493 1492 128
f 126 1493 128
f 128 1492 131
f 131 130 128
f 127 126 128
f 128 129 127
f 130 129 128
f 8517 8518 8516
f 8519 8518 8517
f 8517 8516 8513
f 8513 8653 8517
f 8654 8525 8524
f 8654 8656 8525
f 8513 8516 8514
f 8516 8346 8514
f 8514 8346 8345
f 8331 8332 8333
f 8333 8332 8334
f 8506 8510 8338
f 8503 8505 8337
f 8337 8338 8336
f 8337 8505 8506
f 8506 8338 8337
f 8151 8149 8342
f 8149 8341 8342
f 7644 7653 7641
f 7641 7646 7644
f 7644 7646 7653
f 7540 7539 7544
f 7544 7545 7433
f 7433 7543 7544
f 7537 7653 7652
f 7652 7646 7651
f 7653 7646 7652
f 7546 7539 7656
f 7656 7661 7546
f 7546 7661 7547
f 7546 7544 7539
f 7546 7547 7545
f 7545 7544 7546
f 7533 7535 7534
f 7533 7542 7637
f 7637 7535 7533
f 7541 7538 7540
f 7542 7533 7541
f 7541 7543 7419
f 7540 7544 7541
f 7541 7544 7543
f 7534 7538 7541
f 7541 7533 7534
f 7768 7640 7639
f 7637 7635 7639
f 7639 7638 7637
f 7639 7640 7638
f 7639 7767 7768
f 7639 7635 7767
f 7648 7645 7770
f 7770 7772 7648
f 7770 7645 7643
f 7771 7772 7770
f 7770 7769 7771
f 7770 7643 7761
f 7761 7769 7770
f 7920 8057 8059
f 8054 8055 8056
f 8058 8059 8056
f 8056 8059 8057
f 7905 7903 7904
f 7903 7902 7904
f 8347 8156 8344
f 8156 8155 8344
f 8344 8346 8347
f 8345 8346 8344
f 8153 8152 8151
f 8153 8155 8152
f 8151 8342 8153
f 8021 7897 7896
f 7896 7897 7898
f 7896 7898 7901
f 7901 7895 7896
f 7886 7885 8013
f 7884 7885 7886
f 7886 7887 7884
f 7744 7894 7747
f 7747 7746 7744
f 7752 7749 7747
f 7747 7894 7752
f 7747 7748 7746
f 7749 7748 7747
f 9271 7447 7451
f 7447 7448 7451
f 7660 7550 7549
f 7549 7661 7660
f 7549 7550 7548
f 7548 7547 7549
f 7547 7661 7549
f 7551 7552 7553
f 7553 7550 7551
f 7553 7556 7550
f 7446 7556 7553
f 7553 7448 7446
f 7552 7448 7553
f 7443 7444 7445
f 7444 7557 7445
f 7445 7557 7550
f 7445 7550 7446
f 7446 7447 7445
f 7445 7447 7443
f 9269 7649 7774
f 7774 7778 9269
f 7657 7650 9269
f 9269 7650 7649
f 9269 7658 7657
f 7662 7658 9269
f 7778 7666 9269
f 7775 7778 7774
f 8041 8040 8042
f 8042 8182 8041
f 8045 8044 8043
f 8043 8046 8045
f 8043 8041 8182
f 8044 8041 8043
f 8897 8801 8896
f 8805 8693 8802
f 8802 8804 8805
f 8801 8804 8802
f 8705 8706 8701
f 8706 8715 8701
f 8701 8715 8808
f 8854 8855 8856
f 8987 8986 8988
f 8987 8862 8860
f 8860 8859 8984
f 8984 8987 8860
f 8986 8987 8984
f 8982 8986 8984
f 8984 8855 8982
f 8984 8859 8855
f 8867 8869 8868
f 8867 8868 8866
f 8866 8864 8867
f 8773 8775 8774
f 8673 8773 8774
f 8774 8674 8673
f 8675 8674 8774
f 8777 8776 8871
f 8777 8775 8776
f 8871 8872 8777
f 8877 8873 8876
f 8876 8878 8877
f 8875 8873 8874
f 8873 8872 8874
f 8874 8872 8988
f 8988 8986 8874
f 8752 8624 8751
f 8624 8749 8751
f 8751 8865 8752
f 8863 8865 8751
f 8861 8863 8750
f 8750 9254 8861
f 8863 8751 8750
f 8750 8751 8749
f 9079 9080 1661
f 8939 8942 8941
f 8941 8940 8939
f 8961 8940 8941
f 8941 8942 8943
f 8978 9106 9247
f 8978 9247 8994
f 9247 9106 9107
f 9002 9001 9107
f 9107 9001 9247
f 8985 8986 8982
f 8982 8981 8985
f 8985 8874 8986
f 8981 8990 8985
f 8875 8874 8985
f 8985 8990 8875
f 9092 9090 9199
f 9197 9199 9090
f 9196 9199 9197
f 9212 9102 9210
f 9210 9102 9100
f 9100 9099 9210
f 9100 9102 9101
f 9100 9101 8953
f 8220 8401 8576
f 8576 8405 8220
f 8407 8406 8584
f 8584 8405 8581
f 8581 8582 8584
f 5434 5715 5719
f 5712 5713 5715
f 5967 5713 5712
f 5150 4574 4575
f 4575 5149 5150
f 5150 5149 5151
f 5151 4576 5150
f 5150 4576 4574
f 5147 5145 5148
f 5148 5149 5147
f 5951 5952 5956
f 5959 5717 5960
f 5960 5956 5959
f 5955 5956 5952
f 5959 5956 5955
f 5955 5717 5959
f 9301 5717 5955
f 8571 8570 8572
f 8572 8569 8571
f 8571 8569 8570
f 8697 8714 8565
f 8696 8714 8697
f 8565 8563 8697
f 8697 8563 8696
f 6606 6610 6607
f 6610 6611 6607
f 6601 6606 6607
f 6607 6608 6601
f 6609 6608 6607
f 6607 6611 6609
f 6597 6555 6595
f 6555 6594 6595
f 9289 6597 6595
f 6591 6549 6491
f 6548 6591 6491
f 6593 6492 6491
f 6491 6549 6593
f 6491 6492 6495
f 6495 6496 6491
f 6490 6547 6412
f 6546 6547 6490
f 6490 6409 6546
f 6418 6491 6496
f 8397 8566 8398
f 8398 8566 8567
f 8567 8402 8398
f 8556 8688 8689
f 8556 8557 8555
f 8556 8689 8557
f 8788 8790 8787
f 8789 8790 8788
f 8886 8891 8885
f 8396 8394 8393
f 8399 8394 8396
f 8396 8395 8397
f 8397 8398 8396
f 8223 8225 8224
f 8223 8212 8222
f 8222 8410 8223
f 8223 8410 8412
f 8528 8356 8521
f 8361 8356 8528
f 8521 8522 8528
f 8522 8523 8528
f 8184 8186 8187
f 8185 8184 8177
f 8186 8184 8185
f 8358 8359 8190
f 8358 8356 8361
f 8361 8362 8360
f 8360 8358 8361
f 8359 8358 8360
f 8182 8178 8049
f 8049 8043 8182
f 8046 8043 8049
f 8177 8178 8176
f 8168 8353 8173
f 8173 8169 8168
f 8170 8169 8171
f 8171 8027 8170
f 8170 8027 8165
f 8170 8168 8169
f 8535 8671 8537
f 8535 8533 8531
f 8536 8535 8537
f 8533 8535 8536
f 9260 8533 8536
f 8536 8543 9260
f 8544 8543 8542
f 8539 8540 8538
f 8537 8539 8538
f 8538 8542 8543
f 8538 8536 8537
f 8543 8536 8538
f 8538 8540 8541
f 8541 8542 8538
f 8673 8674 8672
f 8674 8540 8672
f 8672 8540 8539
f 8672 8669 8673
f 8672 8539 8669
f 8663 8667 8671
f 8663 8662 8661
f 8671 8662 8663
f 8666 8667 8663
f 8663 8664 8666
f 8661 8664 8663
f 8670 8668 8669
f 8670 8667 8668
f 8669 8539 8670
f 8670 8539 8537
f 8537 8671 8670
f 8671 8667 8670
f 8553 8552 8554
f 8389 8552 8553
f 8554 8392 8553
f 8392 8389 8553
f 8684 8552 8683
f 8541 8677 8679
f 8678 8681 8679
f 8679 8677 8678
f 8551 8388 8382
f 8551 8552 8388
f 8551 8683 8552
f 8215 8214 8216
f 8390 8217 8216
f 8217 8215 8216
f 8213 8214 8212
f 8228 8229 8069
f 8211 8223 8224
f 8212 8223 8211
f 8211 8213 8212
f 8210 8225 8228
f 9259 8543 8544
f 9260 8543 9259
f 8204 8205 8203
f 8203 8205 8067
f 8531 8364 8530
f 8530 8364 8527
f 8530 8527 8526
f 8526 8529 8530
f 5399 5402 5400
f 5401 5402 5399
f 5686 5685 5689
f 5684 5685 5686
f 6106 6105 7698
f 7698 6105 6281
f 5680 5677 5679
f 5676 5674 5675
f 5676 5679 5677
f 5676 5677 4847
f 4847 5674 5676
f 4233 4232 4230
f 4230 4228 4233
f 4229 4228 4230
f 5681 5682 5400
f 5400 5130 5681
f 6281 5682 5681
f 5680 7579 5681
f 5681 7579 7585
f 5681 7585 6281
f 5129 5130 4550
f 4847 4842 4846
f 4842 4843 4846
f 4846 4843 5931
f 5675 4847 4846
f 4846 5931 5675
f 4840 4549 4225
f 4840 4841 4549
f 4840 4225 4844
f 4844 4845 4840
f 4845 4841 4840
f 5688 5691 5936
f 5936 5692 5688
f 5688 5692 5691
f 5407 5692 5937
f 5937 5692 5936
f 5414 5413 5410
f 7695 7815 6108
f 8241 8243 8101
f 6284 8103 6287
f 7953 5942 5941
f 5413 5694 5409
f 5409 5694 5942
f 5409 5410 5413
f 5941 5942 5940
f 5942 5694 5940
f 5708 5706 5419
f 5419 5706 5422
f 5422 5420 5144
f 5144 5420 5145
f 5144 5419 5422
f 5708 5419 5144
f 5699 5696 5697
f 5699 5706 5707
f 5154 5144 5146
f 5146 5144 5145
f 4575 4869 5153
f 5147 4575 5153
f 5153 5145 5147
f 5153 5146 5145
f 4869 5146 5153
f 4566 5154 4572
f 5154 5146 4572
f 4572 5146 4869
f 4574 4576 4269
f 4275 4267 4269
f 4269 4267 4574
f 6288 6111 6290
f 6111 5948 6290
f 5950 5948 5951
f 5948 5950 5702
f 6112 6109 6292
f 6292 8251 6112
f 6292 6109 6111
f 6111 8251 6292
f 8245 8251 8252
f 8252 8243 8245
f 8245 8243 8416
f 8250 8248 6112
f 6112 8251 8250
f 6114 6110 6113
f 6113 8248 6114
f 6110 8248 6113
f 8249 6293 6114
f 6114 8248 8249
f 6293 8249 6115
f 6114 6293 6115
f 8417 8414 8416
f 8418 8414 8417
f 8417 8419 8418
f 8416 8243 8417
f 8228 8225 8227
f 8227 8225 8418
f 8227 8229 8228
f 8227 8419 8229
f 8418 8419 8227
f 8226 8414 8418
f 8418 8225 8226
f 8412 8414 8226
f 8226 8223 8412
f 8225 8223 8226
f 8420 8243 8241
f 8241 8419 8420
f 8420 8417 8243
f 8419 8417 8420
f 8229 8419 8231
f 8231 8230 8229
f 8232 8230 8231
f 7625 7629 7628
f 7517 7512 7628
f 7517 7628 7633
f 7633 7628 7629
f 7523 7518 7633
f 7633 7518 7517
f 7633 7527 7523
f 7633 7530 7527
f 7118 7115 7230
f 7230 7131 7231
f 7230 7121 7118
f 7231 7232 7230
f 7232 7121 7230
f 7208 7207 7310
f 7208 7311 7210
f 7310 7311 7208
f 7205 7111 7206
f 7206 7207 7205
f 7110 7111 7205
f 7112 9278 7035
f 7112 7109 7110
f 7035 7109 7112
f 7113 9278 7112
f 7112 7205 7113
f 7110 7205 7112
f 7301 7300 7197
f 7301 7197 7196
f 7196 7299 7301
f 7301 7401 7406
f 7299 7401 7301
f 7406 7302 7301
f 7302 7300 7301
f 7107 7105 7103
f 7103 7102 7107
f 7105 7104 7103
f 7104 7102 7103
f 6957 7040 6959
f 6959 7040 7042
f 6959 6960 6957
f 7038 7040 7031
f 7031 7033 7038
f 7038 7033 7034
f 7041 7040 7038
f 7038 7039 7041
f 6966 6968 6970
f 6964 6960 6969
f 6969 6966 6970
f 6960 6966 6969
f 6970 6971 6969
f 6969 6971 6904
f 6904 6900 6969
f 6969 6900 6964
f 7027 7028 6955
f 6955 6954 7027
f 7028 7029 6955
f 6955 7029 6957
f 6957 6954 6955
f 6907 6860 6903
f 6903 6906 6907
f 6903 6860 6902
f 6902 6901 6903
f 6901 6906 6903
f 7046 7044 7043
f 7034 7035 7037
f 7037 7038 7034
f 7039 7038 7037
f 7037 7035 7036
f 7036 7123 7037
f 7037 7123 7124
f 7124 7039 7037
f 6922 6973 6923
f 6973 6967 6974
f 6975 6973 6974
f 7042 7044 6974
f 6974 6967 7042
f 6974 7046 6975
f 7044 7046 6974
f 6978 7048 7049
f 7049 7048 7127
f 7324 7321 7322
f 7322 7219 7324
f 7323 7321 7324
f 7324 7219 7323
f 7223 7218 7220
f 7237 7236 7339
f 7221 7330 7331
f 7466 7333 7332
f 7332 7330 7329
f 7329 7328 7332
f 7333 7331 7332
f 7332 7331 7330
f 7062 7063 7064
f 5664 7247 5927
f 5667 7247 5664
f 5927 5669 5664
f 5664 5669 5667
f 7143 7247 5667
f 7143 5665 7144
f 5667 5665 7143
f 5110 5116 5114
f 7217 7229 7228
f 7131 7230 7228
f 7228 7116 7217
f 5123 5389 5124
f 5385 5389 5123
f 5108 5104 5106
f 4805 5104 5108
f 4806 4805 5107
f 5107 5109 4806
f 5118 5116 5115
f 5382 5380 5385
f 5106 5380 5382
f 5117 4205 5119
f 5117 5116 5118
f 5117 5114 5116
f 5112 5110 5117
f 5110 5114 5117
f 5119 4205 4206
f 4206 4205 4204
f 5112 4829 5111
f 4810 4809 5111
f 5111 4809 5112
f 2474 3919 3648
f 4543 4206 4204
f 4543 4545 4546
f 4546 4206 4543
f 4546 4545 3001
f 3001 3000 4546
f 2628 3001 2630
f 4215 4547 4217
f 3653 4547 4215
f 3651 3653 4215
f 5929 5930 5672
f 5672 5671 5929
f 9311 5665 5392
f 5392 5390 9311
f 5390 5389 9311
f 9311 5385 5381
f 9311 5389 5385
f 5392 5665 5668
f 5668 5665 5667
f 5668 5393 5392
f 5667 5393 5668
f 7144 5665 7142
f 5381 7063 7142
f 7142 5665 5381
f 5126 5125 4222
f 5671 5125 5396
f 5396 5670 5671
f 5125 5126 5396
f 4222 5670 5396
f 5396 5126 4222
f 5928 5669 5927
f 5671 5669 5928
f 5928 5929 5671
f 5926 5929 5928
f 3637 4185 3636
f 3636 3904 3637
f 3635 3905 3906
f 3635 3903 3905
f 3906 3904 3635
f 3904 3636 3635
f 3635 3636 4185
f 2195 2194 3906
f 2193 2072 3641
f 3641 3644 2193
f 2197 2076 2089
f 4199 4834 4833
f 6917 6914 6920
f 6920 9282 6922
f 4800 4798 6917
f 6973 6976 6921
f 6921 6923 6973
f 6922 6923 6921
f 4822 4536 4534
f 4196 3919 3646
f 3646 3913 4196
f 3646 2473 2329
f 3919 2473 3646
f 4194 4536 4193
f 4534 4536 4194
f 4194 4195 4534
f 4194 3912 2327
f 3645 2329 2327
f 2327 3912 3645
f 3645 3646 2329
f 3913 3646 3645
f 3914 4193 4196
f 4196 3913 3914
f 3914 4194 4193
f 3912 4194 3914
f 3913 3645 3914
f 3914 3645 3912
f 7359 7363 7356
f 7359 7362 7363
f 7359 7358 7360
f 7356 7358 7359
f 7542 7415 7414
f 7532 7636 7414
f 7414 7636 7542
f 7531 7532 7414
f 7414 7415 7413
f 7412 7413 7411
f 7411 7529 7412
f 7412 7414 7413
f 7412 7529 7531
f 7531 7414 7412
f 7307 7425 7423
f 7423 7311 7307
f 7423 7427 7311
f 7423 7425 7416
f 7416 7420 7423
f 7423 7420 7427
f 7428 7422 7429
f 7429 7312 7428
f 7421 7420 7419
f 7422 7420 7421
f 7419 7543 7421
f 7432 7429 7421
f 7421 7429 7422
f 7421 7543 7433
f 7433 7432 7421
f 7508 7509 7510
f 7511 7508 7510
f 7510 7513 7511
f 7510 7512 7513
f 7625 7626 7627
f 7627 7629 7625
f 7627 7767 7630
f 7627 7626 7767
f 7765 7749 7751
f 7765 7766 7749
f 7765 7751 7764
f 7764 7640 7765
f 7765 7640 7768
f 7768 7767 7765
f 7767 7766 7765
f 8007 7864 8004
f 8009 7864 8007
f 8007 8004 8006
f 8006 8008 8007
f 8008 8009 8007
f 8146 8147 8145
f 8146 8144 8329
f 8145 8144 8146
f 8146 8329 8330
f 8146 8330 8331
f 8141 8140 8329
f 8329 8144 8141
f 8139 8140 8141
f 8143 8139 8141
f 8141 8142 8143
f 8001 8142 8141
f 8141 8144 8001
f 7998 8000 7862
f 7862 8000 7863
f 7863 7861 7862
f 7862 7857 7998
f 7862 7858 7857
f 7862 7861 7858
f 2277 2278 2276
f 2404 2407 2277
f 2277 2407 2283
f 2274 2404 2277
f 2277 2276 2274
f 2283 2280 2277
f 2280 2278 2277
f 2279 2155 9377
f 2279 2278 2155
f 2279 9377 2146
f 2146 9376 2279
f 9376 2278 2279
f 2160 9374 9373
f 9374 9372 9373
f 9373 9372 2302
f 9373 2302 2163
f 2161 2160 9373
f 9373 2163 2161
f 2969 3163 3165
f 3166 3167 3165
f 3165 2970 2969
f 3167 2970 3165
f 3164 3377 3166
f 3166 3165 3164
f 3164 3165 3163
f 3162 3377 3164
f 3164 3163 3162
f 2967 2969 2968
f 2967 3163 2969
f 2784 2782 2785
f 2971 2972 2785
f 2785 2786 2784
f 2975 2786 2785
f 2775 2774 2773
f 2773 2776 2775
f 2777 2776 2773
f 2778 2776 2777
f 2968 2971 2778
f 2961 2964 2771
f 2771 2770 2961
f 2433 2435 2434
f 2432 2431 2433
f 2434 2298 2433
f 2433 2298 2432
f 2774 2586 2584
f 2431 2430 2584
f 2584 2433 2431
f 2587 2435 2585
f 2435 2433 2585
f 2585 2584 2586
f 2433 2584 2585
f 2588 2589 2587
f 2588 2780 2589
f 2587 2585 2588
f 2588 2585 2586
f 2775 2780 2588
f 2588 2586 2775
f 2958 2770 2768
f 2577 2576 2768
f 2576 2766 2768
f 2768 2766 2958
f 2757 2759 2758
f 2758 2756 2757
f 2757 2760 2759
f 2757 2756 2760
f 2752 2754 2755
f 2755 2756 2752
f 2752 2748 2937
f 2937 2754 2752
f 2750 2748 2752
f 2951 3147 3149
f 3149 3148 2951
f 2952 2950 2951
f 2951 3148 2952
f 2525 2694 2693
f 2693 2527 2525
f 2527 2528 2525
f 2528 2526 2525
f 2524 2523 2522
f 2522 2520 2524
f 2524 2520 2694
f 2524 2526 2540
f 2540 2523 2524
f 2524 2525 2526
f 2694 2525 2524
f 2513 2520 2519
f 2519 2518 2514
f 2511 2513 2519
f 2519 2514 2511
f 2522 2383 2521
f 2521 2383 2518
f 2521 2520 2522
f 2518 2519 2521
f 2521 2519 2520
f 2381 2259 2258
f 2258 2379 2381
f 2259 2379 2258
f 2259 2256 2377
f 2377 2379 2259
f 2377 2378 2379
f 2377 2256 2257
f 2257 2375 2377
f 2375 2378 2377
f 2499 2654 2503
f 2498 2654 2499
f 2503 2501 2499
f 2499 2501 2498
f 2639 2643 2652
f 2652 2643 2653
f 2653 2654 2652
f 2652 2640 2639
f 2638 2640 2652
f 2652 2654 2498
f 2357 2501 2358
f 2503 2225 2358
f 2358 2501 2503
f 2224 2357 2358
f 2358 2225 2224
f 2498 2501 2497
f 2500 2496 2497
f 2655 2496 2495
f 2495 2637 2655
f 2655 2641 2638
f 2655 2637 2641
f 2638 2652 2655
f 2655 2652 2498
f 2498 2497 2655
f 2655 2497 2496
f 3015 2641 3016
f 3016 2817 3015
f 2641 2817 3016
f 2812 3005 2813
f 2813 3005 2815
f 2815 2817 2813
f 2867 2685 2676
f 2868 2685 2867
f 2677 2673 2867
f 2867 2673 2868
f 2848 2668 2849
f 2849 2837 2848
f 2848 2837 2846
f 2669 2668 2848
f 2848 2847 2669
f 2848 2846 2847
f 3045 2856 3043
f 3043 2856 3042
f 3041 3045 3043
f 3043 3042 3041
f 2853 3042 2854
f 3042 2856 2854
f 2854 2857 2853
f 2854 2856 2857
f 3041 3042 2843
f 3042 3036 2843
f 3034 3042 2844
f 3034 3036 3042
f 2859 2860 2861
f 2861 2865 2859
f 3060 2879 2871
f 2862 3065 3059
f 3059 2863 2862
f 3059 3065 3060
f 3060 3058 3059
f 3058 2863 3059
f 2741 2740 2737
f 2740 2738 2737
f 2737 2738 2732
f 2737 2730 2928
f 2928 2741 2737
f 2737 2731 2730
f 2737 2732 2731
f 2562 2566 2413
f 2564 2566 2562
f 2562 2563 2564
f 2562 2561 2563
f 2409 2561 2410
f 2413 2411 2410
f 2410 2562 2413
f 2561 2562 2410
f 2410 2411 2406
f 2406 2409 2410
f 3319 3318 3538
f 3308 3537 3538
f 3116 3115 3309
f 3115 3307 3309
f 3309 3310 3116
f 3116 3117 3113
f 3111 3116 3113
f 3113 3112 3111
f 3119 3310 3311
f 3119 3117 3310
f 3311 3122 3119
f 3122 3118 3119
f 3118 3117 3119
f 2918 2917 3114
f 2919 2917 2918
f 2918 3114 3112
f 2918 3117 2919
f 3112 3113 2918
f 2918 3113 3117
f 2908 2909 2910
f 2908 3075 3077
f 2908 2910 3075
f 3077 3078 2908
f 2908 3078 2907
f 2907 2909 2908
f 3108 3109 9361
f 9361 2909 3108
f 3110 3109 3108
f 3108 2909 2907
f 2876 2700 2702
f 2702 2701 2876
f 2700 2701 2702
f 2880 2704 2703
f 2882 3065 3064
f 3064 2883 2882
f 3064 2884 2883
f 1999 2001 2004
f 2004 2006 1999
f 1997 2001 1999
f 1999 1998 1997
f 1999 2006 2000
f 1999 2000 1994
f 1994 1998 1999
f 2102 2002 2001
f 2100 2103 2002
f 2116 2120 2117
f 2117 2118 2116
f 2114 2120 2116
f 2116 2118 2114
f 2327 2329 2328
f 2328 2334 2327
f 2335 2092 2204
f 2204 2092 2091
f 2091 2081 2204
f 3907 2198 2197
f 3907 3905 3908
f 2197 3905 3907
f 2199 2076 2198
f 2198 2200 2199
f 3908 4192 3909
f 3909 3907 3908
f 3909 2200 2198
f 2198 3907 3909
f 4534 4195 4535
f 2819 2647 2646
f 2819 2648 2647
f 2646 3021 2819
f 2819 3021 2648
f 2660 2359 9367
f 2660 2507 2359
f 2835 2826 2827
f 2835 2831 2828
f 2835 2827 2836
f 2836 2834 2835
f 2835 2834 2851
f 2661 2831 2662
f 2507 2660 2661
f 2664 2679 2663
f 2663 2665 2664
f 2674 2665 2676
f 2676 2680 2674
f 2367 9371 2368
f 9371 2378 2368
f 2231 2364 2368
f 2226 2227 2225
f 2226 2364 2227
f 2356 2355 2354
f 2110 2355 2356
f 2354 2236 2356
f 2356 2236 2110
f 2210 2214 2212
f 2208 2210 2212
f 2212 2211 2208
f 2215 2211 2212
f 2212 2214 2215
f 2213 2214 2210
f 2217 2214 2218
f 2218 2213 2355
f 2214 2213 2218
f 2218 2106 2107
f 2107 2105 2218
f 2218 2105 2217
f 2479 2485 2483
f 2483 2480 2479
f 2485 2480 2483
f 2342 2343 2208
f 2344 2345 2343
f 2631 3001 2628
f 3000 3001 2631
f 2133 2135 2134
f 2132 2133 2134
f 2134 2135 2142
f 2142 2144 2134
f 2134 2145 2132
f 2134 2144 2145
f 2108 2105 2112
f 2114 2108 2112
f 2112 2105 2107
f 2107 2109 2112
f 2112 2115 2114
f 2112 2113 2115
f 2112 2109 2113
f 2242 2374 2245
f 2245 2239 2242
f 2374 2252 2245
f 2238 2239 2245
f 2245 2246 2238
f 2245 2252 2248
f 2248 2246 2245
f 2372 2371 2241
f 2241 2240 2372
f 2371 2240 2241
f 2339 2340 2338
f 2338 2206 2337
f 2338 2340 2206
f 2332 2481 2338
f 2205 2093 2335
f 3011 2643 3013
f 2646 2645 3017
f 3009 3010 3017
f 3017 2645 3009
f 3009 3008 3198
f 3199 3009 3198
f 3198 3197 3199
f 3419 3197 3198
f 3930 3932 3929
f 3658 3413 3414
f 3655 3656 3658
f 3657 3413 3658
f 3658 3656 3657
f 3414 3412 3658
f 3412 3655 3658
f 4217 4218 3925
f 3925 4218 4216
f 4216 3926 3925
f 3925 4215 4217
f 3651 4215 3925
f 3925 3926 3655
f 2465 2466 2463
f 2464 2465 2463
f 2463 2610 2464
f 2461 2462 2463
f 2606 2610 2463
f 2463 2462 2606
f 2469 2471 2461
f 2461 2463 2469
f 2469 2463 2466
f 2470 2471 2469
f 2469 2466 2470
f 2456 2601 2602
f 2601 2607 2602
f 2602 2608 2456
f 2602 2607 2608
f 2605 2604 2611
f 2605 2610 2606
f 2611 2610 2605
f 2606 2600 2605
f 2600 2604 2605
f 2601 2453 2452
f 2452 2600 2601
f 2452 2599 2600
f 2322 2321 2323
f 2323 2187 2322
f 2187 2186 2322
f 2322 2186 2319
f 2319 2454 2320
f 2454 2455 2320
f 2320 2322 2319
f 2321 2322 2320
f 2320 2455 2324
f 2324 2321 2320
f 1938 1936 1939
f 1939 1936 2043
f 1939 2046 1938
f 2043 2046 1939
f 1941 2046 2049
f 2047 2048 2049
f 2049 2046 2047
f 2049 1940 1941
f 1942 1944 2049
f 2049 1944 1940
f 1851 1852 1928
f 1935 1854 1937
f 1854 1852 1937
f 1852 1851 1937
f 1928 1927 1937
f 1937 1851 1928
f 1931 1934 1935
f 1915 1912 1924
f 1934 2038 2042
f 2038 2041 2042
f 1935 1934 2042
f 2042 1936 1935
f 2043 1936 2042
f 2042 2044 2043
f 2042 2041 2044
f 1922 2033 1923
f 1923 1924 1922
f 1930 1924 1923
f 1933 1931 1930
f 2039 2038 1933
f 1933 2038 1934
f 1934 1931 1933
f 2956 3154 3157
f 3157 2959 2956
f 3156 3158 3157
f 3157 3154 3156
f 2961 2770 2960
f 2770 2959 2960
f 2960 3157 3158
f 2959 3157 2960
f 1967 1962 1965
f 1965 1964 2997
f 2997 2994 1965
f 1965 1961 1964
f 1965 1962 1961
f 2994 4174 2993
f 2993 4174 3901
f 2993 3901 4175
f 4175 3191 2993
f 3195 2063 3193
f 3193 3192 3195
f 3195 3192 2063
f 2063 3192 2068
f 2064 2063 2068
f 3194 2190 2068
f 2068 3192 3194
f 3408 2071 2191
f 2191 3409 3408
f 2069 3409 2191
f 2190 3409 2069
f 2191 2071 2069
f 2071 1977 2069
f 3407 2190 3194
f 3407 3409 2190
f 3194 3192 3407
f 3407 3192 4177
f 2080 2083 2078
f 2090 1990 1993
f 2091 1990 2090
f 2090 2081 2091
f 1850 1852 1853
f 1850 1849 1852
f 1848 1847 1849
f 1849 1850 1848
f 1848 1845 1846
f 1846 1847 1848
f 1848 1850 1853
f 1853 1798 1848
f 1848 1798 1797
f 1797 1845 1848
f 1911 1897 1900
f 1900 1912 1911
f 1828 1897 1911
f 1911 1912 1910
f 1911 1901 1828
f 1909 1901 1911
f 1911 1910 1909
f 1762 1760 1810
f 1810 1812 1813
f 1548 1762 1810
f 1810 1813 1548
f 1864 1952 1953
f 1953 1866 1864
f 1809 1810 1760
f 1812 1810 1809
f 1811 1812 1809
f 1809 1807 1811
f 1760 1757 1759
f 1759 1809 1760
f 1807 1809 1759
f 1759 1757 1756
f 1756 9382 1759
f 9382 1807 1759
f 1952 1864 1950
f 1942 2049 2050
f 2050 2049 2048
f 2182 2183 2181
f 2318 2316 2315
f 2318 2454 2317
f 2317 2182 2318
f 2182 2316 2318
f 2177 2316 2178
f 2178 2180 2177
f 2179 2180 2178
f 2178 2316 2182
f 1799 1856 1857
f 1856 1944 1857
f 1949 1950 1947
f 1797 1799 1795
f 1795 1796 1797
f 1844 1796 1795
f 3609 3608 3606
f 3610 3608 3609
f 3611 3610 3609
f 3609 3606 9355
f 9355 3614 3609
f 3614 3611 3609
f 3376 3608 3610
f 3610 3381 3376
f 3375 3608 3376
f 3376 3381 3378
f 3376 3374 3375
f 3378 3377 3376
f 3376 3377 3374
f 3378 3380 3173
f 3380 3174 3173
f 3173 3171 3172
f 3174 3171 3173
f 3874 3875 3876
f 3876 3877 3874
f 3874 3877 3879
f 3874 3879 3872
f 3872 3875 3874
f 2982 2981 2980
f 2983 2981 2982
f 2982 2980 2979
f 2979 3170 2982
f 2982 3171 2983
f 3170 3171 2982
f 6 7 5
f 5 3 6
f 4 3 5
f 43 4 5
f 5 7 40
f 42 43 5
f 5 40 42
f 6244 6391 6246
f 6244 6246 6247
f 6247 6245 6244
f 8276 7067 8275
f 8275 8121 8276
f 7067 8121 8275
f 6767 7699 6819
f 6871 6825 6822
f 6822 6825 6829
f 6834 6877 6837
f 6877 6876 6837
f 6785 6836 6837
f 6837 6786 6785
f 6763 6734 6733
f 6733 6731 6763
f 6734 6735 6733
f 6740 6737 6733
f 6732 6731 6733
f 6733 6737 6732
f 6766 6769 6772
f 6734 6773 6772
f 6774 6735 6772
f 6772 6735 6734
f 6739 6702 6700
f 6739 6737 6740
f 6700 6732 6739
f 6732 6737 6739
f 6675 6674 6624
f 6624 6568 6675
f 6624 6569 6568
f 9293 6437 6512
f 6567 6568 6512
f 6512 6568 9293
f 9294 6437 9293
f 6441 6437 9294
f 9293 6569 9294
f 9294 6569 6441
f 6436 6512 6437
f 6168 6440 6442
f 6442 6338 6168
f 6343 6338 6442
f 6442 6443 6343
f 6442 6440 6441
f 6628 6442 6572
f 6764 6762 6765
f 6773 6762 6764
f 6764 6772 6773
f 6765 6766 6764
f 6766 6772 6764
f 6709 6745 6744
f 6745 6779 6744
f 6744 6711 6709
f 6779 6711 6744
f 6780 6779 6745
f 6780 6735 6774
f 6776 6780 6774
f 6779 6780 6776
f 6776 6775 6778
f 6778 6783 6776
f 6783 6779 6776
f 6742 6706 6740
f 6740 6743 6742
f 6742 6743 6706
f 6740 6733 6738
f 6736 6733 6735
f 6736 6738 6733
f 6736 6743 6740
f 6740 6738 6736
f 6706 6743 6707
f 6935 6986 6987
f 6935 6992 6986
f 6933 6992 6935
f 6935 6934 6933
f 6939 6886 6937
f 6937 6938 6939
f 6886 6887 6937
f 6887 6884 6937
f 6831 6877 6834
f 6829 6825 6831
f 6834 6836 6831
f 6831 6836 6833
f 6771 6776 6774
f 6775 6776 6771
f 6774 6772 6771
f 6771 6770 6775
f 6768 6770 6771
f 6769 6768 6771
f 6771 6772 6769
f 6830 6768 6767
f 6820 6826 6830
f 6830 6819 6821
f 6830 6826 6829
f 6790 6791 6787
f 6787 6837 6838
f 6786 6837 6787
f 6746 6716 6787
f 6787 6791 6785
f 6785 6786 6787
f 6787 6714 6790
f 6580 6583 6525
f 6583 6580 6636
f 6637 6636 6638
f 6637 6585 6586
f 6638 6585 6637
f 6348 6583 6582
f 6582 6584 6348
f 6348 6350 6351
f 6712 6713 6677
f 6677 6711 6712
f 6713 6575 6677
f 6677 6678 6633
f 6574 6678 6677
f 6677 6575 6574
f 6634 6713 6714
f 6634 6576 6713
f 6714 6718 6634
f 6522 6576 6634
f 6577 6520 6574
f 6577 6576 6520
f 6574 6575 6577
f 6575 6576 6577
f 6184 5998 5996
f 6176 6521 6177
f 6520 6521 6176
f 6176 6446 6520
f 6176 6184 5996
f 6182 6184 6176
f 6574 6446 6518
f 6518 6446 6445
f 6573 6574 6518
f 6518 6445 6573
f 6524 6521 6522
f 6522 6634 6524
f 6524 6634 6523
f 6524 6174 6177
f 6177 6521 6524
f 6524 6523 6525
f 6349 6179 6174
f 6180 6179 6349
f 6349 6524 6525
f 6174 6524 6349
f 6181 6179 6180
f 6360 6366 6181
f 6178 6179 6181
f 6181 6366 6178
f 6616 6668 6667
f 6667 6666 6617
f 6612 6610 6605
f 6612 6611 6610
f 6651 6652 6650
f 6650 8704 6651
f 6651 8704 6652
f 6652 6688 6654
f 6654 6657 6656
f 6656 6655 6654
f 6655 6652 6654
f 8820 6652 8823
f 8820 6688 6652
f 6657 6654 6690
f 6690 6654 6688
f 6688 8820 6690
f 6658 6660 6659
f 6660 6665 6659
f 6659 6657 6658
f 6659 6666 6657
f 6666 6659 6670
f 6670 6659 6665
f 6620 6660 6671
f 6620 6670 6665
f 6671 6621 6620
f 6698 6697 6699
f 6699 6672 6675
f 6675 6698 6699
f 6699 6674 6672
f 6661 6660 6692
f 6692 6662 6661
f 6661 6662 6660
f 6671 6660 6663
f 6663 6662 6671
f 6660 6662 6663
f 6339 6337 6341
f 6170 6343 6341
f 6343 6339 6341
f 6445 6446 6173
f 6173 6345 6445
f 5996 6345 6173
f 6446 6176 6173
f 6187 6185 6186
f 5999 6185 6187
f 5998 6185 5999
f 6187 6188 5999
f 6445 6345 6344
f 6344 6447 6445
f 6344 6345 5998
f 6516 6514 6513
f 6337 6514 6516
f 8729 8733 8732
f 8731 8729 8732
f 8733 8734 8732
f 8732 8611 8731
f 8732 8736 8611
f 8842 8734 8841
f 8841 8734 8733
f 8839 8964 8841
f 8841 8840 8839
f 8841 8733 8840
f 9234 9181 9177
f 9177 9181 9178
f 9239 9183 9181
f 5553 5274 5551
f 5274 5549 5551
f 5551 5550 5553
f 5549 5550 5551
f 5826 5827 5548
f 5827 5550 5548
f 5548 5545 5826
f 5548 5550 5549
f 5548 5546 5545
f 5549 5546 5548
f 6381 6382 6209
f 6209 6372 6381
f 6371 6370 6209
f 6469 6372 6209
f 6209 6370 6469
f 6182 6199 6362
f 6362 6364 6182
f 6199 6364 6362
f 5533 5532 5798
f 5532 5530 5798
f 5818 5821 5537
f 5820 5821 5818
f 5817 5816 5818
f 5819 5820 5818
f 5818 5816 5819
f 6032 6035 5787
f 6367 6368 6207
f 6367 6366 6360
f 6360 6359 6367
f 6359 6368 6367
f 6211 6367 6207
f 6361 6366 6201
f 6201 6177 6361
f 6201 6199 6182
f 6017 6015 6016
f 6016 6015 6192
f 6192 6015 6191
f 6191 6015 6011
f 6011 6193 6191
f 6191 6190 6192
f 5991 6004 5735
f 6001 6004 5991
f 6000 5993 6170
f 6170 6341 6000
f 6000 6341 5995
f 5995 6188 6000
f 6021 6220 6224
f 4582 9323 4586
f 4875 9323 4582
f 4586 4583 4582
f 4583 4873 4582
f 4871 4579 4870
f 4870 4579 5162
f 5165 5441 5166
f 4877 4876 5165
f 4876 5441 5165
f 5167 4875 5440
f 5440 5441 5167
f 4875 4582 5440
f 5440 4582 4873
f 5440 5164 5439
f 5442 5166 5443
f 5166 5441 5443
f 5163 4870 5162
f 5163 4874 4871
f 4871 4870 5163
f 5445 5447 5442
f 5723 5974 5975
f 5168 9321 4877
f 5166 9321 5168
f 4877 5165 5168
f 5168 5165 5166
f 5166 5447 5448
f 5448 5169 5166
f 5448 5170 5169
f 4591 4592 4610
f 4611 4589 4591
f 4591 4589 9322
f 9322 9321 4591
f 4591 9321 4590
f 4609 4592 4607
f 4594 4591 4590
f 4592 4591 4594
f 4593 4607 4594
f 4594 4607 4592
f 4590 9321 4594
f 9321 4879 4594
f 4595 4593 4594
f 4594 4879 4878
f 4594 5169 4595
f 4878 5169 4594
f 5982 5981 6151
f 6438 6437 6441
f 6006 6004 6001
f 5735 6004 5740
f 6670 6620 6562
f 3723 3732 3726
f 3726 3725 3723
f 5141 5418 5708
f 5708 5144 5141
f 4264 9328 4265
f 3044 3046 3041
f 3041 3040 3044
f 3044 3040 3046
f 3219 3215 3220
f 3037 3040 3041
f 3039 3040 3037
f 4261 3951 4263
f 4263 3951 4253
f 4263 4254 4261
f 4253 4254 4263
f 4865 4564 4868
f 5156 4866 4865
f 4868 4863 4865
f 4865 9313 5137
f 4253 4569 4252
f 4252 4254 4253
f 3440 3221 3439
f 3437 3439 3220
f 3220 3215 3437
f 3435 3216 3213
f 3435 3219 3216
f 3215 3219 3435
f 3435 3437 3215
f 3200 3197 3418
f 3197 3420 3418
f 3662 3200 3418
f 3418 3420 3662
f 5136 4557 4859
f 5136 4860 4557
f 5136 4859 5134
f 5134 5133 5136
f 5133 4860 5136
f 4859 4558 4856
f 4856 4558 4857
f 4856 5135 4859
f 4856 5405 5135
f 4857 4558 4556
f 4559 4555 4556
f 4556 4555 4857
f 4556 4558 4560
f 4556 4561 4559
f 4560 4561 4556
f 4244 4561 4246
f 4246 4561 4562
f 4246 3935 4245
f 4245 4244 4246
f 4246 4247 3935
f 4246 4562 4247
f 4855 4857 4854
f 4854 5405 4855
f 4855 4856 4857
f 5405 4856 4855
f 5404 5405 4854
f 5689 5691 5404
f 5691 5405 5404
f 2821 3020 3022
f 3022 2822 2821
f 2820 3020 2821
f 2821 2822 2820
f 2649 2822 2826
f 2649 2835 2828
f 2826 2835 2649
f 2828 2648 2649
f 2649 2648 2820
f 2820 2822 2649
f 3018 3021 2646
f 3018 3010 3199
f 3199 3200 3018
f 3200 3021 3018
f 2646 3017 3018
f 3018 3017 3010
f 2672 2667 2677
f 2672 2867 2676
f 2677 2867 2672
f 2847 2839 2845
f 2839 2840 2845
f 2853 2847 2845
f 2845 2840 2853
f 2842 2844 2853
f 2853 2840 2842
f 2842 3034 2844
f 2840 3034 2842
f 3032 3025 3208
f 3208 3209 3032
f 3032 3033 2839
f 3209 3033 3032
f 2824 2825 3023
f 2836 2825 2824
f 2824 2837 2836
f 2678 2680 2676
f 2676 2685 2678
f 2684 2680 2683
f 2683 2685 2684
f 2680 2678 2683
f 2683 2678 2685
f 2696 2529 2527
f 2696 2692 2529
f 2690 2692 2696
f 2696 2527 2693
f 2693 2690 2696
f 2698 2710 2529
f 2697 2701 2699
f 2699 2710 2697
f 2710 2698 2697
f 2697 2698 2529
f 2529 2692 2697
f 2691 2701 2697
f 2697 2692 2691
f 5435 4579 4578
f 4578 4579 4273
f 4578 4272 5435
f 4273 4272 4578
f 4278 4279 4277
f 4277 4274 4273
f 4273 4579 4277
f 4277 4585 4278
f 4277 4579 4585
f 4271 4274 4275
f 4275 4272 4271
f 4271 4272 4274
f 4577 4269 4576
f 9327 9328 9329
f 3446 3447 3444
f 3448 3447 3446
f 3458 3448 3446
f 3701 3446 3700
f 4283 3971 3970
f 3970 4280 4283
f 4276 4279 4283
f 4283 4280 4276
f 4276 4280 4274
f 4274 4277 4276
f 4276 4277 4279
f 4610 4913 4613
f 4613 4591 4610
f 4621 4615 4613
f 4613 4913 4621
f 4611 4591 4613
f 4613 4614 4611
f 4615 4614 4613
f 4291 4286 4619
f 4291 4287 4286
f 4291 4292 4289
f 4291 4289 4583
f 4583 4287 4291
f 3989 3992 3991
f 3990 3989 3991
f 3991 3993 3994
f 3991 3992 3993
f 3994 3996 3991
f 3991 3721 3990
f 3991 3996 3721
f 4309 4317 4313
f 4313 4310 4309
f 4313 4299 4301
f 3988 3989 3990
f 3988 4317 3989
f 3986 3985 4315
f 4315 3987 3986
f 3986 3987 3985
f 3985 3716 3984
f 3715 3716 3725
f 3712 3984 3715
f 3715 3984 3716
f 3723 3716 3717
f 3717 3720 3723
f 3718 3716 3985
f 3985 3987 3718
f 3718 3717 3716
f 3720 3717 3718
f 3722 3724 3723
f 3723 3720 3722
f 3722 9351 3724
f 3722 3998 3739
f 3739 9351 3722
f 3995 3998 3722
f 3722 3721 3995
f 3459 3460 3458
f 3459 3446 3706
f 3458 3446 3459
f 3468 3464 3465
f 3470 3237 3468
f 3468 3237 3464
f 4297 4314 4298
f 4298 3976 4297
f 4315 3985 3982
f 3982 4314 4315
f 3707 3703 3978
f 3978 3979 3707
f 3978 3703 3975
f 3976 4298 3977
f 3979 3978 3977
f 3977 3978 3975
f 4312 4314 4297
f 4297 4299 4312
f 4315 4314 4312
f 4312 4313 4315
f 4299 4313 4312
f 4297 4292 4295
f 4295 4299 4297
f 4295 4291 4619
f 4292 4291 4295
f 4309 4310 4311
f 4302 4309 4311
f 4310 4313 4311
f 3085 2896 3081
f 3081 2896 9366
f 3083 3085 3081
f 3081 3261 3083
f 3081 3082 3261
f 9366 3079 3081
f 3079 3082 3081
f 3449 3447 3456
f 3449 3451 3450
f 3456 3451 3449
f 3698 3701 3700
f 3698 3686 3697
f 3696 3686 3698
f 3700 3446 3698
f 3450 3451 3438
f 3451 3440 3438
f 3438 3440 3439
f 3450 3694 3695
f 3685 3686 3687
f 3473 3251 3250
f 3250 3249 3473
f 3473 3477 3251
f 3472 3474 3473
f 3474 3477 3473
f 3241 3237 3470
f 3238 3237 3241
f 3241 3249 3254
f 3253 3255 3250
f 3252 3259 3253
f 3259 3082 3253
f 3253 3082 3255
f 3253 3251 3252
f 3250 3251 3253
f 3051 3048 3052
f 3052 3048 3229
f 3220 3225 3226
f 3226 3225 3039
f 3226 3219 3220
f 3216 3219 3226
f 3063 3064 3062
f 3240 3257 3242
f 3242 3239 3240
f 3256 3255 3070
f 3254 3255 3256
f 3256 3257 3254
f 3234 3238 3235
f 3238 3240 3235
f 3235 3240 3239
f 3463 3460 3462
f 3474 3476 3478
f 3481 3477 3478
f 3478 3477 3474
f 3478 3479 3481
f 3478 3476 3479
f 3736 3486 3485
f 3485 3737 3736
f 3485 3488 3491
f 3485 3486 3488
f 3733 3737 3479
f 3479 3476 3733
f 3266 3480 3483
f 3483 3480 3737
f 3945 3674 3946
f 3675 3674 3945
f 3945 3946 3938
f 3938 3943 3945
f 3210 3433 3211
f 3031 3210 3211
f 3672 3949 3947
f 3947 3946 3672
f 3947 3937 3946
f 4245 3937 3947
f 3947 4243 4245
f 3947 3949 4243
f 4240 4243 4242
f 4240 4238 4243
f 3429 3206 3427
f 3205 3425 3427
f 3427 3206 3205
f 2944 2943 2940
f 2940 2942 2944
f 2947 2943 2944
f 3367 3365 3366
f 3366 3365 3364
f 3601 3367 3366
f 3151 3365 3152
f 3152 3150 3151
f 3151 3150 3149
f 3364 3365 3151
f 3149 3363 3151
f 3151 3363 3364
f 3154 3153 3155
f 3155 3369 3156
f 3156 3154 3155
f 3155 3368 3369
f 3152 3368 3155
f 3155 3153 3152
f 3599 3600 3601
f 3599 3598 3600
f 3601 3366 3599
f 3364 3363 3362
f 3139 3141 3142
f 3359 3358 3146
f 3146 3144 3359
f 3831 3829 3832
f 3829 4098 3832
f 3832 4098 4099
f 3832 4099 3833
f 3834 3831 3832
f 3832 3833 3834
f 4062 4064 4063
f 4063 3786 4062
f 3786 3782 4062
f 5049 5048 4728
f 5049 4725 4724
f 4728 4725 5049
f 5046 5048 5049
f 4724 5041 5049
f 5049 5041 5046
f 4719 4720 4721
f 4721 4722 4719
f 4413 4411 4410
f 4413 4410 4412
f 4413 4726 4414
f 4414 4411 4413
f 4396 4713 4398
f 4398 4713 4714
f 4398 4399 4396
f 4714 4399 4398
f 4059 4058 4061
f 4395 4712 4396
f 4391 4393 4395
f 4704 4712 4395
f 4395 4393 4704
f 4396 4392 4395
f 4395 4392 4391
f 4396 4397 4394
f 4394 4392 4396
f 4388 4392 4051
f 4390 4391 4388
f 4388 4389 4390
f 4386 4389 4388
f 4703 4705 4704
f 4702 4705 4703
f 4703 4390 4389
f 4704 4393 4703
f 4703 4393 4391
f 4391 4390 4703
f 3775 4058 3773
f 4048 4053 4057
f 3767 4046 4047
f 4047 4048 4057
f 4043 4050 4049
f 4373 4379 4372
f 4690 4684 4689
f 4372 4379 4378
f 4380 4691 4382
f 4382 4378 4380
f 4380 4378 4379
f 4379 4690 4380
f 4689 4691 4380
f 4380 4690 4689
f 4692 4691 4688
f 4986 4985 4988
f 4983 4985 4986
f 4695 4989 5003
f 4674 4676 4677
f 4976 4978 4979
f 5267 5269 4980
f 4977 4978 4976
f 4976 4975 4977
f 4977 4975 5265
f 5267 4980 4977
f 4977 4980 4978
f 5264 5542 5266
f 5266 5265 5264
f 5266 5542 5267
f 5267 4977 5266
f 5266 4977 5265
f 4968 4970 4966
f 5262 4975 4968
f 4968 4975 4970
f 4974 4682 4680
f 4974 4975 4976
f 4970 4975 4974
f 4966 4970 4969
f 4969 4964 4966
f 4973 4964 4969
f 4019 4014 4012
f 3755 3757 3758
f 3758 3757 3506
f 3758 3502 3755
f 3758 3505 3502
f 3506 3507 3758
f 3507 3505 3758
f 3756 3757 3755
f 3755 4014 3756
f 3756 4014 4019
f 3770 3507 3769
f 4334 4002 3993
f 4356 4354 4357
f 3767 3771 3768
f 3768 3771 3770
f 3770 3769 3768
f 4318 4317 4638
f 4638 4637 4318
f 4638 4317 4309
f 4302 4304 4308
f 4637 4638 4308
f 4308 4309 4302
f 4308 4638 4309
f 4626 4622 4919
f 4626 4920 4625
f 4919 4920 4626
f 5006 5007 4706
f 5006 5004 5007
f 4706 4702 5006
f 4702 5004 5006
f 4008 3745 4001
f 4013 3745 4010
f 4009 4012 4010
f 3745 4008 4010
f 4010 4008 4009
f 4010 4014 4013
f 4010 4012 4014
f 3739 3742 3738
f 3742 3489 3738
f 3738 3489 3487
f 3738 3735 3739
f 3738 3487 3735
f 3090 3273 3274
f 3274 3273 3272
f 3288 3520 3290
f 3520 3530 3290
f 3291 3288 3290
f 3290 3295 3291
f 3290 3530 3295
f 9349 3790 3791
f 3791 3790 3792
f 3791 3524 3784
f 3792 3524 3791
f 3515 3777 3779
f 3779 3517 3515
f 3780 3517 3779
f 3778 3782 3779
f 3779 3777 3778
f 3779 3782 3783
f 3783 3780 3779
f 3797 3534 3796
f 3801 3549 3547
f 3801 3803 3549
f 3802 3803 3801
f 3326 3544 3546
f 3546 3548 3326
f 3547 3548 3546
f 3796 3794 3795
f 3302 3300 3531
f 3531 3533 3302
f 3534 3533 3531
f 5892 5625 5891
f 5890 5893 5892
f 5892 5891 5890
f 5627 5625 5892
f 5892 5629 5627
f 5892 5893 5894
f 5894 5629 5892
f 5009 5001 5008
f 5008 5012 5009
f 5001 5012 5008
f 5014 5028 5013
f 5016 5022 5014
f 5014 5015 5016
f 5013 5015 5014
f 5322 5035 5027
f 5011 5012 5013
f 5013 5028 5011
f 5009 5012 5011
f 5565 5564 5566
f 5564 5568 5566
f 5566 5569 5565
f 5566 5568 5569
f 5294 5571 5297
f 5294 5568 5571
f 5294 5297 5295
f 5295 5569 5294
f 5569 5568 5294
f 5025 5316 5026
f 5316 5318 5026
f 5026 5318 5322
f 5322 5027 5026
f 5320 5318 5319
f 5320 5319 5601
f 5320 5321 5322
f 5322 5318 5320
f 5320 5601 5324
f 5324 5323 5320
f 5323 5321 5320
f 5039 4711 4710
f 4710 5032 5039
f 4720 4711 5039
f 5039 5038 4720
f 5032 5034 5039
f 5034 5038 5039
f 4981 5273 4983
f 4981 4980 5269
f 4978 4980 4981
f 4983 4979 4981
f 4981 4979 4978
f 4992 4993 4991
f 4991 5273 4992
f 5275 4993 4992
f 5539 5260 5533
f 5539 5540 5260
f 5533 5538 5539
f 5538 5540 5539
f 5544 5820 5545
f 5544 5821 5820
f 5545 5543 5544
f 5544 5543 5541
f 5541 5821 5544
f 6243 6245 9299
f 9299 6050 6243
f 6242 6244 6243
f 6243 6244 6245
f 5303 5311 5301
f 5299 5303 5301
f 5301 5314 5300
f 5301 5311 5314
f 5017 5018 5290
f 5017 5019 5018
f 5017 5290 5291
f 5291 5019 5017
f 5021 5018 5020
f 5018 5019 5020
f 5300 5021 5020
f 5020 5301 5300
f 5020 5019 5296
f 5020 5296 5299
f 5299 5301 5020
f 8603 8446 8445
f 8445 8601 8603
f 8445 8446 8599
f 8599 8601 8445
f 8825 8827 8722
f 8722 8824 8825
f 8825 8824 8827
f 8268 8117 8116
f 8268 8269 8117
f 8928 8922 8925
f 8925 8922 8920
f 8920 8924 8925
f 8927 8931 8928
f 8928 8925 8927
f 8927 8925 8924
f 7965 6992 6933
f 6933 7964 7965
f 6986 6992 7965
f 6871 7827 6872
f 6872 6873 6871
f 7827 7828 6872
f 6872 7828 6873
f 6932 7964 6933
f 6828 6876 6877
f 6828 6873 6876
f 8765 8755 8756
f 8765 8633 8755
f 8763 8764 8761
f 8761 8665 8763
f 8760 8665 8761
f 8764 8765 8761
f 8761 8765 8756
f 8766 8764 8768
f 8649 8647 8766
f 8766 8768 8649
f 8647 8646 8767
f 8646 8636 8767
f 8767 8766 8647
f 8767 8636 8634
f 8953 9101 8955
f 5376 5098 5661
f 5661 5099 5376
f 5376 5099 5098
f 6912 6913 6910
f 6912 6914 6913
f 6910 9282 6912
f 9282 6920 6912
f 6912 6920 6914
f 6814 6813 5922
f 5922 6813 4511
f 4511 4510 5922
f 5921 5919 6814
f 6814 5922 5921
f 4164 5919 5921
f 5921 5922 4510
f 5921 4510 4164
f 6753 6804 6754
f 6754 6804 6756
f 6751 6753 6754
f 6754 6756 6757
f 6754 6755 6751
f 6757 6755 6754
f 6908 6911 6916
f 6916 6911 6913
f 6868 4799 6916
f 6915 6913 6918
f 6915 4799 6868
f 6915 6916 6913
f 6868 6916 6915
f 8655 8654 8524
f 8524 8522 8655
f 8655 8522 8519
f 8653 8654 8655
f 8519 8517 8655
f 8655 8517 8653
f 8650 8656 8651
f 8656 8654 8651
f 8652 8509 8651
f 8651 8509 8650
f 8651 8653 8652
f 8651 8654 8653
f 8331 8333 8148
f 8149 8147 8148
f 8148 8146 8331
f 8147 8146 8148
f 8336 8341 8340
f 8340 8333 8336
f 8340 8148 8333
f 8340 8341 8149
f 8149 8148 8340
f 8336 8333 8335
f 8503 8337 8335
f 8335 8337 8336
f 8335 8334 8503
f 8335 8333 8334
f 8512 8511 8513
f 8513 8514 8512
f 8510 8511 8512
f 8512 8338 8510
f 7654 7539 7537
f 7537 7652 7654
f 7656 7539 7654
f 7651 7656 7654
f 7654 7652 7651
f 7418 7541 7419
f 7542 7541 7418
f 7418 7419 7417
f 7417 7415 7418
f 7418 7415 7542
f 7920 8059 7922
f 7922 7926 7920
f 7927 7928 7922
f 7928 7926 7922
f 8074 7924 8060
f 8060 8059 8058
f 8071 8230 8076
f 8052 8051 8050
f 8050 8184 8052
f 8052 8184 8187
f 8052 8187 8054
f 8057 8051 8053
f 8053 8056 8057
f 8054 8056 8053
f 8053 8052 8054
f 8051 8052 8053
f 7919 8057 7920
f 7919 8051 8057
f 7915 8044 8045
f 7905 7904 7907
f 7907 7904 8037
f 8035 7904 7902
f 8037 7904 8035
f 8033 8021 8022
f 8033 7897 8021
f 7898 7897 8033
f 8022 8024 8030
f 8030 8033 8022
f 8032 8033 8030
f 8343 8342 8341
f 8343 8153 8342
f 8155 8153 8343
f 8345 8344 8343
f 8343 8344 8155
f 8021 7896 7889
f 7890 7895 7893
f 7890 7896 7895
f 7890 7889 7896
f 7890 7893 7891
f 7891 7888 7890
f 7888 7887 7890
f 7887 7889 7890
f 8018 8017 8020
f 8020 8021 8018
f 8021 7889 8018
f 7887 7886 8018
f 8018 7889 7887
f 7449 7448 7552
f 7559 7449 7674
f 7662 9269 7664
f 7664 9269 7666
f 7773 7775 7774
f 7773 7771 7905
f 7774 7771 7773
f 7778 7775 7777
f 7667 7666 7777
f 7777 7666 7778
f 7682 7685 7683
f 7682 7683 7681
f 7681 7683 7564
f 8038 8036 8181
f 7908 7907 8038
f 8037 8036 8038
f 8038 7907 8037
f 8040 8041 8039
f 8039 8181 8040
f 8039 8038 8181
f 8803 8801 8897
f 8803 8804 8801
f 8806 8696 8805
f 8805 8804 8806
f 8806 8714 8696
f 8808 8715 8806
f 8798 8693 8797
f 8798 8802 8693
f 8801 8802 8798
f 8797 8789 8798
f 8705 8701 8702
f 8702 8704 8705
f 8853 8854 8856
f 8856 8857 8853
f 8983 8980 8982
f 8982 8855 8983
f 8855 8854 8983
f 8871 8869 8870
f 8869 8867 8870
f 8781 8782 8784
f 8781 8676 8675
f 8784 8676 8781
f 8881 8878 8880
f 8782 8878 8881
f 8783 8782 8881
f 8880 8878 8879
f 8876 8992 8879
f 8879 8878 8876
f 8879 8887 8880
f 8999 8887 8879
f 8775 8777 8778
f 8778 8777 8872
f 8778 8872 8873
f 8873 8877 8778
f 8780 8878 8782
f 8780 8877 8878
f 8780 8778 8877
f 8888 8887 8999
f 8889 8886 8888
f 8880 8887 8883
f 8883 8885 8884
f 8886 8885 8883
f 8883 8888 8886
f 8887 8888 8883
f 9254 8750 8747
f 8747 8750 8749
f 8747 8749 8748
f 8748 8746 8747
f 8747 8745 9254
f 8746 8745 8747
f 9091 9090 9092
f 1658 9086 9087
f 9080 9079 9083
f 1661 9084 9083
f 9083 9079 1661
f 8948 8947 9249
f 8953 8955 8954
f 8954 8955 8956
f 8954 8956 8943
f 8943 8949 8954
f 8945 8947 8948
f 8948 8949 8945
f 8945 8949 8943
f 8962 8958 8961
f 8961 8941 8962
f 8956 8958 8962
f 8943 8956 8962
f 8962 8941 8943
f 8842 8841 8843
f 8843 8841 8964
f 8961 8958 8960
f 8993 8990 8994
f 8889 8888 8998
f 8998 8888 8999
f 8979 8978 8994
f 8994 8990 8979
f 8979 8981 8980
f 8979 8990 8981
f 9198 9199 9196
f 9092 9199 9198
f 9088 9087 9086
f 9196 9197 9193
f 9193 9192 1658
f 1658 1653 9193
f 1653 9194 9193
f 9238 9237 9203
f 9235 9181 9234
f 9105 9212 9108
f 9108 9212 9213
f 9108 9106 9105
f 9108 9107 9106
f 8219 8217 8218
f 8217 8394 8218
f 8218 8394 8399
f 8399 8220 8218
f 8221 8220 8405
f 8405 8584 8221
f 8221 8584 8406
f 8221 8218 8220
f 8221 8406 8219
f 8219 8218 8221
f 8428 8427 8429
f 6295 8427 6296
f 8582 8427 8583
f 8407 8584 8583
f 8583 8584 8582
f 8407 8583 8585
f 8585 8583 8427
f 8580 8577 6545
f 6545 8581 8580
f 6545 6489 8581
f 8428 8425 8424
f 5715 5713 5720
f 5720 5719 5715
f 5439 6139 5721
f 5721 5440 5439
f 5441 5440 5721
f 5970 6139 5439
f 6140 6314 6139
f 6130 6140 5966
f 6122 6125 6126
f 6130 5966 6129
f 6129 6140 6130
f 6314 6140 6129
f 9301 5955 9300
f 5428 5148 5145
f 5145 5420 5428
f 5423 5702 5424
f 5424 5702 5709
f 5151 5717 5431
f 5431 5432 5151
f 5717 5432 5431
f 5435 5161 5160
f 5160 5432 5435
f 5161 4272 5160
f 5435 5432 5718
f 5430 5717 5151
f 5956 5960 5711
f 5711 5430 5151
f 5711 5960 5717
f 5717 5430 5711
f 5961 5717 9301
f 5961 5714 5717
f 5953 5955 5952
f 9289 6595 9290
f 9290 6595 6594
f 9290 6594 8572
f 9290 8717 9289
f 8572 8717 9290
f 6411 6412 6548
f 6548 6491 6411
f 6411 6491 6412
f 6410 6490 6412
f 6409 6490 6410
f 6421 6311 6412
f 6495 6498 6420
f 6420 6498 6422
f 6420 6496 6495
f 6420 6418 6496
f 6422 6421 6420
f 8688 8556 8686
f 8686 8687 8792
f 8792 8688 8686
f 8554 8685 8686
f 8685 8687 8686
f 8555 8554 8686
f 8686 8556 8555
f 8800 8885 8891
f 8891 8896 8800
f 8800 8896 8801
f 8801 8798 8800
f 8408 8409 8222
f 8222 8214 8408
f 8408 8214 8215
f 8408 8406 8407
f 8215 8406 8408
f 8407 8585 8408
f 8408 8585 8409
f 8559 8396 8393
f 8395 8396 8559
f 8559 8558 8557
f 8559 8393 8558
f 8557 8690 8559
f 8690 8395 8559
f 8400 8398 8402
f 8400 8396 8398
f 8399 8396 8400
f 8400 8402 8403
f 8400 8220 8399
f 8401 8220 8400
f 8403 8404 8400
f 8400 8404 8401
f 8527 8364 8363
f 8363 8523 8527
f 8363 8528 8523
f 8361 8528 8363
f 8363 8362 8361
f 8363 8364 8362
f 8183 8178 8177
f 8177 8184 8183
f 8183 8184 8050
f 8050 8049 8183
f 8183 8049 8178
f 8175 8185 8177
f 8177 8176 8175
f 8174 8175 8173
f 8185 8175 8174
f 8357 8358 8190
f 8356 8358 8357
f 8171 8176 8179
f 8179 8182 8042
f 8179 8178 8182
f 8179 8176 8178
f 8352 8353 8349
f 8353 8168 8349
f 8349 8348 8352
f 8347 8348 8349
f 8349 8350 8347
f 8351 8350 8167
f 8350 8349 8167
f 8167 8349 8168
f 8165 8162 8167
f 8167 8162 8351
f 8541 8679 8680
f 8680 8679 8681
f 8684 8683 8795
f 8795 8681 8793
f 8795 8687 8684
f 8795 8793 8687
f 8682 8680 8681
f 8547 8680 8682
f 8681 8795 8682
f 8682 8795 8683
f 8550 8551 8382
f 8683 8551 8550
f 8547 8682 8550
f 8550 8682 8683
f 8387 8389 8390
f 8214 8213 8387
f 8388 8389 8387
f 8390 8216 8387
f 8387 8216 8214
f 8382 8388 8387
f 8382 8387 8386
f 8386 8387 8213
f 8386 8211 8207
f 8213 8211 8386
f 8229 8230 8070
f 8070 8069 8229
f 8070 8230 8071
f 8067 8069 8070
f 8207 8211 8208
f 8224 8225 8208
f 8225 8210 8208
f 8208 8210 8228
f 8206 8069 8067
f 8067 8205 8206
f 8228 8069 8206
f 8206 8208 8228
f 8207 8208 8206
f 8206 8385 8207
f 8205 8385 8206
f 8194 8359 8371
f 8359 8360 8371
f 8371 8360 8362
f 8362 8364 8365
f 8365 8371 8362
f 9260 9259 8368
f 8068 8070 8071
f 8067 8070 8068
f 8529 8662 8534
f 8534 8530 8529
f 8531 8530 8534
f 8534 8535 8531
f 8534 8662 8671
f 8671 8535 8534
f 6106 5401 5687
f 5683 5682 6105
f 5683 6105 6106
f 5400 5682 5683
f 5683 5399 5400
f 6106 5687 5683
f 5401 5399 5683
f 5683 5687 5401
f 5403 5686 5689
f 5689 5404 5403
f 5403 5404 4854
f 4854 4858 5403
f 5403 4858 5401
f 7585 7579 7574
f 5680 5679 5934
f 5934 5676 5933
f 5679 5676 5934
f 4235 4849 4852
f 4235 9340 4232
f 4235 4848 4849
f 4237 4238 4239
f 4239 4240 4242
f 4238 4240 4239
f 9340 4235 4239
f 4242 3949 3948
f 3948 3949 3672
f 3429 3427 3669
f 4851 4550 4852
f 4851 5129 4550
f 5398 5681 5130
f 5130 5129 5398
f 5398 4851 4852
f 5129 4851 5398
f 7465 7467 7466
f 5931 7472 5923
f 7470 7472 5931
f 5941 5940 5938
f 5938 5940 5408
f 5938 5937 7814
f 5936 6108 5935
f 5935 5937 5936
f 7814 5937 7818
f 7818 5935 7815
f 5937 5935 7818
f 7817 7805 7812
f 7814 7818 7813
f 7813 7818 7815
f 7813 7812 7805
f 5414 5410 5411
f 5411 5410 5696
f 5411 5707 5414
f 5411 5699 5707
f 5696 5699 5411
f 5696 5410 5695
f 5410 5409 5695
f 7815 7695 7816
f 7816 7813 7815
f 7817 7812 7816
f 7812 7813 7816
f 6107 6106 7696
f 7696 7816 7695
f 7696 6108 6107
f 7696 7695 6108
f 8077 8230 8232
f 8077 8076 8230
f 8236 8235 8238
f 8234 8235 8232
f 8234 8419 8241
f 8232 8231 8234
f 8234 8231 8419
f 6289 8101 6288
f 6288 6290 6289
f 6286 8103 8102
f 8101 6289 8102
f 8252 6111 8104
f 8104 8101 8252
f 8104 6111 6288
f 6288 8101 8104
f 8100 8244 8252
f 8252 8101 8100
f 8243 8244 8100
f 8100 8101 8243
f 5945 6284 6287
f 5697 5696 5945
f 8103 6284 6283
f 8238 8235 8239
f 8103 6283 7952
f 5942 7953 7952
f 5416 5408 5412
f 5412 5413 5416
f 5412 5694 5413
f 5412 5940 5694
f 4566 4572 4570
f 4570 4567 4566
f 9329 4572 4571
f 4571 4572 4869
f 5956 5711 5958
f 5951 5956 5958
f 5958 5424 5709
f 5423 5422 5705
f 5422 5706 5705
f 8251 8245 8246
f 8421 8416 8415
f 8421 8245 8416
f 8421 8246 8245
f 8251 8246 8421
f 8421 8250 8251
f 8248 8250 8421
f 8423 6115 8249
f 5949 6290 5948
f 5949 6289 6290
f 5946 6285 6286
f 5697 5945 5946
f 6287 6285 5946
f 5946 5945 6287
f 7530 7633 7632
f 7632 7634 7531
f 7632 7633 7629
f 7531 7529 7632
f 7632 7529 7530
f 7115 7116 7117
f 7117 7230 7115
f 7116 7228 7117
f 7117 7228 7230
f 7209 7208 7210
f 7210 7115 7209
f 7209 7115 7113
f 7113 7205 7209
f 7207 7208 7209
f 7209 7205 7207
f 6960 6959 6965
f 6965 6966 6960
f 6968 6966 6965
f 6965 6967 6968
f 7042 6967 6965
f 6965 6959 7042
f 6975 7046 7047
f 7047 6978 6975
f 7048 6978 7047
f 7045 7046 7043
f 7045 7043 7124
f 7048 7047 7045
f 7045 7047 7046
f 7045 7127 7048
f 6931 6926 6925
f 6925 6982 6931
f 6925 6978 7049
f 6926 6978 6925
f 7051 6982 6979
f 6982 6925 6979
f 6979 7049 7051
f 6979 6925 7049
f 6977 6976 6975
f 6975 6978 6977
f 6977 6978 6926
f 6977 6927 6976
f 7125 7123 7122
f 7122 7127 7125
f 7124 7123 7125
f 7125 7045 7124
f 7127 7045 7125
f 7122 7232 7126
f 7126 7127 7122
f 7126 7128 7051
f 7232 7128 7126
f 7235 7234 7236
f 7138 7234 7235
f 7225 7223 7236
f 7236 7234 7225
f 7224 7339 7236
f 7224 7223 7220
f 7236 7223 7224
f 7064 7061 7139
f 7139 7061 6985
f 7335 7333 7466
f 5385 5123 5387
f 5387 5123 5122
f 4539 5123 5124
f 5122 5123 4539
f 4539 4540 4217
f 4217 4547 4539
f 4547 4541 4539
f 5124 5390 4539
f 4539 5390 4540
f 5383 5108 5384
f 5109 5107 5383
f 4805 5108 5383
f 5383 5107 4805
f 5383 5115 5109
f 5384 5115 5383
f 5109 5115 5113
f 5113 5115 5116
f 5110 5109 5113
f 5113 5116 5110
f 5118 4205 5120
f 5120 5117 5118
f 4205 5117 5120
f 4827 4829 5112
f 5112 5117 4827
f 5119 4829 4827
f 4827 5117 5119
f 2333 2338 2337
f 2332 2338 2333
f 2333 2205 2335
f 2337 2093 2333
f 2093 2205 2333
f 4204 4541 4542
f 4542 4543 4204
f 3924 3649 4214
f 3650 2812 3924
f 3924 4547 3650
f 4214 4547 3924
f 2812 2811 3002
f 3002 3924 2812
f 3649 3924 3002
f 3003 3002 2811
f 3649 3002 3003
f 3003 3001 4545
f 2491 2811 2492
f 2491 2492 2490
f 2491 3003 2811
f 3923 2999 2477
f 2479 2480 2477
f 5381 5665 5666
f 5666 9311 5381
f 5665 9311 5666
f 7063 7062 7141
f 7141 7062 7064
f 5927 7247 7244
f 3644 2194 2325
f 2325 2193 3644
f 2194 2193 2325
f 2197 2089 2196
f 2196 3905 2197
f 2194 2195 2196
f 3906 3905 2196
f 2196 2195 3906
f 2088 2086 2087
f 2087 1987 1879
f 2087 2076 2088
f 2087 2089 2076
f 1983 2089 2087
f 2087 2086 1882
f 2073 2193 2194
f 2072 2193 2073
f 2073 1981 2072
f 1984 1878 1877
f 1983 1879 1984
f 1879 1878 1984
f 4198 3919 4196
f 4198 4199 3919
f 4834 4199 4198
f 4833 4819 4817
f 4810 5111 4825
f 4825 5111 4829
f 6919 6920 6922
f 6922 6921 6919
f 6919 6921 6870
f 6869 4800 6917
f 6870 4800 6869
f 6869 6919 6870
f 6917 6920 6869
f 6920 6919 6869
f 6929 6927 6930
f 6870 6921 6929
f 6929 6921 6976
f 6976 6927 6929
f 4801 4800 6870
f 4528 4800 4801
f 4820 4819 4834
f 4820 4817 4819
f 4527 4801 4802
f 4528 4527 4529
f 4529 4527 4822
f 4197 4198 4196
f 4803 6926 6931
f 6931 4814 4803
f 4516 4515 4514
f 4514 6867 4516
f 6867 6916 4516
f 4516 6916 4799
f 6918 4798 4797
f 4797 6915 6918
f 4799 6915 4797
f 3911 2200 4195
f 4195 4194 3911
f 7264 7362 7361
f 7362 7359 7361
f 7365 7264 7361
f 7360 7365 7361
f 7361 7359 7360
f 7314 7312 7315
f 7312 7429 7315
f 7315 7318 7314
f 7315 7430 7316
f 7315 7316 7317
f 7317 7318 7315
f 7432 7430 7315
f 7315 7429 7432
f 7512 7510 7624
f 7625 7628 7624
f 7624 7628 7512
f 7623 7625 7624
f 7624 7509 7623
f 7624 7510 7509
f 3160 3161 3162
f 3160 3159 3161
f 3162 3163 3160
f 3163 2967 3160
f 2963 2964 2961
f 2777 2964 2963
f 2965 2967 2968
f 2968 2778 2965
f 2965 2778 2777
f 2777 2963 2965
f 2975 2785 2974
f 2974 2785 2972
f 2974 2976 2975
f 3168 2976 2974
f 2974 2972 3168
f 2973 2778 2971
f 2973 2782 2779
f 2779 2776 2973
f 2776 2778 2973
f 2973 2785 2782
f 2971 2785 2973
f 2769 2771 2581
f 2770 2771 2769
f 2581 2578 2769
f 2772 2771 2964
f 2582 2581 2772
f 2581 2771 2772
f 2772 2774 2582
f 2772 2773 2774
f 2772 2964 2777
f 2777 2773 2772
f 2774 2584 2583
f 2583 2584 2430
f 2430 2580 2583
f 2582 2774 2583
f 2583 2580 2582
f 2577 2768 2767
f 2767 2768 2770
f 2770 2769 2767
f 2767 2578 2577
f 2767 2769 2578
f 2753 2565 2750
f 2750 2752 2753
f 2568 2565 2753
f 2753 2756 2568
f 2753 2752 2756
f 2947 2944 2948
f 2948 3142 3144
f 3147 2951 3145
f 3144 3146 3145
f 3145 2948 3144
f 2500 2497 2502
f 2502 2501 2357
f 2502 2497 2501
f 2502 2357 2224
f 2502 2351 2500
f 2352 2351 2502
f 2502 2222 2352
f 2224 2222 2502
f 2818 2812 2814
f 2812 2813 2814
f 2814 2817 2818
f 2814 2813 2817
f 3031 3034 2841
f 2841 3034 2840
f 2841 3033 3031
f 2840 3033 2841
f 2865 2861 2870
f 2860 3058 2870
f 2870 2861 2860
f 2870 3058 3060
f 3060 2871 2870
f 2877 2865 2870
f 2870 2871 2877
f 3310 3309 9357
f 3316 3310 9357
f 9357 3318 3316
f 3308 3538 9357
f 9357 3538 3318
f 9357 3307 3308
f 9357 3309 3307
f 2895 2897 2906
f 2907 3078 2906
f 2906 3079 2895
f 3078 3079 2906
f 3298 3531 3300
f 3299 3300 3302
f 3299 3298 3300
f 3101 3298 3299
f 2899 2901 2902
f 2902 2904 2899
f 2903 2900 2899
f 2899 2904 2903
f 2897 2900 2903
f 2903 2906 2897
f 3102 3105 3097
f 3110 3108 3106
f 3104 3105 3102
f 3104 3106 3105
f 3306 3307 3115
f 3308 3307 3306
f 3306 3537 3308
f 2878 2703 2877
f 2878 2880 2703
f 2877 2871 2878
f 2878 2871 2879
f 2879 2880 2878
f 2706 2704 2881
f 2704 2880 2881
f 2881 2883 2706
f 2881 2879 2883
f 2881 2880 2879
f 3066 3064 3063
f 2884 3064 3066
f 3063 3067 3066
f 3068 2884 3066
f 3066 3067 3068
f 2098 2102 1991
f 1991 2102 2001
f 2094 2098 1991
f 1991 2001 1997
f 1992 2094 1991
f 1997 1992 1991
f 2097 2207 2099
f 2099 2098 2097
f 2099 2100 2098
f 2099 2215 2216
f 2101 2100 2002
f 2098 2100 2101
f 2002 2102 2101
f 2101 2102 2098
f 2203 2204 2081
f 2203 2080 2078
f 2083 2080 2203
f 2081 2090 2203
f 2203 2090 2083
f 2077 2078 2086
f 2086 2079 2077
f 2077 2203 2078
f 2199 2203 2077
f 2076 2199 2077
f 4195 2200 3910
f 3910 3909 4195
f 2200 3909 3910
f 2831 2835 2833
f 2663 2662 2833
f 2662 2831 2833
f 2833 2851 2663
f 2833 2835 2851
f 2505 2662 2663
f 2505 2661 2662
f 2507 2661 2505
f 2663 2679 2505
f 2679 2507 2505
f 2830 2831 2832
f 2831 2661 2832
f 2832 2661 2660
f 9367 2830 2832
f 2832 2660 9367
f 2679 2664 2506
f 2665 2674 2506
f 2506 2680 2679
f 2506 2674 2680
f 2367 2368 2365
f 2365 2368 2364
f 2364 2226 2365
f 2365 2362 2367
f 2369 2231 2366
f 2231 2368 2366
f 2366 2378 2369
f 2366 2368 2378
f 2361 2226 2225
f 2362 2365 2361
f 2361 2365 2226
f 2360 2362 2361
f 2361 2225 2503
f 2361 2504 2360
f 2503 2657 2361
f 2657 2504 2361
f 2347 2348 2355
f 2355 2213 2347
f 2490 2348 2347
f 2347 2345 2490
f 2343 2345 2347
f 2347 2213 2343
f 2210 2343 2209
f 2209 2213 2210
f 2343 2213 2209
f 2219 2355 2106
f 2106 2218 2219
f 2219 2218 2355
f 2482 2481 2480
f 2339 2338 2482
f 2482 2338 2481
f 2475 2332 2474
f 2475 2481 2332
f 2474 3648 2475
f 2481 2475 3922
f 2488 2480 2485
f 2485 2343 2488
f 2343 2342 2488
f 2490 2345 2487
f 2345 2344 2487
f 2485 2633 2487
f 2487 2343 2485
f 2487 2344 2343
f 3000 2631 2627
f 2627 2631 2633
f 2490 2487 2489
f 2489 2491 2490
f 3414 3413 3416
f 3416 3013 3414
f 3416 3006 3013
f 3007 3198 3008
f 3419 3198 3660
f 3660 3934 3419
f 3651 3925 3654
f 3654 3655 3412
f 3654 3925 3655
f 2314 2313 2449
f 2177 2313 2314
f 2314 2316 2177
f 2315 2316 2314
f 1915 1924 1925
f 1925 1927 1928
f 1928 1929 1925
f 1929 1910 1925
f 1925 1910 1915
f 1922 1924 1916
f 1916 1924 1912
f 1914 1922 1916
f 1916 1912 1914
f 1930 1923 1932
f 1932 1923 2033
f 1932 1933 1930
f 1932 2033 2034
f 2066 1966 2995
f 2994 2993 2995
f 2995 1966 1967
f 2995 3191 3193
f 2995 2993 3191
f 1967 1965 2995
f 2995 1965 2994
f 1875 1973 1976
f 1976 1977 1875
f 1976 1973 1972
f 1976 1972 2064
f 1976 2069 1977
f 1974 1876 1875
f 1876 1974 1978
f 1877 1876 1978
f 3638 4178 4180
f 3638 3639 4178
f 4178 3639 3406
f 3406 3639 3409
f 3409 3407 3406
f 4177 4178 3406
f 3406 3407 4177
f 3639 3638 3640
f 3641 3643 3640
f 3640 3637 3641
f 3643 2071 3640
f 2071 3408 3640
f 4180 3637 3640
f 3640 3638 4180
f 2083 2090 1989
f 1989 2090 1993
f 1989 1993 1995
f 1989 1995 1996
f 1996 2083 1989
f 1866 1812 1867
f 1867 1864 1866
f 2056 2057 1951
f 1951 2055 2056
f 1951 2057 1952
f 1952 1950 1951
f 1949 2055 1951
f 1951 1950 1949
f 2051 2048 2179
f 2051 2050 2048
f 2179 2178 2051
f 2182 2181 2051
f 2051 2178 2182
f 1859 1857 1944
f 1792 1795 1800
f 1844 1795 1792
f 3379 3173 3172
f 3172 3166 3379
f 3166 3377 3379
f 3379 3377 3378
f 3378 3173 3379
f 6389 6244 6242
f 6391 6244 6389
f 6386 6390 6389
f 6390 6391 6389
f 6820 6822 6823
f 6823 6822 6829
f 6823 6826 6820
f 6829 6826 6823
f 6871 6822 7826
f 7826 7825 6871
f 7825 7826 7958
f 6880 6934 6882
f 6880 6879 6934
f 6838 6837 6839
f 6835 6836 6834
f 6834 6837 6835
f 6835 6837 6836
f 6673 6702 6704
f 6702 6739 6704
f 6704 6705 6673
f 6740 6705 6741
f 6741 6739 6740
f 6569 6624 6570
f 6511 6565 6567
f 6567 6512 6511
f 6512 6436 6511
f 6781 6780 6745
f 6735 6780 6781
f 6781 6736 6735
f 6745 6743 6781
f 6743 6736 6781
f 6987 6938 6991
f 6991 6935 6987
f 6938 6935 6991
f 6934 6935 6936
f 6936 6937 6884
f 6936 6935 6938
f 6938 6937 6936
f 6877 6831 6827
f 6827 6831 6825
f 6827 6825 6824
f 6827 6828 6877
f 6824 6873 6827
f 6873 6828 6827
f 6832 6770 6768
f 6768 6830 6832
f 6832 6830 6829
f 6832 6831 6833
f 6775 6770 6832
f 6829 6831 6832
f 6833 6777 6832
f 6832 6777 6775
f 6767 6819 6818
f 6818 6830 6767
f 6819 6830 6818
f 6714 6787 6715
f 6715 6718 6714
f 6789 6792 6680
f 6789 6716 6746
f 6838 6788 6789
f 6789 6787 6838
f 6746 6787 6789
f 6582 6583 6579
f 6583 6636 6579
f 6579 6637 6582
f 6636 6637 6579
f 6682 6580 6680
f 6682 6636 6580
f 6680 6792 6682
f 6682 6792 6638
f 6638 6636 6682
f 6358 6359 6353
f 6581 6584 6582
f 6582 6637 6581
f 6586 6584 6581
f 6581 6637 6586
f 6450 6350 6346
f 6350 6348 6346
f 6346 6586 6450
f 6346 6584 6586
f 6346 6348 6584
f 6679 6632 6709
f 6633 6632 6679
f 6709 6711 6679
f 6679 6677 6633
f 6711 6677 6679
f 6709 6632 6676
f 6628 6673 6627
f 6673 6705 6627
f 6513 6514 6629
f 6628 6627 6629
f 6705 6706 6629
f 6629 6627 6705
f 6681 6634 6718
f 6718 6715 6681
f 6680 6580 6681
f 6635 6523 6578
f 6523 6634 6578
f 6347 6349 6525
f 6525 6583 6347
f 6583 6348 6347
f 6667 6560 6614
f 6614 6616 6667
f 6614 6669 6668
f 6668 6616 6614
f 6605 6669 6614
f 6614 6612 6605
f 6611 6612 6558
f 8819 8820 8823
f 8820 8819 8821
f 6694 6693 6729
f 6729 6693 9285
f 6729 6695 6694
f 6730 6695 6729
f 6666 6670 6618
f 6670 6562 6618
f 6664 6665 6660
f 6660 6620 6664
f 6664 6620 6665
f 6621 6565 6622
f 6701 6697 6700
f 6701 6699 6697
f 6700 6674 6701
f 6674 6699 6701
f 5995 6341 6171
f 6171 6188 5995
f 6171 5999 6188
f 6448 6341 6337
f 6448 6171 6341
f 6175 6176 5996
f 5996 6173 6175
f 6175 6173 6176
f 6447 6344 6172
f 6172 6344 5998
f 6445 6447 6519
f 6632 6516 6630
f 6630 6676 6632
f 6630 6516 6513
f 6513 6629 6630
f 8738 8741 8739
f 8739 8737 8738
f 9173 9172 9171
f 9068 8934 9067
f 9067 9069 9068
f 9070 9069 9067
f 9067 9071 9070
f 9075 9070 9072
f 9070 9071 9072
f 9072 9076 9075
f 9187 1651 1626
f 1654 1651 9243
f 9243 1653 1654
f 9243 9194 1653
f 9241 9243 9242
f 9242 9243 9188
f 9242 9239 9241
f 9183 9239 9242
f 9188 9184 9242
f 9242 9184 9183
f 9238 9239 9182
f 9182 9239 9181
f 9181 9235 9182
f 9182 9237 9238
f 9182 9235 9237
f 6381 6380 6384
f 6385 6386 6384
f 6386 6388 6384
f 6379 6385 6384
f 6384 6380 6379
f 6386 6389 6241
f 6241 6389 6242
f 6228 6209 6227
f 6363 6185 5998
f 5534 5538 5533
f 5533 5798 5534
f 5537 5538 5534
f 5534 5799 5537
f 5534 5798 5799
f 5815 5823 5819
f 5819 5816 5815
f 6062 5823 5815
f 5817 5818 5536
f 5536 5535 5817
f 5536 5818 5537
f 5537 5799 5536
f 5535 5536 5801
f 5801 5536 5799
f 6208 6211 6207
f 6371 6209 6208
f 6208 6368 6371
f 6207 6368 6208
f 6212 6211 6228
f 6365 6176 6177
f 6177 6201 6365
f 6182 6176 6365
f 6365 6201 6182
f 6018 6016 6192
f 6017 6016 6018
f 6220 6021 6018
f 5990 6169 6343
f 5990 5992 6001
f 6001 5991 5990
f 6168 6169 5990
f 5987 5986 6441
f 6168 5990 5987
f 5987 5990 5991
f 5987 5991 5735
f 5987 6440 6168
f 6441 6440 5987
f 6189 6195 6190
f 6189 6188 6187
f 6189 6190 6188
f 5777 5778 5515
f 6017 6020 5777
f 5777 5509 6017
f 6021 5778 5777
f 4872 5440 4873
f 5164 5440 4872
f 4872 4873 4583
f 4583 4874 4872
f 4874 5163 4872
f 5436 5162 5434
f 5436 5163 5162
f 5719 5720 5436
f 5722 5974 5723
f 6146 6142 6134
f 6134 6142 6135
f 6135 6315 6134
f 6427 6425 6424
f 6424 6497 6427
f 6498 6497 6424
f 6422 6498 6424
f 6428 6154 6152
f 6152 6426 6428
f 5982 6151 6152
f 6152 6153 5982
f 6152 6154 6153
f 5984 5981 4885
f 5984 6151 5981
f 5728 6151 5984
f 5986 5988 6335
f 6332 6436 6437
f 6437 6438 6332
f 6008 6006 6001
f 6193 6006 6008
f 6001 6003 6008
f 6008 6191 6193
f 6008 6003 6191
f 6012 6193 6011
f 6012 6006 6193
f 6011 6015 6012
f 6006 6012 6007
f 5734 5988 5738
f 6564 6562 6565
f 6509 6562 6564
f 6323 6321 6560
f 4920 4912 4918
f 4911 4918 4912
f 4917 4918 4911
f 6330 6165 5177
f 3475 3730 3729
f 3729 3728 3475
f 3729 3715 3728
f 5140 4865 5137
f 5417 5418 5138
f 5138 5137 5417
f 5138 5140 5137
f 5143 5144 5154
f 5143 5141 5144
f 4866 4567 4565
f 4265 3962 3960
f 3960 4264 4265
f 4567 4570 4256
f 9328 4264 9331
f 3213 3216 3218
f 3218 3214 3213
f 3039 3037 3218
f 3218 3226 3039
f 3216 3226 3218
f 4262 3951 4261
f 4862 4863 4861
f 4862 4865 4863
f 4861 9313 4862
f 9313 4865 4862
f 4568 4252 4569
f 4568 4565 4567
f 4569 4564 4568
f 4564 4865 4568
f 4568 4865 4866
f 4866 4565 4568
f 3222 3451 3452
f 3222 3440 3451
f 3221 3440 3222
f 3437 3435 3434
f 3207 3025 3024
f 3428 3207 3024
f 3024 2824 3023
f 3024 3206 3428
f 3023 3206 3024
f 2667 2672 2671
f 2671 2665 2666
f 2666 2667 2671
f 2676 2665 2671
f 2671 2672 2676
f 3035 3032 2839
f 3025 3032 3035
f 4270 4272 4275
f 4275 4269 4270
f 4269 4577 4270
f 4573 4869 4575
f 4575 9328 4573
f 9328 9327 4573
f 4573 4571 4869
f 4573 9327 9329
f 9329 4571 4573
f 3706 3446 3705
f 3705 3701 3706
f 3446 3701 3705
f 3707 3704 3702
f 3702 3703 3707
f 3975 3703 3702
f 3974 3702 3701
f 3974 3966 4282
f 3975 3970 3972
f 3972 3970 3971
f 3972 3977 3975
f 3976 3977 3972
f 3971 4293 3972
f 4293 3976 3972
f 4316 4313 4317
f 4317 3988 4316
f 4315 4313 4316
f 4316 3988 3990
f 4316 3987 4315
f 3990 3987 4316
f 4314 3982 3983
f 3985 3984 3983
f 3983 3982 3985
f 3979 3977 3980
f 3980 3983 3984
f 3980 3977 4298
f 4314 3983 3980
f 3980 4298 4314
f 3719 3718 3987
f 3720 3718 3719
f 3719 3987 3990
f 3990 3721 3719
f 3721 3722 3719
f 3719 3722 3720
f 3708 3459 3706
f 3708 3707 3709
f 3709 3710 3708
f 3708 3704 3707
f 3706 3701 3708
f 3708 3702 3704
f 3701 3702 3708
f 3469 3467 3472
f 3472 3468 3469
f 3469 3468 3467
f 4624 4295 4619
f 4301 4295 4624
f 4619 4618 4624
f 4618 4303 4624
f 4303 4301 4624
f 4301 4299 4296
f 4296 4295 4301
f 4299 4295 4296
f 4300 4301 4302
f 4302 4311 4300
f 4300 4313 4301
f 4300 4311 4313
f 3444 3696 3443
f 3696 3698 3443
f 3443 3446 3444
f 3443 3698 3446
f 3441 3694 3450
f 3450 3438 3441
f 3441 3438 3694
f 3445 3449 3450
f 3450 3695 3445
f 3447 3449 3445
f 3687 3447 3442
f 3447 3445 3442
f 3442 3445 3695
f 3689 3687 3688
f 3688 3695 3694
f 3687 3442 3688
f 3688 3442 3695
f 3688 3962 3689
f 4254 4252 4255
f 4255 4256 4257
f 4567 4256 4255
f 4255 4568 4567
f 4252 4568 4255
f 3964 3963 3965
f 3965 3686 3964
f 3686 3685 3964
f 3964 3687 3963
f 3964 3685 3687
f 3471 3473 3249
f 3471 3241 3470
f 3249 3241 3471
f 3470 3468 3471
f 3471 3468 3472
f 3472 3473 3471
f 3248 3241 3254
f 3257 3240 3248
f 3238 3241 3248
f 3248 3240 3238
f 3223 3225 3220
f 3223 3224 3225
f 3220 3221 3223
f 3221 3224 3223
f 3229 3225 3228
f 3225 3224 3228
f 3053 3235 3239
f 3234 3235 3053
f 3053 3231 3234
f 3053 3230 3231
f 3730 3467 3466
f 3466 3468 3465
f 3467 3468 3466
f 3465 3463 3466
f 3463 3462 3466
f 3737 3485 3492
f 3492 3485 3491
f 3491 3270 3492
f 3492 3273 3268
f 3270 3273 3492
f 3734 3733 3732
f 3737 3733 3734
f 3734 3732 3736
f 3736 3737 3734
f 3731 3726 3732
f 3732 3733 3731
f 3725 3726 3731
f 3731 3715 3725
f 3728 3715 3731
f 3727 3733 3476
f 3727 3476 3475
f 3475 3728 3727
f 3728 3731 3727
f 3727 3731 3733
f 3036 3034 3030
f 3677 3944 3950
f 3940 3941 3939
f 3939 3944 3943
f 3939 3943 3936
f 3939 4250 3940
f 3936 4248 3939
f 4248 4250 3939
f 3675 3945 3676
f 3676 3678 3675
f 3676 3945 3943
f 3943 3944 3676
f 3677 3678 3676
f 3676 3944 3677
f 3667 3425 3426
f 3667 3426 3423
f 3423 4229 3667
f 4229 4230 3667
f 9356 3595 3594
f 3598 3595 9356
f 3857 3598 9356
f 3594 3856 9356
f 3856 3853 9356
f 9356 3853 3857
f 3596 3595 3361
f 3596 3361 3358
f 3593 3594 3596
f 3594 3595 3596
f 3596 3357 3593
f 3596 3358 3357
f 3598 3599 3597
f 3597 3599 3366
f 3597 3595 3598
f 3597 3366 3364
f 3364 3362 3597
f 3361 3595 3597
f 3597 3362 3361
f 3360 3363 3147
f 3360 3362 3363
f 3147 3145 3360
f 3360 3145 3146
f 3361 3362 3360
f 3358 3361 3360
f 3360 3146 3358
f 3143 3138 3139
f 3139 3142 3143
f 3142 2948 3143
f 3143 2948 2944
f 3143 2942 3138
f 3143 2944 2942
f 3359 3144 3349
f 3144 3142 3349
f 3349 3142 3141
f 3349 3141 3348
f 3348 3350 3349
f 3350 3359 3349
f 4714 4713 4715
f 4715 4713 4720
f 4720 4719 4715
f 4723 4719 4722
f 4723 4722 4724
f 4726 4413 4723
f 4724 4725 4723
f 4725 4726 4723
f 4402 4401 4406
f 4402 4056 4401
f 4402 4061 4058
f 4057 4056 4402
f 4402 4058 4057
f 4060 4062 3782
f 3781 4059 4060
f 3778 3781 4060
f 4060 3782 3778
f 4392 4394 4052
f 4052 4051 4392
f 4052 4397 4054
f 4052 4394 4397
f 4050 4051 4052
f 4052 4054 4049
f 4049 4050 4052
f 4382 4691 4384
f 4691 4692 4384
f 4702 4703 4701
f 4699 4697 4701
f 4701 4697 4702
f 4701 4389 4699
f 4701 4703 4389
f 4049 4053 4045
f 4053 4048 4045
f 4048 4047 4045
f 4045 4043 4049
f 3774 4047 4057
f 4057 4058 3774
f 4058 3775 3774
f 3773 3772 3774
f 3774 3775 3773
f 3774 3772 3767
f 3767 4047 3774
f 3766 4046 3767
f 3766 4039 4046
f 4034 4031 4033
f 4035 4034 4033
f 4680 4676 4971
f 4971 4974 4680
f 4970 4974 4971
f 4971 4969 4970
f 4684 4690 4678
f 4677 4676 4678
f 4678 4676 4684
f 4678 4373 4677
f 4678 4690 4373
f 4379 4373 4374
f 4374 4690 4379
f 4373 4690 4374
f 4033 4031 4032
f 4697 4692 4694
f 5003 5004 4696
f 4696 4695 5003
f 4696 5004 4700
f 4700 4697 4696
f 4697 4694 4696
f 4680 4682 4683
f 4686 4683 4682
f 5519 5523 5518
f 6017 5509 5766
f 5509 6022 5766
f 5262 5257 5258
f 4963 4964 4973
f 4676 4674 4972
f 4972 4971 4676
f 4973 4969 4972
f 4969 4971 4972
f 5262 5265 5263
f 5263 4975 5262
f 5265 4975 5263
f 4976 4682 4681
f 4681 4974 4976
f 4682 4974 4681
f 4019 4012 4015
f 4011 4009 4355
f 4011 4012 4009
f 4011 4015 4012
f 4355 4353 4011
f 4024 3756 4019
f 3757 3756 4024
f 4024 4015 4018
f 4019 4015 4024
f 4330 4329 4333
f 4001 4002 4003
f 4002 4334 4003
f 4003 4008 4001
f 3993 3992 9335
f 9335 4334 3993
f 9335 3992 4319
f 4017 4353 4354
f 4028 4363 4030
f 4363 4361 4030
f 4030 4031 4028
f 4358 4361 4363
f 3767 3768 3765
f 3765 3768 3761
f 3765 3766 3767
f 3765 3761 3763
f 3763 3766 3765
f 4305 4626 4625
f 4306 4626 4305
f 4625 4920 4305
f 4920 4306 4305
f 4325 4329 4324
f 4324 4329 4323
f 3504 3276 3275
f 3275 3274 3272
f 3276 3090 3275
f 3090 3274 3275
f 3272 3271 3275
f 3496 3504 3275
f 3275 3493 3496
f 3275 3271 3493
f 3784 3785 3788
f 3788 3791 3784
f 3788 3785 3787
f 3788 3787 3789
f 3789 9349 3788
f 9349 3791 3788
f 3535 3533 3534
f 3534 3797 3535
f 3302 3533 3535
f 3798 9350 3802
f 3798 3797 3796
f 3542 3797 3799
f 3797 3798 3799
f 3802 3801 3799
f 3799 3798 3802
f 3542 3799 3800
f 3800 3799 3801
f 3800 3801 3547
f 3547 3546 3800
f 3539 3540 3319
f 3319 3538 3539
f 3539 3538 3537
f 3537 3536 3539
f 3792 3790 9348
f 9348 9349 9346
f 9348 3790 9349
f 9348 9346 9344
f 9344 9345 9348
f 3532 3794 3534
f 3534 3531 3532
f 3297 3295 3528
f 3296 3295 3297
f 3297 3298 3296
f 3531 3298 3297
f 5030 5035 5036
f 5032 5031 5030
f 5036 5034 5030
f 5030 5034 5032
f 5033 5010 5009
f 5031 5010 5033
f 5024 5027 5028
f 5024 5026 5027
f 5025 5026 5024
f 5028 5014 5024
f 5024 5022 5025
f 5024 5014 5022
f 5271 4981 5269
f 5273 4981 5271
f 5271 5269 5270
f 5271 4992 5273
f 5271 5270 5275
f 5275 4992 5271
f 8724 9054 8720
f 8724 8588 9054
f 8596 8588 8591
f 8720 8721 8723
f 8723 8724 8720
f 8592 8724 8723
f 8449 8444 8269
f 8269 8268 8449
f 8449 8268 8444
f 8113 8268 8116
f 8589 8588 8596
f 8589 8587 8588
f 8589 9052 8587
f 8926 8923 9054
f 9054 9053 8926
f 8926 8924 8923
f 8926 8927 8924
f 8927 8926 9057
f 6874 6932 6933
f 6933 6934 6874
f 6934 6879 6874
f 6873 6932 6874
f 6876 6873 6874
f 6874 6879 6876
f 7963 6932 6873
f 7964 6932 7963
f 7825 7958 7960
f 8758 8761 8756
f 8760 8761 8758
f 8758 8756 8757
f 8757 8759 8758
f 8759 8760 8758
f 8634 8633 8635
f 8635 8767 8634
f 8633 8765 8635
f 8766 8767 8635
f 8635 8765 8764
f 8764 8766 8635
f 8744 8745 8742
f 8857 8745 8744
f 8744 8853 8857
f 9105 9106 9104
f 9104 9212 9105
f 6867 6864 6865
f 6865 6916 6867
f 6865 6864 6908
f 6908 6916 6865
f 8338 8512 8339
f 8339 8341 8336
f 8336 8338 8339
f 7927 7922 7925
f 7925 7922 8059
f 8073 8076 8075
f 8078 8079 8075
f 8075 8077 8078
f 8076 8077 8075
f 8075 8079 8074
f 8074 8060 8075
f 8075 8060 8073
f 8048 8049 8050
f 8046 8049 8048
f 8050 8051 8048
f 7920 7926 7921
f 7921 7919 7920
f 7921 7926 7928
f 7687 7685 7684
f 7684 7685 7682
f 9266 8041 8044
f 9266 8039 8041
f 7908 8038 9266
f 8038 8039 9266
f 8046 8048 7918
f 8045 8046 7918
f 7899 8035 7902
f 7899 7902 7900
f 7899 7900 7898
f 7898 8033 7899
f 7899 8033 8032
f 8037 8035 8034
f 8032 8030 8034
f 8034 7899 8032
f 8035 7899 8034
f 8029 8024 8026
f 8029 8030 8024
f 8029 8026 8028
f 8028 8181 8029
f 8181 8036 8029
f 8017 8018 8015
f 8015 8018 7886
f 8016 8017 8015
f 8013 8016 8015
f 8015 7886 8013
f 7554 7552 7662
f 7775 7773 7910
f 7910 7773 7905
f 7559 7674 7558
f 7674 7675 7558
f 7682 7681 7679
f 7560 7563 7561
f 7562 7563 7560
f 7560 7558 7675
f 7561 7559 7560
f 7559 7558 7560
f 7460 7328 9271
f 9271 7451 7460
f 7460 7332 7328
f 7466 7332 7460
f 7453 7559 7561
f 7667 7777 7779
f 7779 7668 7667
f 7779 7780 7668
f 7787 7788 7785
f 7785 7788 7786
f 7788 7787 7938
f 8901 8803 8897
f 8698 8715 8714
f 8714 8806 8698
f 8698 8806 8715
f 8789 8788 8799
f 8799 8798 8789
f 8799 8788 8884
f 8884 8885 8799
f 8885 8800 8799
f 8799 8800 8798
f 8704 8702 8703
f 8823 8704 8703
f 8703 8819 8823
f 8852 8853 8849
f 8854 8853 8852
f 8972 8971 8970
f 8871 8870 8989
f 8988 8871 8989
f 8989 8987 8988
f 8862 8987 8989
f 8864 8862 8989
f 8989 8867 8864
f 8989 8870 8867
f 8786 8788 8787
f 8783 8881 8786
f 8786 8785 8783
f 8787 8785 8786
f 8778 8780 8779
f 8775 8778 8779
f 8782 8781 8779
f 8779 8780 8782
f 8779 8774 8775
f 8675 8774 8779
f 8779 8781 8675
f 9090 9091 9089
f 9089 9088 9090
f 9087 9088 9089
f 9095 9091 9094
f 9094 9249 9095
f 9080 9083 8946
f 8946 9083 8947
f 8947 8945 8946
f 9081 9080 8946
f 8948 9249 8951
f 9095 9249 9250
f 9250 9091 9095
f 9250 9089 9091
f 8944 8942 9081
f 9081 8946 8944
f 8944 8946 8945
f 8943 8942 8944
f 8944 8945 8943
f 8842 8843 8844
f 8844 8848 8845
f 8966 8848 8844
f 8961 8960 8963
f 8838 8961 8963
f 8963 8964 8838
f 8963 8843 8964
f 8959 8960 8958
f 8966 8960 8959
f 8970 8971 8967
f 8967 8968 8970
f 8969 8955 9101
f 8969 8968 8955
f 8970 8968 8969
f 8991 8993 8992
f 8990 8993 8991
f 8991 8992 8875
f 8875 8990 8991
f 8996 8998 8999
f 9000 9001 9002
f 9002 9004 9000
f 9000 8996 9001
f 8998 8996 9000
f 8890 8886 8889
f 8890 8891 8886
f 8889 8998 9005
f 8998 9000 9005
f 9005 9000 9004
f 9038 9154 9155
f 6765 6762 9043
f 8978 8979 8976
f 8976 8979 8980
f 9240 9198 9196
f 9240 9239 9238
f 9196 9241 9240
f 9241 9239 9240
f 9238 9203 9201
f 9201 9203 9202
f 9201 9240 9238
f 9198 9240 9201
f 9191 9197 9090
f 9090 9088 9191
f 9192 9193 9191
f 9191 9193 9197
f 9191 9088 9086
f 9191 9086 1658
f 1658 9192 9191
f 9195 9193 9194
f 9195 9243 9241
f 9194 9243 9195
f 9195 9241 9196
f 9196 9193 9195
f 9236 9203 9237
f 8411 8410 8409
f 8412 8410 8411
f 8426 8585 8427
f 8426 8424 8425
f 8425 8411 8426
f 8426 8427 8428
f 8428 8424 8426
f 8409 8585 8426
f 8426 8411 8409
f 8586 8582 8581
f 8581 6489 8586
f 8586 6404 6296
f 6296 8427 8586
f 8586 8427 8582
f 6546 6409 6544
f 6544 6545 8577
f 6544 8577 8579
f 8579 6546 6544
f 6136 6315 6135
f 5439 5164 5437
f 5437 5970 5439
f 5164 4872 5437
f 5437 4872 5163
f 5967 5966 5969
f 5969 5713 5967
f 5969 5720 5713
f 5969 5436 5720
f 5965 5966 5967
f 6125 6129 6128
f 6128 6129 5966
f 5966 5965 6128
f 6128 5965 5967
f 6311 6421 6312
f 6312 6421 6423
f 5712 9300 5964
f 5964 6128 5967
f 6125 6128 5964
f 6126 9300 6121
f 6121 9300 6119
f 6121 6300 6126
f 6119 6300 6121
f 5421 5420 5423
f 5421 5428 5420
f 5149 5148 5426
f 5426 5424 5149
f 5423 5424 5426
f 5426 5421 5423
f 5148 5428 5426
f 5428 5421 5426
f 5159 5160 4272
f 4272 4270 5159
f 5159 4270 4577
f 5432 5160 5159
f 5716 5714 5715
f 5716 5715 5435
f 5435 5718 5716
f 5717 5714 5716
f 5716 5432 5717
f 5716 5718 5432
f 5151 5149 5429
f 5429 5711 5151
f 5149 5424 5425
f 5424 5711 5425
f 5714 5961 5963
f 5715 5714 5963
f 9301 9300 5963
f 5963 5961 9301
f 5963 5712 5715
f 5963 9300 5712
f 6118 5952 6114
f 6114 5953 6118
f 6118 5953 5952
f 5954 9300 5955
f 5955 5953 5954
f 6119 9300 5954
f 5954 5953 6119
f 6114 6115 6117
f 6117 5953 6114
f 6117 6115 6119
f 6119 5953 6117
f 6407 6410 6416
f 6413 6421 6412
f 6412 6491 6413
f 6491 6418 6413
f 8172 8175 8176
f 8171 8169 8172
f 8172 8176 8171
f 8172 8169 8173
f 8173 8175 8172
f 8355 8173 8352
f 8355 8174 8173
f 8356 8357 8355
f 8185 8174 8189
f 8186 8185 8189
f 8174 8355 8189
f 8189 8355 8357
f 8190 8186 8189
f 8189 8357 8190
f 8180 8179 8042
f 8180 8040 8028
f 8042 8040 8180
f 8028 8171 8180
f 8171 8179 8180
f 8168 8170 8166
f 8166 8167 8168
f 8166 8170 8165
f 8165 8167 8166
f 8544 8542 8545
f 8545 8546 8544
f 8545 8542 8541
f 8541 8680 8545
f 8545 8680 8547
f 8547 8546 8545
f 8549 9259 8544
f 8544 8546 8549
f 8374 8376 8202
f 8204 8203 8202
f 8202 8376 8204
f 8548 8546 8547
f 8547 8550 8548
f 8209 8211 8224
f 8224 8208 8209
f 8209 8208 8211
f 8384 8205 8204
f 8384 8385 8205
f 8382 8386 8383
f 8385 8384 8383
f 8383 8386 8207
f 8207 8385 8383
f 8383 8384 8380
f 8193 8055 8192
f 8191 8194 8193
f 8193 8192 8191
f 8532 8364 8531
f 8532 8365 8364
f 8531 8533 8532
f 8370 8371 8366
f 8366 8365 8370
f 8371 8365 8366
f 8071 8076 8072
f 8072 8076 8073
f 5690 5403 5401
f 5686 5403 5690
f 5690 5401 5684
f 5684 5686 5690
f 7564 7571 7565
f 7565 7681 7564
f 7562 7681 7565
f 7565 7563 7562
f 7566 7563 7565
f 7688 7571 7564
f 7564 7683 7688
f 7688 7683 7685
f 7689 7685 7687
f 7689 7688 7685
f 7571 7688 7689
f 4850 4235 4232
f 4848 4235 4850
f 4847 4848 4850
f 4850 4234 4847
f 4232 4234 4850
f 4237 4239 4236
f 4551 4237 4236
f 4236 4550 4551
f 4852 4550 4236
f 4236 4235 4852
f 4236 4239 4235
f 9336 4239 4242
f 9340 4239 9336
f 5678 5677 5680
f 5678 5398 5677
f 5680 5681 5678
f 5681 5398 5678
f 4852 5677 5397
f 5397 5398 4852
f 5677 5398 5397
f 5931 5923 5932
f 5675 5931 5932
f 5932 7472 5933
f 5932 5923 7472
f 5932 5676 5675
f 5933 5676 5932
f 5924 5931 5930
f 5930 7470 5924
f 5924 7470 5931
f 7472 7470 7582
f 7582 7471 7472
f 5407 5937 5939
f 5937 5938 5939
f 5939 5408 5407
f 5939 5938 5408
f 7811 5938 7814
f 7814 7813 7811
f 6108 7815 6282
f 6282 5935 6108
f 7815 5935 6282
f 6106 7698 7697
f 7698 7576 7697
f 7817 7816 7692
f 8233 8236 8078
f 8235 8236 8233
f 8078 8077 8233
f 8232 8235 8233
f 8233 8077 8232
f 8091 8237 8090
f 8237 8236 8090
f 8080 8079 8078
f 8078 8236 8080
f 8080 8236 8237
f 8082 7928 7927
f 6286 8102 6291
f 6291 8102 6289
f 6289 5949 6291
f 6291 5949 5947
f 6291 5946 6286
f 5947 5946 6291
f 8103 8098 8099
f 8099 8102 8103
f 8101 8102 8099
f 6284 5945 5944
f 5944 6283 6284
f 8241 8239 8240
f 8240 8239 8235
f 8240 8234 8241
f 8235 8234 8240
f 8094 8096 7948
f 7948 8093 8094
f 8094 8093 8091
f 8094 8236 8238
f 8091 8090 8094
f 8094 8090 8236
f 8238 8239 8095
f 8095 8094 8238
f 8096 8094 8095
f 8095 8239 8098
f 8098 8096 8095
f 7951 8098 8103
f 8103 7952 7951
f 5942 7952 5943
f 5943 7952 6283
f 6283 5944 5943
f 5943 5944 5945
f 5943 5409 5942
f 5943 5695 5409
f 5696 5695 5943
f 5943 5945 5696
f 5408 5940 5693
f 5693 5412 5408
f 5940 5412 5693
f 5709 5702 5957
f 5957 5958 5709
f 5957 5702 5950
f 5957 5950 5951
f 5951 5958 5957
f 5710 5711 5424
f 5424 5958 5710
f 5710 5958 5711
f 8247 8249 8248
f 8248 8421 8247
f 8415 8249 8247
f 8247 8421 8415
f 8430 8425 8428
f 8430 8423 8425
f 8428 6299 8430
f 6299 6300 8430
f 6115 8423 8430
f 8430 6300 6115
f 8422 8249 8415
f 8422 8423 8249
f 8425 8423 8422
f 6119 6115 6116
f 6116 6300 6119
f 6115 6300 6116
f 6120 6122 6126
f 6126 6300 6120
f 6120 6300 6122
f 5948 5702 5701
f 5701 5949 5948
f 5947 5949 5700
f 5949 5701 5700
f 7634 7632 7631
f 7631 7632 7629
f 7630 7635 7631
f 7631 7627 7630
f 7629 7627 7631
f 7631 7636 7634
f 7635 7636 7631
f 6926 6927 6924
f 6924 6977 6926
f 6927 6977 6924
f 7050 7126 7051
f 7127 7126 7050
f 7051 7049 7050
f 7049 7127 7050
f 7134 7135 7132
f 7132 7233 7134
f 7134 7233 7234
f 7218 7223 7226
f 7223 7225 7226
f 7226 7229 7218
f 7234 7233 7226
f 7226 7225 7234
f 7220 7221 7222
f 7222 7224 7220
f 7339 7224 7222
f 7334 7339 7222
f 7221 7331 7222
f 7222 7331 7334
f 7238 7235 7236
f 7138 7235 7238
f 7238 7139 7138
f 7247 7143 7245
f 7246 7143 7144
f 7144 7142 7246
f 7246 7245 7143
f 7241 7245 7246
f 7336 7339 7334
f 7337 7241 7336
f 7336 7335 7337
f 7333 7335 7336
f 7336 7331 7333
f 7334 7331 7336
f 5386 5115 5384
f 5385 5387 5386
f 5386 5382 5385
f 5386 5387 5122
f 5106 5382 5386
f 5386 5108 5106
f 5384 5108 5386
f 4538 4541 5122
f 5122 4539 4538
f 4538 4539 4541
f 3920 3648 3919
f 3919 4199 3920
f 4199 3918 3920
f 3916 3918 4200
f 3915 4199 4200
f 4200 3918 3915
f 3915 3918 4199
f 2474 2332 2330
f 2330 3919 2474
f 2330 2473 3919
f 2329 2473 2331
f 2331 2328 2329
f 2473 2330 2331
f 2334 2328 2331
f 2332 2333 2331
f 2331 2330 2332
f 2335 2334 2331
f 2331 2333 2335
f 3923 3922 4209
f 4546 3000 4212
f 4212 4210 4546
f 3000 4210 4212
f 4211 2999 3923
f 3923 4209 4211
f 4211 4209 4210
f 5119 4206 4207
f 4207 4206 4546
f 4207 4208 4829
f 4546 4210 4207
f 4207 4209 4208
f 4210 4209 4207
f 4543 4542 4544
f 4214 3649 4544
f 3649 3003 4544
f 4545 4543 4544
f 4544 4542 4541
f 4544 4547 4214
f 4544 4541 4547
f 2629 2491 2630
f 3003 2491 2629
f 2629 2630 3001
f 3001 3003 2629
f 7467 7469 7468
f 5926 5928 7468
f 7468 5929 5926
f 7468 7469 5929
f 5930 5929 5925
f 5929 7469 5925
f 5925 7470 5930
f 5925 7469 7470
f 7467 7465 7464
f 7464 7469 7467
f 7470 7469 7464
f 7466 7467 7340
f 7340 7335 7466
f 7337 7335 7340
f 1880 1987 1986
f 1987 2087 1986
f 1986 1882 1880
f 1986 2087 1882
f 1985 1879 1983
f 1983 2087 1985
f 1985 2087 1879
f 2194 2196 2074
f 2074 2073 2194
f 2074 2196 2089
f 1981 2073 2074
f 1983 1984 2074
f 4833 4817 4832
f 4832 4199 4833
f 4200 4199 4832
f 4812 4811 4810
f 4810 4826 4812
f 4830 4825 4829
f 4829 4208 4830
f 4810 4825 4830
f 4830 4826 4810
f 6930 6927 6928
f 6928 6927 6926
f 6926 4803 6928
f 5101 6929 6930
f 5101 4527 4802
f 4802 4801 5101
f 6870 6929 5101
f 5101 4801 6870
f 4528 4801 4524
f 4524 4527 4528
f 4801 4527 4524
f 4823 4822 4534
f 4534 4529 4823
f 4823 4529 4822
f 4533 4192 3908
f 4196 4536 4537
f 4537 4197 4196
f 4817 4820 4816
f 4814 4817 4816
f 4816 4803 4814
f 4183 4515 4517
f 4515 4516 4517
f 2200 3911 2201
f 2201 3911 4194
f 2201 4194 2327
f 2327 2326 2201
f 3159 3160 2962
f 2962 3158 3159
f 2962 2963 2961
f 2961 2960 2962
f 2962 2960 3158
f 2949 3145 2951
f 2949 2950 2947
f 2949 2951 2950
f 2947 2948 2949
f 2948 3145 2949
f 3301 3536 3537
f 3301 3299 3302
f 3299 3301 3305
f 3305 3301 3537
f 2904 2902 3096
f 3096 3097 2904
f 2906 2903 2905
f 2905 3097 3105
f 2905 2903 2904
f 2904 3097 2905
f 3105 3106 3107
f 2907 2906 3107
f 3107 3108 2907
f 3107 3106 3108
f 3107 2905 3105
f 2906 2905 3107
f 3110 3106 9358
f 3106 3104 9358
f 9358 3104 9359
f 9359 3306 9358
f 3115 3110 9358
f 9358 3306 3115
f 2100 2099 2104
f 2104 2118 2117
f 2216 2118 2104
f 2104 2099 2216
f 2117 2103 2104
f 2103 2100 2104
f 2088 2076 2075
f 2076 2077 2075
f 2075 2077 2079
f 2075 2086 2088
f 2075 2079 2086
f 2675 2664 2665
f 2665 2506 2675
f 2675 2506 2664
f 2484 2342 2208
f 2484 2482 2480
f 2480 2488 2484
f 2484 2488 2342
f 2480 2481 2476
f 2481 3922 2476
f 2476 3922 3923
f 3923 2477 2476
f 2476 2477 2480
f 2479 2477 2478
f 2478 2477 2999
f 2478 2633 2479
f 2478 2627 2633
f 3000 2627 2998
f 2998 4210 3000
f 2998 2478 2999
f 2627 2478 2998
f 2999 4211 2998
f 2998 4211 4210
f 2633 2631 2486
f 2486 2487 2633
f 2486 2489 2487
f 2630 2491 2632
f 2491 2489 2632
f 2628 2630 2632
f 2632 2631 2628
f 2632 2486 2631
f 2489 2486 2632
f 3013 3006 3012
f 3012 3011 3013
f 2643 3011 3012
f 3417 3660 3198
f 3198 3007 3417
f 3417 3007 3008
f 3417 3012 3006
f 3008 3012 3417
f 3006 3416 3417
f 3417 3416 3413
f 3417 3413 3657
f 3657 3415 3417
f 3934 3660 3933
f 3933 3930 3929
f 3929 4223 3933
f 4223 3934 3933
f 3657 3932 3933
f 3932 3930 3933
f 3652 3412 3651
f 3651 3654 3652
f 3652 3654 3412
f 2451 2314 2449
f 2599 2452 2451
f 2449 2448 2451
f 2448 2599 2451
f 1926 1937 1927
f 1927 1925 1926
f 1935 1937 1926
f 1926 1931 1935
f 1926 1925 1924
f 1930 1931 1926
f 1926 1924 1930
f 2037 1932 2034
f 2037 2034 2164
f 2039 1933 2037
f 1933 1932 2037
f 2037 2166 2039
f 2164 2166 2037
f 2066 2995 2996
f 2996 2062 2066
f 2996 3196 2062
f 3193 3196 2996
f 2996 2995 3193
f 2067 1976 2064
f 2069 1976 2067
f 2064 2068 2067
f 2067 2068 2190
f 2190 2069 2067
f 1981 2074 1979
f 1979 2074 1984
f 1979 1984 1877
f 1877 1978 1979
f 2070 1977 2071
f 2071 1978 2070
f 2070 1978 1977
f 1875 1977 1975
f 1977 1978 1975
f 1975 1974 1875
f 1975 1978 1974
f 1980 2071 2072
f 1980 1978 2071
f 2072 1981 1980
f 1981 1979 1980
f 1980 1979 1978
f 3639 3640 3642
f 3642 3640 3408
f 3409 3639 3642
f 3642 3408 3409
f 9379 1812 1811
f 9379 1867 1812
f 1811 1808 9379
f 9379 1808 9381
f 9381 9380 9379
f 9379 9380 1860
f 1864 1867 9379
f 1949 1947 1946
f 1946 2053 1949
f 1946 2050 2053
f 2053 2050 2052
f 2050 2051 2052
f 2052 2051 2181
f 2054 2053 2052
f 2052 2183 2054
f 2052 2181 2183
f 1799 1857 1858
f 1857 1859 1858
f 1858 1795 1799
f 1800 1795 1801
f 1795 1858 1801
f 1801 1858 1859
f 1948 1946 1947
f 1790 1789 1787
f 1793 1789 1790
f 1787 1784 1790
f 6820 6830 7822
f 8106 9154 9153
f 9154 9151 9153
f 9153 8257 8106
f 9151 8257 9153
f 6841 6788 6838
f 6792 6789 6841
f 6841 6789 6788
f 6879 6880 6840
f 6838 6839 6840
f 6840 6839 6879
f 6840 6841 6838
f 6840 6880 6882
f 6882 6841 6840
f 6876 6879 6878
f 6879 6839 6878
f 6878 6837 6876
f 6878 6839 6837
f 6705 6704 6703
f 6703 6704 6739
f 6703 6741 6705
f 6739 6741 6703
f 6625 6624 6674
f 6625 6570 6624
f 6571 6442 6441
f 6571 6572 6442
f 6441 6569 6571
f 6569 6570 6571
f 6570 6625 6571
f 6628 6572 6571
f 6571 6625 6674
f 6167 5456 6166
f 5457 5456 6167
f 6882 6934 6875
f 6875 6936 6882
f 6934 6936 6875
f 6881 6884 6882
f 6882 6936 6881
f 6881 6936 6884
f 6717 6787 6716
f 6717 6715 6787
f 6717 6681 6715
f 6680 6681 6717
f 6717 6789 6680
f 6716 6789 6717
f 6882 6884 6883
f 6883 6841 6882
f 6842 6841 6883
f 6843 6842 6883
f 6638 6792 6793
f 6793 6842 6638
f 6792 6841 6793
f 6793 6841 6842
f 6794 6585 6638
f 6638 6842 6794
f 6794 6843 6585
f 6794 6842 6843
f 6355 6353 6359
f 6180 6349 6355
f 6349 6353 6355
f 6355 6359 6360
f 6360 6181 6355
f 6355 6181 6180
f 6352 6347 6348
f 6352 6353 6349
f 6349 6347 6352
f 6352 6351 6356
f 6352 6348 6351
f 6515 6629 6514
f 6515 6514 6337
f 6443 6442 6515
f 6336 6443 6515
f 6515 6337 6336
f 6515 6442 6628
f 6628 6629 6515
f 6683 6681 6580
f 6525 6635 6683
f 6683 6580 6525
f 6634 6681 6683
f 6635 6578 6683
f 6683 6578 6634
f 6560 6321 6434
f 6501 6504 6500
f 6500 6431 6501
f 6611 6558 6553
f 6553 6504 6551
f 6551 6611 6553
f 8822 6690 8820
f 8820 8821 8822
f 8822 8821 6690
f 8916 9285 6724
f 8916 8914 9285
f 8916 9286 8821
f 9285 8914 6725
f 6725 6729 9285
f 6726 6728 6730
f 6730 6729 6726
f 6565 6562 6563
f 6563 6622 6565
f 6619 6562 6620
f 6619 6620 6621
f 6621 6622 6619
f 6619 6563 6562
f 6622 6563 6619
f 9295 6516 6447
f 6447 6448 9295
f 6337 6516 9295
f 9295 6448 6337
f 6340 6448 6447
f 5999 6171 6340
f 6171 6448 6340
f 6447 6172 6342
f 6342 6172 5999
f 6342 6340 6447
f 5999 6340 6342
f 5998 5999 5997
f 5997 6172 5998
f 5999 6172 5997
f 6447 6516 6444
f 6444 6519 6447
f 6516 6519 6444
f 6573 6445 6517
f 6445 6519 6517
f 6517 6633 6573
f 6517 6632 6633
f 8741 8738 8846
f 8842 8844 8846
f 8846 8844 8845
f 8846 8734 8842
f 8846 8738 8734
f 8735 8737 8736
f 8735 8738 8737
f 8734 8738 8735
f 8736 8732 8735
f 8735 8732 8734
f 9071 9067 9065
f 9065 9066 9071
f 9064 9066 9065
f 8933 9064 9065
f 9065 8934 8933
f 9065 9067 8934
f 9076 9072 9074
f 9051 9053 9054
f 9051 9052 9053
f 8587 9052 9051
f 9054 8588 9051
f 8588 8587 9051
f 9052 8589 9148
f 9183 9184 9180
f 9178 9181 9180
f 9181 9183 9180
f 9190 9243 1651
f 9188 9243 9190
f 1651 9187 9190
f 9190 9187 9188
f 6383 6388 6381
f 6381 6384 6383
f 6383 6384 6388
f 6387 6388 6386
f 6386 6241 6387
f 6235 6227 6388
f 6226 6209 6382
f 6226 6227 6209
f 6226 6382 6381
f 5998 6184 6183
f 6183 6363 5998
f 6183 6184 6182
f 6182 6364 6183
f 6364 6363 6183
f 6053 6054 6055
f 6055 6056 6053
f 6062 5815 5813
f 5813 6059 6062
f 5788 5787 6035
f 6024 5781 5780
f 6224 6024 5780
f 5780 6021 6224
f 5780 5778 6021
f 6220 6195 6221
f 6195 6189 6221
f 6199 6201 6204
f 6198 6364 6199
f 6198 6363 6364
f 6185 6363 6198
f 6198 6186 6185
f 6197 6189 6198
f 6187 6186 6198
f 6198 6189 6187
f 6229 6031 6030
f 6229 6212 6228
f 6030 6212 6229
f 6213 6030 6027
f 6210 6208 6209
f 6211 6208 6210
f 6210 6209 6228
f 6228 6211 6210
f 6202 6201 6366
f 6202 6203 6201
f 6216 6030 6213
f 6216 6212 6030
f 6211 6212 6216
f 6194 6018 6192
f 6192 6190 6194
f 6190 6195 6194
f 6194 6195 6220
f 6220 6018 6194
f 6017 6018 6019
f 6019 6018 6021
f 6019 6020 6017
f 6019 5777 6020
f 6021 5777 6019
f 6191 6003 6002
f 6002 6003 6001
f 6190 6191 6002
f 6001 5992 6002
f 6188 6190 6002
f 6002 6000 6188
f 5992 5993 6002
f 5993 6000 6002
f 5994 5990 6343
f 5992 5990 5994
f 6343 5993 5994
f 5994 5993 5992
f 5989 5987 5735
f 5989 5738 5988
f 5989 5988 5986
f 5986 5987 5989
f 5515 5512 5510
f 5510 5777 5515
f 5510 5512 5509
f 5509 5777 5510
f 5434 5719 5433
f 5433 5436 5434
f 5719 5436 5433
f 5442 5973 5444
f 5444 5445 5442
f 5447 5445 5446
f 4880 5170 5450
f 5450 5446 5449
f 5170 5448 5450
f 5450 5448 5447
f 5447 5446 5450
f 6143 6142 5974
f 6135 6142 6143
f 6143 5444 5973
f 5974 5722 6143
f 6143 5722 5445
f 5445 5444 6143
f 6146 6134 6317
f 6423 6421 6317
f 6317 6421 6422
f 6316 6134 6315
f 6316 6312 6423
f 6315 6312 6316
f 6423 6317 6316
f 6316 6317 6134
f 5723 5975 5724
f 5449 5446 5724
f 5729 5449 5724
f 5724 5725 5729
f 5724 5446 5445
f 5724 5722 5723
f 5445 5722 5724
f 6150 6151 5728
f 6149 6151 6150
f 5977 5975 5974
f 6146 6317 5977
f 5977 6317 6145
f 5977 6142 6146
f 5974 6142 5977
f 6148 6425 6427
f 6427 6318 6148
f 4880 5450 5171
f 5171 5450 5449
f 5171 5449 5729
f 5728 5984 5172
f 5172 5984 4885
f 5203 4629 4916
f 5451 4886 4885
f 5451 5981 5982
f 4885 5981 5451
f 4905 4604 4902
f 4597 4607 4593
f 6426 6152 9298
f 9298 6152 6151
f 6427 6426 9298
f 9298 6318 6427
f 9298 6151 6149
f 6149 6148 9298
f 9298 6148 6318
f 6439 6438 6441
f 6439 6335 6438
f 6441 5986 6439
f 5986 6335 6439
f 6010 6007 6012
f 5735 5740 5736
f 5740 5738 5736
f 5736 5989 5735
f 5738 5989 5736
f 6566 6564 6565
f 6615 6560 6667
f 6667 6617 6615
f 6561 6562 6509
f 6560 6615 6561
f 6561 6618 6562
f 6666 6618 6561
f 6561 6615 6617
f 6561 6617 6666
f 6321 6323 6322
f 6559 6323 6560
f 6560 6561 6559
f 6559 6561 6509
f 4910 4911 4912
f 4910 4597 4608
f 4910 4912 4609
f 4609 4607 4910
f 4607 4597 4910
f 4917 4911 4915
f 4915 5203 4916
f 5461 5456 5457
f 5178 5177 6165
f 5177 5178 5179
f 3715 3729 3713
f 3713 3710 3712
f 3712 3715 3713
f 5418 5141 5139
f 5139 5138 5418
f 5141 5138 5139
f 5140 5138 5142
f 5156 4865 5142
f 4865 5140 5142
f 5142 5141 5156
f 5142 5138 5141
f 5155 5154 4566
f 5155 5143 5154
f 4566 4567 5155
f 5155 4866 5156
f 5156 5141 5155
f 5141 5143 5155
f 4264 3960 3961
f 3038 3037 3041
f 3041 2843 3038
f 3038 2843 3036
f 3217 3218 3037
f 3037 3038 3217
f 3217 3038 3036
f 3036 3029 3217
f 3217 3029 3212
f 3212 3214 3217
f 3214 3218 3217
f 3951 4262 3952
f 3952 4262 3953
f 3953 3681 3952
f 4261 4254 4258
f 4254 4255 4258
f 4260 3958 3955
f 4260 4258 4255
f 4260 4262 4261
f 4261 4258 4260
f 4257 3958 4260
f 4260 4255 4257
f 3213 3214 3682
f 3682 3681 3213
f 3683 3681 3953
f 3683 3435 3213
f 3213 3681 3683
f 3229 3228 3227
f 3227 3228 3224
f 3454 3224 3221
f 3221 3222 3454
f 3454 3227 3224
f 3454 3222 3452
f 3452 3455 3454
f 3229 3227 3454
f 3454 3455 3234
f 3454 3052 3229
f 3234 3231 3454
f 3231 3230 3454
f 3454 3053 3052
f 3230 3053 3454
f 3955 3434 3956
f 3956 4262 3955
f 3953 4262 3956
f 3956 3434 3435
f 3956 3683 3953
f 3435 3683 3956
f 3693 3434 3955
f 3694 3438 3693
f 3955 3958 3693
f 2837 2824 2838
f 2846 2837 2838
f 3025 3035 2838
f 2839 2846 2838
f 2838 3035 2839
f 2838 3024 3025
f 2824 3024 2838
f 3973 3974 3970
f 3702 3974 3973
f 3973 3970 3975
f 3975 3702 3973
f 3699 3698 3697
f 3697 3974 3699
f 3701 3698 3699
f 3699 3974 3701
f 3969 3974 3697
f 3966 3974 3969
f 3965 3966 3969
f 3969 3686 3965
f 3697 3686 3969
f 4282 4280 3967
f 4280 3970 3967
f 3970 3974 3967
f 3711 3980 3984
f 3711 3984 3712
f 3711 3712 3709
f 3709 3707 3711
f 3707 3979 3711
f 9330 9331 4264
f 4257 4256 9330
f 9329 9328 9330
f 9328 9331 9330
f 9330 4256 4570
f 9330 4572 9329
f 9330 4570 4572
f 3959 3957 3958
f 3684 3957 3959
f 3959 3961 3684
f 4264 3961 3959
f 3959 9330 4264
f 3254 3257 3247
f 3247 3248 3254
f 3257 3248 3247
f 3245 3239 3242
f 3245 3243 3239
f 3242 3257 3245
f 3239 3243 3054
f 3054 3053 3239
f 3051 3052 3054
f 3052 3053 3054
f 3056 9360 3055
f 3062 9360 3056
f 3056 3054 3243
f 3056 3055 3051
f 3051 3054 3056
f 3061 3062 3064
f 3061 9360 3062
f 3055 9360 3061
f 3065 3055 3061
f 3061 3064 3065
f 3461 3466 3462
f 3460 3459 3461
f 3461 3462 3460
f 3461 3708 3710
f 3459 3708 3461
f 3710 3713 3461
f 3484 3483 3737
f 3737 3492 3484
f 3266 3483 3484
f 3268 3266 3484
f 3484 3492 3268
f 3027 3211 3433
f 3027 3678 3212
f 3675 3678 3027
f 3027 3433 3675
f 3036 3030 3027
f 3212 3029 3027
f 3027 3029 3036
f 3941 3950 3942
f 3942 3950 3944
f 3942 3939 3941
f 3944 3939 3942
f 4718 4715 4719
f 4719 4723 4718
f 4412 4714 4718
f 4714 4715 4718
f 4718 4413 4412
f 4718 4723 4413
f 4406 4405 4403
f 4403 4402 4406
f 4061 4402 4403
f 4387 4386 4388
f 4050 4043 4387
f 4388 4051 4387
f 4387 4051 4050
f 4386 4387 4385
f 4389 4386 4385
f 4385 4384 4389
f 4385 4383 4382
f 4382 4384 4385
f 4699 4389 4698
f 4389 4384 4698
f 4698 4384 4692
f 4698 4697 4699
f 4698 4692 4697
f 4940 4939 4937
f 4044 4047 4046
f 4044 4045 4047
f 4046 4039 4044
f 4039 4040 4044
f 4043 4045 4044
f 4044 4040 4043
f 3764 3766 3763
f 4039 3766 3764
f 3763 4034 3764
f 3764 4034 4039
f 4028 4031 4027
f 4031 4034 4027
f 4027 4034 3763
f 3763 3761 4027
f 3761 3762 4027
f 4038 4040 4039
f 4039 4034 4038
f 4034 4035 4038
f 4370 4373 4372
f 4372 4371 4370
f 4370 4371 4369
f 4671 4369 4958
f 4958 4369 4670
f 4369 4371 4368
f 4368 4670 4369
f 4367 4371 4365
f 4360 4367 4365
f 4381 4036 4378
f 4381 4383 4041
f 4381 4378 4382
f 4382 4383 4381
f 4377 4036 4033
f 4378 4036 4377
f 4033 4032 4377
f 4032 4365 4377
f 4693 4692 4688
f 4693 4694 4692
f 4688 4687 4693
f 4695 4696 4693
f 4693 4696 4694
f 4680 4683 4679
f 4679 4676 4680
f 4684 4676 4679
f 4685 4688 4689
f 4689 4684 4685
f 4683 4686 4685
f 4684 4679 4685
f 4685 4679 4683
f 4685 4687 4688
f 4685 4686 4687
f 4982 4979 4983
f 4982 4686 4682
f 4982 4682 4976
f 4976 4979 4982
f 5230 5226 5499
f 5256 5258 5257
f 5527 5528 5253
f 5527 5245 5243
f 5253 5245 5527
f 5514 5512 5515
f 5514 5519 5512
f 5793 5514 5515
f 5519 5514 5793
f 6017 5766 5765
f 5765 5766 6022
f 6022 5764 5765
f 5261 5260 5264
f 5261 5258 5260
f 5264 5265 5261
f 5261 5265 5262
f 5262 5258 5261
f 4967 4968 4966
f 4966 5254 4967
f 5262 4968 4967
f 4967 5257 5262
f 4967 5254 5257
f 5253 5528 5255
f 5255 5254 5253
f 5257 5254 5255
f 5255 5256 5257
f 5252 5245 5253
f 5252 4963 5251
f 5251 5246 5252
f 5252 5246 5245
f 4956 4960 4958
f 5250 4960 4956
f 4937 4939 4938
f 4962 5250 5251
f 5251 4963 4962
f 4973 4972 4673
f 4673 4972 4674
f 4674 4671 4673
f 4356 4357 4362
f 4362 4358 4363
f 4357 4358 4362
f 4020 4024 4018
f 4023 4024 4020
f 4018 4022 4020
f 4020 4022 4023
f 3757 4024 3759
f 3506 3757 3759
f 3759 3507 3506
f 3759 3769 3507
f 4023 4022 4026
f 4028 4027 4026
f 4026 4027 3762
f 4333 4005 4336
f 4009 4008 4004
f 4008 4003 4004
f 4004 4336 4005
f 4003 4336 4004
f 4334 9335 4331
f 4331 4330 4333
f 4331 9335 4330
f 4016 4017 4018
f 4353 4017 4016
f 4018 4015 4016
f 4016 4011 4353
f 4015 4011 4016
f 4364 4030 4361
f 4360 4365 4364
f 4364 4365 4032
f 4364 4032 4031
f 4031 4030 4364
f 4307 4626 4306
f 4306 4635 4307
f 4622 4626 4307
f 4307 4635 4637
f 4623 4622 4307
f 4637 4308 4307
f 4307 4304 4623
f 4307 4308 4304
f 4634 4635 4306
f 3541 3797 3542
f 3541 3535 3797
f 3536 3535 3541
f 3541 3539 3536
f 3541 3542 3540
f 3540 3539 3541
f 9350 3798 9347
f 9345 9350 9347
f 3796 3795 9347
f 9347 3798 3796
f 9347 9348 9345
f 3795 9348 9347
f 3542 3800 3545
f 3545 3543 3540
f 3540 3542 3545
f 3545 3800 3546
f 3544 3543 3545
f 3545 3546 3544
f 3792 9348 3793
f 3793 9348 3795
f 3525 3792 3793
f 3793 3794 3525
f 3793 3795 3794
f 3526 3532 3531
f 3526 3528 3525
f 3525 3794 3526
f 3794 3532 3526
f 5029 5011 5028
f 5028 5027 5029
f 5009 5011 5029
f 5029 5033 5009
f 5031 5033 5029
f 5029 5030 5031
f 5029 5027 5035
f 5035 5030 5029
f 8444 8268 8600
f 8268 8597 8600
f 8598 8600 8597
f 8598 9255 8599
f 8599 8444 8598
f 8444 8600 8598
f 8598 8721 9255
f 8598 8723 8721
f 8592 8597 8594
f 8596 8591 8594
f 8594 8441 8596
f 8597 8441 8594
f 8588 8724 8590
f 8590 8591 8588
f 8590 8724 8592
f 8592 8594 8590
f 8590 8594 8591
f 8115 8113 8116
f 6987 7966 8115
f 8116 8119 8115
f 8115 6988 6987
f 8115 8119 6988
f 8114 7966 6986
f 6986 7965 8114
f 8114 8115 7966
f 8113 8115 8114
f 8114 7965 7964
f 8933 8931 8930
f 8931 8927 8930
f 8930 9064 8933
f 9059 9057 9056
f 9053 9052 9056
f 9056 8926 9053
f 9056 9057 8926
f 8253 8255 9152
f 9149 8253 9152
f 9050 9049 9149
f 9149 9148 9050
f 7825 7960 7961
f 7961 7827 7825
f 7961 7828 7827
f 8847 8848 8849
f 8845 8848 8847
f 8849 8853 8847
f 8853 8744 8847
f 9102 9212 9103
f 9212 9104 9103
f 9101 9102 9103
f 9103 8969 9101
f 8341 8339 8515
f 8515 8339 8512
f 8345 8343 8515
f 8515 8343 8341
f 8515 8514 8345
f 8515 8512 8514
f 7923 7924 8074
f 8074 7925 7923
f 7923 7925 8059
f 7923 8060 7924
f 8059 8060 7923
f 7919 7921 7929
f 7929 7921 7928
f 7800 7684 7798
f 7799 7684 7682
f 7798 7684 7799
f 7797 7800 7798
f 7804 7805 7817
f 7919 7918 8047
f 8047 7918 8048
f 8051 7919 8047
f 8047 8048 8051
f 7930 7929 7933
f 8031 8036 8037
f 8037 8034 8031
f 8031 8029 8036
f 8031 8034 8030
f 8030 8029 8031
f 7555 7674 7449
f 7555 7554 7674
f 7555 7449 7552
f 7552 7554 7555
f 7663 7671 7674
f 7663 7554 7662
f 7674 7554 7663
f 7662 7664 7663
f 7663 7664 7666
f 7673 7675 7674
f 7674 7671 7673
f 7665 7666 7667
f 7667 7668 7665
f 7665 7663 7666
f 7671 7663 7665
f 7675 7673 7672
f 7672 7673 7671
f 7905 7907 7906
f 7906 7910 7905
f 7906 7907 7908
f 7908 7910 7906
f 7677 7672 7676
f 7675 7672 7677
f 7677 7679 7681
f 7679 7677 7678
f 7791 7788 7678
f 7457 7460 7451
f 7450 7453 7454
f 7448 7449 7450
f 7450 7449 7559
f 7559 7453 7450
f 7450 7451 7448
f 7450 7454 7451
f 7776 7779 7777
f 7776 7777 7775
f 7775 7910 7776
f 7785 9267 7932
f 7932 7787 7785
f 7932 7930 7933
f 7785 7786 7784
f 7668 7780 7784
f 7789 7788 7791
f 7789 7786 7788
f 7935 7938 7787
f 7935 7936 7937
f 8803 8901 8807
f 8804 8803 8807
f 8808 8806 8807
f 8807 8806 8804
f 8808 8807 8809
f 8809 8807 8901
f 8851 8852 8849
f 8971 8852 8851
f 8851 8967 8971
f 8973 8983 8854
f 8854 8852 8973
f 8973 8852 8971
f 8971 8972 8973
f 8884 8788 8882
f 8788 8786 8882
f 8880 8883 8882
f 8882 8883 8884
f 8882 8881 8880
f 8882 8786 8881
f 9093 9207 9208
f 9093 9205 9207
f 9093 9091 9092
f 9093 9094 9091
f 9249 9094 9096
f 9096 8951 9249
f 8952 9100 8953
f 9252 9083 9084
f 1658 9087 9252
f 9087 9089 9252
f 9089 9250 9252
f 9251 9249 8947
f 9251 9250 9249
f 9251 9252 9250
f 8947 9083 9251
f 9083 9252 9251
f 8965 8960 8966
f 8965 8963 8960
f 8843 8963 8965
f 8966 8844 8965
f 8965 8844 8843
f 8957 8959 8958
f 8957 8958 8956
f 8968 8967 8957
f 8957 8967 8959
f 8956 8955 8957
f 8955 8968 8957
f 8997 8996 8999
f 8993 8996 8997
f 8992 8993 8997
f 8999 8879 8997
f 8997 8879 8992
f 9247 9001 8995
f 9001 8996 8995
f 8994 9247 8995
f 8995 8993 8994
f 8995 8996 8993
f 9003 9004 9002
f 9003 9113 9004
f 9003 9112 9113
f 8892 8896 8891
f 8891 8890 8892
f 8897 8896 8892
f 8892 8890 8893
f 8893 8894 8892
f 8898 8901 8897
f 9207 9205 9206
f 9208 9207 9206
f 9214 9246 9215
f 9155 9156 9041
f 9041 9038 9155
f 9044 6762 6761
f 9044 9043 6762
f 9062 9061 9059
f 9165 9167 9164
f 9032 9038 9033
f 9033 9029 9032
f 9032 9029 9031
f 9106 8978 8977
f 8978 8976 8977
f 8977 8976 8975
f 8977 9104 9106
f 8975 9104 8977
f 9092 9198 9200
f 9198 9201 9200
f 9200 9201 9202
f 9200 9093 9092
f 9202 9205 9200
f 9205 9093 9200
f 9204 9205 9202
f 9202 9203 9204
f 9203 9236 9204
f 9204 9206 9205
f 9237 9235 9233
f 9233 9236 9237
f 9233 9235 9234
f 6406 8586 6489
f 6404 8586 6406
f 6296 6404 6406
f 6298 6295 6296
f 6298 8429 8427
f 6298 6299 8428
f 8428 8429 6298
f 6314 6129 6305
f 6408 6410 6407
f 6409 6410 6408
f 6408 6544 6409
f 6545 6544 6408
f 6405 6408 6407
f 6407 6416 6405
f 6405 6416 6415
f 6415 6406 6405
f 6545 6408 6405
f 6405 6406 6489
f 6489 6545 6405
f 5441 5721 5972
f 6141 6136 6135
f 6135 6143 6141
f 5970 5437 5968
f 5437 5969 5968
f 6139 5970 5968
f 5968 5969 5966
f 5968 6140 6139
f 5968 5966 6140
f 5436 5969 5438
f 5438 5969 5437
f 5163 5436 5438
f 5438 5437 5163
f 6311 6312 6310
f 6412 6311 6310
f 6310 6410 6412
f 5967 5712 5962
f 5962 5964 5967
f 5712 5964 5962
f 6126 6125 6127
f 6125 5964 6127
f 6127 9300 6126
f 6127 5964 9300
f 5158 4577 4576
f 5158 5159 4577
f 5149 5425 5427
f 5427 5425 5711
f 5427 5429 5149
f 5711 5429 5427
f 6309 6312 6315
f 6415 6416 6307
f 6419 6413 6418
f 6421 6413 6419
f 6418 6420 6419
f 6419 6420 6421
f 8354 8355 8352
f 8352 8518 8354
f 8354 8518 8520
f 8520 8356 8354
f 8356 8355 8354
f 8377 8376 8374
f 9259 8549 8377
f 8378 8549 8546
f 8546 8548 8378
f 8378 8548 8380
f 8380 8384 8378
f 8378 8377 8549
f 8380 8548 8381
f 8382 8383 8381
f 8381 8383 8380
f 8381 8550 8382
f 8381 8548 8550
f 8370 8372 8195
f 8195 8372 8196
f 8195 8193 8194
f 8194 8371 8195
f 8195 8371 8370
f 8369 8372 8370
f 8370 8365 8369
f 8367 8532 8533
f 8367 8533 9260
f 9260 8368 8367
f 8368 8369 8367
f 8365 8532 8367
f 8367 8369 8365
f 8071 8072 8064
f 8064 8072 8063
f 8063 8072 8061
f 8073 8060 8061
f 8061 8072 8073
f 8055 8193 8197
f 8197 8195 8196
f 8193 8195 8197
f 8196 8198 8197
f 8197 8198 8199
f 7566 7565 7568
f 7568 7565 7571
f 7690 7576 7574
f 7574 7689 7690
f 7687 7691 7690
f 7690 7689 7687
f 7578 7576 7698
f 6281 7585 7578
f 7578 7698 6281
f 7585 7574 7578
f 7574 7576 7578
f 7577 7574 7579
f 7579 7573 7577
f 7572 7689 7574
f 7574 7577 7572
f 7572 7577 7573
f 7571 7689 7572
f 7572 7573 7571
f 4242 3948 3665
f 3665 9336 4242
f 3666 9336 3665
f 9337 9336 3666
f 7472 7471 7473
f 5933 7472 7473
f 7473 5934 5933
f 7808 7813 7805
f 7808 7811 7813
f 7810 7953 5941
f 7810 7808 7807
f 5941 5938 7810
f 7811 7808 7810
f 5938 7811 7810
f 7694 7696 6106
f 6106 7697 7694
f 7691 7692 7694
f 8081 8082 7927
f 8083 8082 8081
f 7927 7925 8081
f 8079 8080 8081
f 8074 8079 8081
f 8081 7925 8074
f 8237 8083 8081
f 8081 8080 8237
f 7928 8082 8085
f 8088 8083 8237
f 8088 8237 8091
f 8091 8092 8088
f 8242 8239 8241
f 8241 8101 8242
f 8101 8099 8242
f 8415 8412 8413
f 8413 8422 8415
f 8425 8422 8413
f 8412 8411 8413
f 8413 8411 8425
f 5703 5702 5423
f 5703 5701 5702
f 5423 5705 5703
f 5705 5700 5703
f 5703 5700 5701
f 5947 5700 5698
f 5706 5699 5698
f 5698 5699 5697
f 5697 5946 5698
f 5698 5946 5947
f 5704 5705 5706
f 5704 5700 5705
f 5706 5698 5704
f 5704 5698 5700
f 7059 7135 7137
f 7135 7134 7137
f 7229 7226 7227
f 7227 7226 7233
f 7227 7228 7229
f 7227 7233 7132
f 7132 7131 7227
f 7131 7228 7227
f 7139 7238 7140
f 7064 7139 7140
f 7140 7141 7064
f 7140 7236 7237
f 7140 7238 7236
f 7237 7339 7239
f 7239 7140 7237
f 5121 5386 5122
f 5121 4204 5118
f 5122 4541 5121
f 5121 4541 4204
f 3648 3920 3647
f 3647 3920 3918
f 3647 3918 3921
f 3921 3922 3647
f 3647 2475 3648
f 3647 3922 2475
f 4202 4207 4829
f 3921 3918 3917
f 3918 3916 3917
f 4208 4209 3917
f 3917 3922 3921
f 3917 4209 3922
f 4213 3003 4545
f 4545 4544 4213
f 4213 4544 3003
f 7342 7468 5928
f 7342 5928 5927
f 5927 7244 7342
f 7467 7468 7342
f 7460 7457 7458
f 7458 7465 7466
f 7466 7460 7458
f 7465 7458 7459
f 7463 7582 7470
f 7470 7464 7463
f 7583 7582 7463
f 7464 7459 7463
f 7337 7340 7243
f 7243 7241 7337
f 7243 7245 7241
f 7243 7244 7247
f 7247 7245 7243
f 1982 2089 1983
f 1983 2074 1982
f 1982 2074 2089
f 4818 4832 4817
f 4826 4830 4828
f 4525 6928 4803
f 4803 4816 4525
f 4198 4197 4838
f 4197 4836 4838
f 4834 4198 4838
f 4838 4820 4834
f 4838 4836 4820
f 4820 4836 4821
f 4821 4816 4820
f 4190 4535 4195
f 4195 3909 4190
f 4536 4822 4835
f 4835 4537 4536
f 4184 4185 4183
f 4183 4517 4184
f 4184 3635 4185
f 4521 4797 4798
f 4523 4520 4521
f 4798 4800 4521
f 4800 4523 4521
f 4530 4520 4523
f 2336 2201 2326
f 2204 2203 2336
f 2336 2334 2335
f 2335 2204 2336
f 2327 2334 2336
f 2336 2326 2327
f 2966 2962 3160
f 2963 2962 2966
f 2966 3160 2967
f 2967 2965 2966
f 2966 2965 2963
f 3302 3535 3303
f 3303 3301 3302
f 3303 3535 3536
f 3536 3301 3303
f 3103 3305 9359
f 3103 3104 3102
f 9359 3104 3103
f 3299 3305 3103
f 3102 3101 3103
f 3101 3299 3103
f 3304 3306 9359
f 9359 3305 3304
f 3537 3306 3304
f 3304 3305 3537
f 3093 2901 3091
f 3091 3092 3093
f 3093 2902 2901
f 3093 3096 2902
f 3293 3294 3099
f 3102 3097 3098
f 3097 3096 3098
f 3098 3101 3102
f 3096 3099 3098
f 2341 2484 2208
f 2482 2484 2341
f 2208 2211 2341
f 2339 2482 2341
f 2341 2211 2215
f 2341 2340 2339
f 2207 2340 2341
f 2215 2099 2341
f 2341 2099 2207
f 2644 3012 3008
f 3009 2645 2644
f 2644 3008 3009
f 2643 3012 2644
f 2644 2645 2650
f 2651 2643 2644
f 2650 2651 2644
f 3659 3415 3657
f 3657 3933 3659
f 3659 3933 3660
f 3659 3417 3415
f 3660 3417 3659
f 2450 2451 2452
f 2314 2451 2450
f 2454 2318 2450
f 2450 2318 2315
f 2315 2314 2450
f 2450 2453 2454
f 2450 2452 2453
f 1863 9379 1860
f 1863 1947 1950
f 1863 1950 1864
f 1945 1859 1944
f 1945 1948 1859
f 1946 1948 1945
f 2050 1946 1943
f 1943 1944 1942
f 1942 2050 1943
f 1943 1945 1944
f 1946 1945 1943
f 1861 9380 9381
f 1860 9380 1861
f 1861 1863 1860
f 1861 1948 1947
f 1947 1863 1861
f 1802 1801 1859
f 1859 1948 1802
f 1800 1801 1802
f 1802 1861 9381
f 1948 1861 1802
f 1794 1792 1800
f 1794 1790 1792
f 1792 1790 1791
f 1791 1786 1844
f 1844 1792 1791
f 1782 1786 1791
f 1791 1784 1782
f 1791 1790 1784
f 6820 7822 7701
f 7701 6822 6820
f 7701 7826 6822
f 7821 9156 9155
f 7821 6819 7699
f 6821 6819 7821
f 7821 6830 6821
f 8105 9154 8106
f 8254 8255 8437
f 9152 8255 8254
f 9158 9151 9152
f 9152 8257 9158
f 9158 8257 9151
f 6628 6571 6626
f 6626 6673 6628
f 6626 6571 6674
f 6626 6674 6673
f 5733 5988 5734
f 5733 5985 5988
f 5988 5985 6333
f 6333 6332 6438
f 6438 6335 6333
f 6333 6335 5988
f 6435 6511 6436
f 6565 6511 6435
f 6435 6566 6565
f 6844 6884 6885
f 6844 6883 6884
f 6843 6883 6844
f 6885 6587 6844
f 6587 6585 6844
f 6585 6843 6844
f 6356 6358 6354
f 6354 6352 6356
f 6358 6353 6354
f 6353 6352 6354
f 6708 6707 6743
f 6709 6676 6708
f 6676 6710 6708
f 6708 6745 6709
f 6708 6743 6745
f 6676 6630 6631
f 6631 6710 6676
f 6631 6630 6629
f 6631 6629 6706
f 6706 6707 6631
f 6707 6708 6631
f 6631 6708 6710
f 6503 6553 6558
f 6613 6434 6506
f 6612 6614 6613
f 6613 6614 6560
f 6560 6434 6613
f 6433 6506 9296
f 6506 6434 9296
f 9296 6434 6321
f 6692 6660 6691
f 6657 6690 6691
f 6658 6657 6691
f 6691 6660 6658
f 8821 9286 6689
f 6689 6691 6690
f 9287 8916 6724
f 9286 8916 9287
f 6724 9285 9287
f 9285 6693 9287
f 9287 6693 6692
f 9287 6689 9286
f 6692 6691 9287
f 6691 6689 9287
f 8914 8916 8915
f 8915 8916 8821
f 8904 8902 9015
f 9048 6726 6729
f 9048 6725 8914
f 6729 6725 9048
f 9292 6519 6516
f 9292 6517 6519
f 9292 6516 6632
f 6632 6517 9292
f 8741 8846 8743
f 8743 8846 8845
f 8742 8741 8743
f 8743 8744 8742
f 8845 8847 8743
f 8743 8847 8744
f 9071 9066 9073
f 9171 9172 9073
f 9073 9072 9071
f 9172 9074 9073
f 9073 9074 9072
f 9170 9066 9064
f 9171 9073 9170
f 9170 9073 9066
f 9060 9057 9059
f 9059 9061 9060
f 8927 9057 9060
f 9060 8930 8927
f 9060 9061 9064
f 9064 8930 9060
f 9189 9076 9186
f 9186 9184 9188
f 9188 9187 9186
f 1626 9189 9186
f 9186 9187 1626
f 9184 9186 9185
f 9076 9074 9185
f 9185 9186 9076
f 9050 9148 9258
f 9148 9149 9146
f 6388 6227 6231
f 6227 6226 6231
f 6381 6388 6231
f 6231 6226 6381
f 6052 6053 5811
f 5811 5813 5810
f 6056 6059 5812
f 6059 5813 5812
f 5812 5813 5811
f 5812 6053 6056
f 5811 6053 5812
f 5802 5801 9306
f 5817 5535 5802
f 5535 5801 5802
f 6034 6033 6031
f 6031 6229 6034
f 6034 6035 6032
f 6032 5787 5785
f 5787 5788 5785
f 6222 6221 6223
f 6197 6198 6223
f 6196 6189 6197
f 6196 6221 6189
f 6197 6223 6196
f 6196 6223 6221
f 6224 6220 6219
f 6220 6221 6219
f 6219 6221 6222
f 6219 6024 6224
f 6219 5781 6024
f 6031 6033 6029
f 6029 6034 6032
f 6033 6034 6029
f 6030 6031 6029
f 6029 6027 6030
f 6213 6027 6029
f 6228 6227 6230
f 6227 6235 6230
f 6232 6230 6235
f 6232 6229 6228
f 6228 6230 6232
f 6205 6204 6201
f 6201 6203 6205
f 6203 6216 6205
f 6205 6216 6213
f 6213 6215 6205
f 6211 6216 6206
f 6206 6216 6203
f 6203 6202 6206
f 6206 6202 6366
f 6366 6367 6206
f 6367 6211 6206
f 5980 6150 5728
f 6149 6150 5979
f 5979 5980 5725
f 6150 5980 5979
f 5976 5977 6145
f 5725 5724 5976
f 5976 5724 5975
f 5975 5977 5976
f 6425 6148 6147
f 6147 6148 6145
f 6147 6424 6425
f 6422 6424 6147
f 6147 6317 6422
f 6145 6317 6147
f 5727 5725 5728
f 5729 5725 5727
f 5728 5172 4881
f 4881 5172 4884
f 4881 5727 5728
f 4884 5171 4881
f 4884 5172 4883
f 4882 4885 4601
f 4882 5172 4885
f 4601 4883 4882
f 4882 4883 5172
f 5200 5203 5199
f 4890 4886 4888
f 4904 4905 4902
f 5199 4905 4904
f 5452 5451 5982
f 4886 5451 5452
f 5982 5983 5452
f 4888 4886 5452
f 4601 4604 4600
f 4604 4905 4606
f 4606 4600 4604
f 5199 5203 4908
f 4908 4905 5199
f 4906 4606 4908
f 4908 4606 4905
f 4596 5171 4884
f 4880 5171 4596
f 4595 5170 4596
f 4596 5170 4880
f 4596 4593 4595
f 4596 4597 4593
f 4608 4597 4598
f 4598 4606 4906
f 6005 5740 6004
f 6007 6010 6005
f 6004 6006 6005
f 6006 6007 6005
f 6013 6010 6012
f 6509 6564 6510
f 6564 6566 6510
f 6323 6325 6329
f 6329 5178 6165
f 6329 6322 6323
f 6166 5456 6329
f 5456 5178 6329
f 6329 6165 6330
f 6330 6322 6329
f 6509 6325 6508
f 6508 6559 6509
f 5770 5503 5504
f 5770 5764 6022
f 5768 5771 5488
f 5495 5226 5218
f 5745 5746 5738
f 6330 5177 6164
f 6164 6322 6330
f 6321 6322 6164
f 6155 5983 6153
f 6153 6429 6155
f 6501 6431 6155
f 6155 6557 6501
f 6155 6429 6557
f 5464 5179 5178
f 5213 5212 5211
f 3714 3729 3730
f 3714 3713 3729
f 3714 3461 3713
f 3730 3466 3714
f 3466 3461 3714
f 5157 4567 4866
f 4866 5155 5157
f 5157 5155 4567
f 3684 3961 3692
f 3694 3693 3692
f 3692 3957 3684
f 3958 3957 3692
f 3692 3693 3958
f 3691 3961 3960
f 3691 3960 3962
f 3962 3688 3691
f 3955 4262 3954
f 3954 4260 3955
f 4262 4260 3954
f 3681 3682 3680
f 3951 3952 3680
f 3680 3952 3681
f 3680 3941 3951
f 3680 3950 3941
f 3437 3434 3436
f 3434 3693 3436
f 3436 3693 3438
f 3439 3437 3436
f 3436 3438 3439
f 3968 3974 4282
f 4282 3967 3968
f 3968 3967 3974
f 3979 3980 3981
f 3981 3711 3979
f 3980 3711 3981
f 4257 9330 4259
f 9330 3959 4259
f 4259 3958 4257
f 4259 3959 3958
f 3243 3245 3246
f 3063 3062 3246
f 3246 3245 3257
f 3062 3056 3244
f 3244 3056 3243
f 3244 3246 3062
f 3243 3246 3244
f 3211 3027 3026
f 3026 3034 3031
f 3031 3211 3026
f 3668 3667 3666
f 3666 3669 3668
f 3425 3667 3668
f 3668 3427 3425
f 3668 3669 3427
f 4404 4403 4405
f 4404 4405 4064
f 4064 4062 4404
f 4061 4403 4404
f 4062 4060 4404
f 4059 4061 4404
f 4404 4060 4059
f 4041 4383 4042
f 4042 4387 4043
f 4383 4385 4042
f 4042 4385 4387
f 4042 4040 4041
f 4043 4040 4042
f 5223 4940 4937
f 4939 4940 4657
f 5218 5226 5225
f 5496 5494 5499
f 5499 5226 5496
f 5226 5495 5496
f 4675 4674 4677
f 4675 4671 4674
f 4369 4671 4675
f 4675 4370 4369
f 4677 4373 4675
f 4373 4370 4675
f 4958 4960 4672
f 4672 4671 4958
f 4960 4673 4672
f 4672 4673 4671
f 4958 4670 4959
f 4366 4371 4367
f 4367 4368 4366
f 4366 4368 4371
f 4037 4381 4041
f 4036 4381 4037
f 4041 4040 4037
f 4040 4038 4037
f 4033 4036 4037
f 4037 4035 4033
f 4037 4038 4035
f 4376 4365 4371
f 4376 4377 4365
f 4987 4693 4687
f 4695 4693 4987
f 4987 4986 4988
f 4988 4989 4987
f 4989 4695 4987
f 4686 4982 4984
f 4687 4686 4984
f 4983 4986 4984
f 4984 4982 4983
f 4984 4987 4687
f 4986 4987 4984
f 5243 5245 5244
f 5245 5246 5244
f 5251 5250 5248
f 5248 5246 5251
f 5231 5230 5499
f 5499 5494 5231
f 5227 5226 5228
f 5226 5230 5228
f 4946 5246 4949
f 4949 5230 4946
f 5259 5256 5531
f 5258 5256 5259
f 5260 5258 5259
f 5259 5531 5532
f 5532 5260 5259
f 5239 5520 5240
f 5522 5523 5524
f 5522 5520 5523
f 5240 5520 5522
f 5504 5503 5507
f 5507 5506 5504
f 5507 5508 5506
f 5507 5770 6022
f 5503 5770 5507
f 5507 6022 5509
f 5509 5508 5507
f 6014 5765 5764
f 6014 6013 6012
f 5764 6013 6014
f 6017 5765 6014
f 6014 6015 6017
f 6014 6012 6015
f 4964 4963 4965
f 4963 5252 4965
f 4966 4964 4965
f 4965 5252 5253
f 4965 5254 4966
f 5253 5254 4965
f 4952 4657 4940
f 4940 4941 4952
f 4973 4673 4961
f 4961 4963 4973
f 4961 4962 4963
f 4961 4673 4960
f 4961 4960 5250
f 5250 4962 4961
f 4356 4362 4021
f 4021 4362 4022
f 4021 4354 4356
f 4021 4017 4354
f 4021 4022 4018
f 4018 4017 4021
f 4025 4024 4023
f 4023 4026 4025
f 4025 3759 4024
f 4028 4026 4029
f 4029 4026 4022
f 4029 4363 4028
f 4029 4362 4363
f 4022 4362 4029
f 4330 4321 4322
f 4323 4329 4322
f 4329 4330 4322
f 4330 9335 4320
f 4320 4321 4330
f 4319 4318 4320
f 4320 9335 4319
f 4318 4637 4320
f 4637 4321 4320
f 4333 4336 4335
f 4335 4336 4003
f 4335 4003 4334
f 4335 4331 4333
f 4334 4331 4335
f 4355 4009 4007
f 4009 4004 4007
f 4007 4004 4005
f 4920 4918 4627
f 4627 4918 4917
f 4916 4629 4630
f 4630 4915 4916
f 4917 4915 4630
f 4630 4634 4306
f 4630 4627 4917
f 4630 4306 4920
f 4920 4627 4630
f 4635 4634 4636
f 4323 4322 4636
f 4636 4322 4321
f 4637 4635 4636
f 4636 4321 4637
f 4354 4353 4352
f 4352 4357 4354
f 4352 4348 4357
f 4355 4007 4006
f 4006 4007 4005
f 5213 4922 5214
f 3531 3297 3527
f 3527 3526 3531
f 3527 3297 3528
f 3528 3526 3527
f 8442 8597 8268
f 8442 8441 8597
f 8593 8597 8592
f 8593 8598 8597
f 8592 8723 8593
f 8723 8598 8593
f 9059 9056 9058
f 9148 9146 9058
f 7962 7961 7960
f 7828 7961 7962
f 6873 7828 7962
f 7962 7963 6873
f 8255 8253 8258
f 8437 8255 8258
f 8258 8108 8257
f 8258 7960 7958
f 7958 8108 8258
f 9150 9149 9152
f 9152 9151 9150
f 9143 9150 9151
f 9144 9150 9143
f 8595 8589 8596
f 8263 8264 8260
f 8596 8441 8440
f 8440 8439 8596
f 8440 8263 8439
f 8431 9049 9050
f 8431 9149 9049
f 8253 9149 8431
f 9248 9104 8975
f 9248 9103 9104
f 9248 8972 8970
f 8975 8972 9248
f 8970 8969 9248
f 8969 9103 9248
f 7686 7691 7687
f 7686 7800 7691
f 7687 7684 7686
f 7684 7800 7686
f 7798 7799 7794
f 7794 7797 7798
f 7794 7935 7937
f 7938 7935 7794
f 7937 7936 7939
f 7939 7797 7937
f 7691 7800 7802
f 7802 7692 7691
f 7817 7692 7802
f 7908 9266 7914
f 8044 7915 7914
f 7914 9266 8044
f 7780 7779 7781
f 7913 7915 9267
f 7913 7914 7915
f 7912 7914 7913
f 7931 7915 8045
f 9267 7915 7931
f 7931 7932 9267
f 7930 7932 7931
f 8045 7918 7916
f 7918 7930 7916
f 7916 7931 8045
f 7930 7931 7916
f 7917 7930 7918
f 7929 7930 7917
f 7917 7918 7919
f 7919 7929 7917
f 7671 7665 7670
f 7670 7672 7671
f 7676 7672 7670
f 7680 7560 7675
f 7675 7677 7680
f 7680 7677 7681
f 7680 7681 7562
f 7562 7560 7680
f 7793 7799 7682
f 7682 7679 7793
f 7679 7678 7793
f 7793 7678 7788
f 7451 7454 7452
f 7452 7457 7451
f 7454 7457 7452
f 7911 7910 7908
f 7911 7776 7910
f 7912 7781 7911
f 7779 7776 7911
f 7911 7781 7779
f 7790 7677 7676
f 7676 7670 7790
f 7790 7789 7791
f 7791 7678 7790
f 7790 7678 7677
f 7934 7932 7933
f 7936 7935 7934
f 7787 7932 7934
f 7934 7935 7787
f 8699 8701 8808
f 8808 8809 8699
f 8699 8702 8701
f 8699 8809 8702
f 8812 8809 8901
f 8700 8703 8702
f 8702 8809 8700
f 8850 8851 8849
f 8849 8848 8850
f 8850 8848 8966
f 8967 8851 8850
f 8966 8959 8850
f 8959 8967 8850
f 8980 8983 8974
f 8983 8973 8974
f 8974 8973 8972
f 8974 8976 8980
f 8974 8972 8975
f 8975 8976 8974
f 9208 9099 9097
f 9097 9096 9094
f 9097 9093 9208
f 9094 9093 9097
f 8950 8952 8953
f 8951 8952 8950
f 8953 8954 8950
f 8950 8954 8949
f 8950 8949 8948
f 8948 8951 8950
f 8951 9096 9098
f 9098 8952 8951
f 9096 9097 9098
f 9100 8952 9098
f 9099 9100 9098
f 9098 9097 9099
f 9085 1661 1658
f 1658 9252 9085
f 9085 9084 1661
f 9085 9252 9084
f 9002 9107 9109
f 9107 9108 9109
f 9109 9108 9213
f 9216 9214 9215
f 9004 9113 9006
f 9006 9005 9004
f 9006 9113 9009
f 9009 9008 9006
f 9011 8894 8893
f 8893 9008 9011
f 8897 8892 8895
f 8895 8892 8894
f 8895 8898 8897
f 8899 8895 8894
f 8898 8895 8899
f 9208 9206 9209
f 9209 9206 9246
f 9209 9099 9208
f 9210 9099 9209
f 9211 9214 9213
f 9211 9212 9210
f 9213 9212 9211
f 9210 9209 9211
f 9246 9214 9211
f 9211 9209 9246
f 9234 9177 9231
f 9157 9041 9156
f 7699 6766 9157
f 9157 7821 7699
f 9156 7821 9157
f 9038 9041 9157
f 9028 9029 9033
f 9162 9140 9165
f 9165 9164 9162
f 9173 9174 9175
f 9175 9177 9178
f 9169 9173 9171
f 9169 9174 9173
f 9169 9168 9167
f 9167 9230 9169
f 9169 9230 9174
f 9171 9170 9169
f 9170 9168 9169
f 9154 9038 9037
f 9037 9151 9154
f 9246 9206 9245
f 9206 9204 9245
f 6414 6415 6303
f 6414 6406 6415
f 6414 6303 6296
f 6296 6406 6414
f 6301 6300 6299
f 6299 6298 6301
f 6122 6300 6301
f 6301 6298 6122
f 8427 6295 6294
f 6294 6298 8427
f 6295 6298 6294
f 6296 6303 6297
f 6124 6129 6125
f 6124 6305 6129
f 6144 6143 5973
f 6144 6141 6143
f 6144 5973 5442
f 5442 5443 6144
f 6144 5443 5441
f 5441 5972 6144
f 6144 5972 6136
f 6136 6141 6144
f 6315 6136 6133
f 6133 6132 6315
f 6136 6132 6133
f 5159 5158 5152
f 5151 5432 5152
f 5432 5159 5152
f 5152 4576 5151
f 5152 5158 4576
f 6417 6416 6410
f 6410 6310 6417
f 6417 6310 6312
f 6312 6309 6417
f 6306 6307 6314
f 6415 6307 6306
f 6314 6305 6306
f 6303 6415 6306
f 6306 6305 6303
f 6314 6307 6313
f 6313 6307 6416
f 8196 8372 8375
f 8375 8198 8196
f 8375 8372 8374
f 8374 8202 8375
f 8202 8198 8375
f 8063 8199 8201
f 8199 8198 8201
f 8379 8378 8384
f 8377 8378 8379
f 8376 8377 8379
f 8204 8376 8379
f 8379 8384 8204
f 8373 8369 8368
f 8373 8368 9259
f 8374 8372 8373
f 8372 8369 8373
f 8373 8377 8374
f 9259 8377 8373
f 8067 8068 8065
f 8065 8068 8071
f 8071 8064 8065
f 8062 8061 8060
f 8062 8199 8063
f 8063 8061 8062
f 7569 7568 7583
f 7583 7568 7584
f 7575 7690 7691
f 7576 7690 7575
f 7691 7694 7575
f 7575 7697 7576
f 7575 7694 7697
f 3666 3665 3670
f 3670 3665 3948
f 3670 3669 3666
f 3672 3671 3670
f 3670 3948 3672
f 3670 3671 3429
f 3429 3669 3670
f 9340 9336 9338
f 9336 9337 9338
f 9338 9337 3667
f 3666 3667 3664
f 3664 9337 3666
f 3667 9337 3664
f 7949 7952 7953
f 7953 7950 7949
f 7948 8096 7949
f 7949 8096 8098
f 8098 7951 7949
f 7949 7951 7952
f 7948 7949 7947
f 7947 7949 7950
f 7947 8093 7948
f 8091 8093 7947
f 7947 8092 8091
f 7809 7810 7807
f 7807 7947 7809
f 7809 7947 7950
f 7809 7950 7953
f 7953 7810 7809
f 7816 7696 7693
f 7696 7694 7693
f 7693 7692 7816
f 7693 7694 7692
f 7933 7929 8086
f 8086 8085 7936
f 8086 7929 7928
f 7928 8085 8086
f 8086 7934 7933
f 7936 7934 8086
f 8239 8242 8097
f 8097 8242 8099
f 8098 8239 8097
f 8097 8099 8098
f 7136 7137 7134
f 7136 7234 7138
f 7136 7134 7234
f 7339 7336 7338
f 7338 7239 7339
f 5115 5386 5388
f 5386 5121 5388
f 5118 5115 5388
f 5388 5121 5118
f 4839 4829 5119
f 4839 4202 4829
f 5119 4207 4839
f 4207 4202 4839
f 4200 4828 4201
f 4201 4828 4830
f 4201 3916 4200
f 4201 3917 3916
f 7341 7342 7244
f 7244 7243 7341
f 7341 7243 7340
f 7341 7340 7467
f 7467 7342 7341
f 7454 7453 7455
f 7455 7563 7566
f 7561 7563 7455
f 7455 7453 7561
f 7462 7464 7465
f 7465 7459 7462
f 7462 7459 7464
f 7461 7463 7459
f 4824 4812 4826
f 4824 4818 4812
f 4815 4817 4814
f 4815 4818 4817
f 6980 6981 4813
f 4813 6982 6980
f 4813 6981 4811
f 4811 4812 4813
f 4813 4815 4814
f 6931 6982 4813
f 4813 4814 6931
f 4812 4818 4813
f 4818 4815 4813
f 6928 4525 5102
f 6930 6928 5102
f 5102 5101 6930
f 4526 4525 4816
f 4816 4821 4526
f 5101 5102 4526
f 4526 5102 4525
f 4527 5101 4526
f 4822 4527 4526
f 4526 4821 4822
f 4191 4190 3909
f 4191 3909 4192
f 4192 4533 4191
f 4197 4537 4837
f 4537 4835 4837
f 4837 4836 4197
f 4837 4821 4836
f 4822 4821 4837
f 4837 4835 4822
f 4518 4516 4799
f 4518 4517 4516
f 4799 4797 4518
f 4797 4521 4518
f 4520 4530 4531
f 4188 4531 4533
f 4522 4530 4523
f 4529 4530 4522
f 4528 4529 4522
f 4522 4800 4528
f 4522 4523 4800
f 4532 4530 4529
f 4532 4529 4534
f 4532 4531 4530
f 4534 4535 4532
f 4533 4531 4532
f 4535 4190 4532
f 4532 4191 4533
f 4190 4191 4532
f 2202 2336 2203
f 2201 2336 2202
f 2200 2201 2202
f 2202 2199 2200
f 2202 2203 2199
f 3096 3093 3095
f 3095 3099 3096
f 3095 3092 3094
f 3095 3093 3092
f 3094 3293 3095
f 3293 3099 3095
f 3100 3294 3296
f 3100 3099 3294
f 3296 3298 3100
f 3100 3298 3101
f 3101 3098 3100
f 3100 3098 3099
f 1864 9379 1862
f 1862 1863 1864
f 9379 1863 1862
f 1803 1802 9381
f 1803 9381 1793
f 1800 1802 1803
f 1793 1790 1803
f 1803 1794 1800
f 1790 1794 1803
f 7957 8108 7958
f 8257 8108 7957
f 8106 8257 7957
f 7957 7956 8106
f 7823 7701 7822
f 7700 7822 6830
f 6830 7821 7700
f 7700 7821 7822
f 8106 7956 8107
f 8107 8105 8106
f 9155 9154 7954
f 6566 6435 6326
f 6326 6510 6566
f 6326 6325 6509
f 6509 6510 6326
f 6334 6167 6331
f 6331 6435 6436
f 6436 6332 6331
f 6332 6333 6331
f 6331 5985 6334
f 6331 6333 5985
f 6505 6558 6612
f 6505 6503 6558
f 6612 6613 6505
f 6505 6613 6506
f 6505 6506 6433
f 6433 6503 6505
f 6502 6503 6433
f 6431 6500 6502
f 6502 6430 6431
f 6502 6500 6504
f 6504 6553 6502
f 6553 6503 6502
f 6433 9296 9297
f 5174 5454 6161
f 6690 8821 6687
f 6687 6689 6690
f 8821 6689 6687
f 8814 8816 8813
f 8813 8902 8903
f 8902 8904 8903
f 8903 8814 8813
f 8904 8814 8903
f 6726 9048 9047
f 9134 9135 9030
f 9030 9028 9134
f 9029 9028 9030
f 9031 9029 9030
f 9014 9123 9018
f 9123 9121 9018
f 9063 9170 9064
f 9064 9061 9063
f 9061 9062 9063
f 9062 9168 9063
f 9063 9168 9170
f 9179 9074 9172
f 9179 9185 9074
f 9172 9173 9179
f 9178 9180 9179
f 9179 9175 9178
f 9173 9175 9179
f 9179 9180 9184
f 9184 9185 9179
f 9159 9062 9059
f 9059 9058 9159
f 9159 9058 9146
f 9144 9146 9147
f 9147 9146 9149
f 9147 9150 9144
f 9149 9150 9147
f 6238 6387 6241
f 6051 6050 6054
f 6054 6053 6051
f 6053 6052 6051
f 6041 6239 6043
f 5814 5815 5816
f 5814 5813 5815
f 5814 5810 5813
f 5804 5802 6045
f 5809 5816 5817
f 5809 5814 5816
f 5790 6037 6039
f 5790 5788 6035
f 6035 6037 5790
f 6233 6034 6229
f 6032 5785 6028
f 6028 6029 6032
f 6026 6029 6028
f 6028 6214 6026
f 6200 6204 6222
f 6222 6223 6200
f 6199 6204 6200
f 6200 6198 6199
f 6200 6223 6198
f 6218 6219 6222
f 6218 6028 6023
f 6026 6214 6225
f 6225 6029 6026
f 6213 6029 6225
f 6225 6215 6213
f 6214 6215 6225
f 5728 5725 5726
f 5726 5980 5728
f 5725 5980 5726
f 5978 6148 6149
f 6145 6148 5978
f 5978 5976 6145
f 5725 5976 5978
f 6149 5979 5978
f 5978 5979 5725
f 5729 5727 5730
f 5727 4881 5730
f 5730 5171 5729
f 5730 4881 5171
f 5202 5200 5199
f 5203 5200 5202
f 4928 4926 4925
f 4885 4886 4602
f 4886 4890 4602
f 4601 4885 4602
f 4602 4890 4891
f 4602 4604 4601
f 4901 4602 4891
f 4603 4602 4901
f 5201 5202 5199
f 4926 5202 5201
f 5467 5471 5470
f 5213 5214 5478
f 5479 5195 5192
f 5479 5214 4922
f 5192 5478 5479
f 5479 5478 5214
f 4892 4890 4888
f 4891 4890 4892
f 6163 4889 4887
f 4887 4892 4888
f 4889 4892 4887
f 4902 4604 4605
f 4604 4602 4605
f 4605 4602 4603
f 5203 4915 4914
f 4914 4908 5203
f 4914 4915 4911
f 4906 4908 4907
f 4907 4598 4906
f 4608 4598 4907
f 4599 4598 4597
f 4599 4596 4884
f 4597 4596 4599
f 4601 4600 4599
f 4600 4606 4599
f 4606 4598 4599
f 4599 4883 4601
f 4884 4883 4599
f 5759 6013 5760
f 6010 6013 5759
f 6507 6325 6323
f 6507 6508 6325
f 6323 6559 6507
f 6559 6508 6507
f 5772 5770 5504
f 5771 5770 5772
f 5763 6013 5764
f 5233 5505 5235
f 5236 5241 5235
f 5235 5505 5504
f 5504 5506 5235
f 5506 5236 5235
f 5500 5505 5233
f 5233 5231 5500
f 5500 5231 5776
f 5771 5772 5502
f 5505 5500 5502
f 5502 5500 5776
f 5469 5471 5467
f 5467 5468 5469
f 5494 5496 5492
f 5767 5768 5488
f 5738 5746 5739
f 5740 6005 5747
f 5747 6005 6010
f 5183 5454 5174
f 5175 6164 5177
f 5177 5179 5175
f 5175 6161 6164
f 5465 5468 5467
f 5187 5470 5188
f 5218 5211 5210
f 3690 3688 3694
f 3694 3692 3690
f 3690 3691 3688
f 3690 3692 3961
f 3961 3691 3690
f 3679 3678 3677
f 3677 3950 3679
f 3950 3680 3679
f 3679 3680 3682
f 3212 3678 3679
f 3679 3682 3214
f 3679 3214 3212
f 3258 3246 3257
f 3070 3069 3258
f 3258 3067 3063
f 3063 3246 3258
f 3258 3069 3068
f 3068 3067 3258
f 3258 3256 3070
f 3257 3256 3258
f 3028 3030 3034
f 3034 3026 3028
f 3028 3027 3030
f 3028 3026 3027
f 5227 4940 5224
f 4940 5223 5224
f 5224 5226 5227
f 5224 5225 5226
f 5227 5228 5229
f 5229 4940 5227
f 5229 4941 4940
f 4378 4377 4375
f 4377 4376 4375
f 4372 4378 4375
f 4375 4371 4372
f 4375 4376 4371
f 5243 5244 5242
f 5242 5241 5243
f 5242 5235 5241
f 4945 5246 4946
f 4945 5244 5246
f 4946 5230 4945
f 5249 5248 5250
f 5250 4956 5249
f 5494 5776 5498
f 5498 5231 5494
f 5776 5231 5498
f 4944 5228 5230
f 4944 5229 5228
f 5237 5506 5240
f 5240 5241 5237
f 5237 5236 5506
f 5237 5241 5236
f 5513 5519 5518
f 5512 5519 5513
f 5520 5239 5513
f 5518 5523 5513
f 5523 5520 5513
f 5240 5506 5238
f 5238 5239 5240
f 5524 5531 5529
f 5529 5522 5524
f 5531 5256 5529
f 5256 5255 5529
f 5528 5527 5526
f 5526 5527 5243
f 5243 5241 5526
f 5515 5778 5783
f 9306 5801 5800
f 5800 5801 5799
f 5793 5789 9307
f 9306 5800 9307
f 9307 5800 5795
f 5519 5793 5794
f 5793 5795 5794
f 5523 5519 5794
f 4955 4956 4958
f 4955 5249 4956
f 4951 4952 4941
f 4937 4938 4935
f 4938 4647 4935
f 3760 4026 3762
f 3760 4025 4026
f 3761 3768 3760
f 3760 3762 3761
f 3760 3768 3769
f 3769 3759 3760
f 3759 4025 3760
f 4631 4630 4629
f 4634 4630 4631
f 4629 4633 4631
f 4631 4633 4634
f 4640 4633 4641
f 4326 4324 4640
f 4634 4633 4639
f 4639 4324 4323
f 4639 4640 4324
f 4633 4640 4639
f 4323 4636 4639
f 4639 4636 4634
f 4632 4633 4629
f 4641 4633 4632
f 4359 4358 4357
f 4357 4348 4359
f 4351 4352 4353
f 4350 4352 4351
f 4351 4006 4350
f 4351 4353 4355
f 4355 4006 4351
f 4348 4352 4349
f 4349 4352 4350
f 4332 4329 4325
f 4333 4329 4332
f 4350 4006 4338
f 4642 4644 4643
f 4642 4640 4641
f 4326 4640 4642
f 4933 4644 4932
f 4928 4925 4932
f 4641 4928 4932
f 4932 4642 4641
f 4644 4642 4932
f 5221 4930 4923
f 5213 5221 4923
f 4923 4922 5213
f 8441 8442 8267
f 8267 8442 8268
f 8268 8113 8267
f 8113 8114 8267
f 9055 9056 9052
f 9055 9058 9056
f 9052 9148 9055
f 9148 9058 9055
f 7964 7963 8111
f 7963 7962 8111
f 8111 7962 8264
f 8264 8263 8111
f 8253 8431 8434
f 8437 8258 8256
f 8256 8258 8257
f 8256 8254 8437
f 8256 8257 9152
f 9152 8254 8256
f 8435 9258 8438
f 8596 8439 8438
f 8438 8595 8596
f 8438 8263 8435
f 8439 8263 8438
f 8589 8595 8438
f 8438 9148 8589
f 8438 9258 9148
f 8262 8263 8260
f 8432 8431 9050
f 8435 8431 8432
f 9050 9258 8432
f 8432 9258 8435
f 8436 8431 8435
f 8436 8262 8260
f 8435 8263 8436
f 8263 8262 8436
f 7938 7794 7792
f 7792 7794 7799
f 7799 7793 7792
f 7788 7938 7792
f 7792 7793 7788
f 7937 7797 7795
f 7795 7794 7937
f 7797 7794 7795
f 7943 7797 7796
f 7796 7939 7943
f 7797 7939 7796
f 7936 8085 8087
f 8087 7939 7936
f 7943 7939 8087
f 7943 7804 7801
f 7801 7797 7943
f 7800 7797 7801
f 7801 7802 7800
f 7803 7804 7817
f 7817 7802 7803
f 7803 7801 7804
f 7802 7801 7803
f 7806 7808 7805
f 7807 7808 7806
f 7805 7804 7806
f 8089 8088 8092
f 8092 7945 8089
f 8089 7940 8088
f 7783 7781 7912
f 7783 7784 7780
f 7780 7781 7783
f 7783 9267 7785
f 7785 7784 7783
f 7669 7665 7668
f 7669 7670 7665
f 7786 7789 7669
f 7789 7790 7669
f 7669 7790 7670
f 7668 7784 7669
f 7669 7784 7786
f 7909 7914 7912
f 7912 7911 7909
f 7908 7914 7909
f 7909 7911 7908
f 8819 8703 8811
f 8813 8816 8811
f 8811 8816 8819
f 8809 8812 8810
f 8810 8700 8809
f 8703 8700 8810
f 8810 8811 8703
f 8810 8812 8813
f 8813 8811 8810
f 9112 9003 9110
f 9110 9109 9112
f 9110 9003 9002
f 9002 9109 9110
f 9112 9109 9111
f 9111 9216 9112
f 9111 9109 9213
f 9213 9214 9111
f 9214 9216 9111
f 9217 9216 9215
f 9005 9006 9007
f 9007 9006 9008
f 9007 9008 8893
f 8893 8890 9007
f 9007 8890 8889
f 8889 9005 9007
f 9010 9008 9009
f 9010 9011 9008
f 9015 8902 9012
f 9012 9014 9015
f 9011 9010 9012
f 8900 8902 8813
f 8900 8899 8902
f 8813 8812 8900
f 8900 8812 8901
f 8901 8898 8900
f 8898 8899 8900
f 9232 9233 9234
f 9234 9231 9232
f 9033 9038 9039
f 9038 9157 9039
f 9039 9028 9033
f 6765 9043 9042
f 9042 6766 6765
f 9042 9157 6766
f 9140 9162 9142
f 9143 9035 9142
f 9144 9143 9142
f 9177 9175 9176
f 9176 9175 9174
f 9176 9231 9177
f 9174 9230 9176
f 9166 9167 9165
f 9166 9230 9167
f 9165 9138 9166
f 9038 9032 9034
f 9034 9037 9038
f 9032 9037 9034
f 9215 9246 9218
f 9246 9245 9218
f 9218 9217 9215
f 9124 9121 9120
f 9019 9018 9124
f 9124 9018 9121
f 9132 9020 9019
f 9019 9124 9132
f 9220 9245 9204
f 9220 9204 9236
f 9220 9218 9245
f 6122 6298 6123
f 6125 6122 6123
f 6123 6124 6125
f 6136 5972 5971
f 5971 5972 5721
f 5971 5721 6139
f 6139 6137 5971
f 6138 6132 6136
f 6136 5971 6138
f 6138 5971 6137
f 6138 6137 6139
f 6138 6313 6132
f 6314 6313 6138
f 6139 6314 6138
f 6132 6313 6131
f 6131 6313 6309
f 6315 6132 6131
f 6131 6309 6315
f 6308 6313 6416
f 6309 6313 6308
f 6416 6417 6308
f 6308 6417 6309
f 8066 8203 8067
f 8067 8065 8066
f 8063 8201 8066
f 8066 8064 8063
f 8066 8065 8064
f 8066 8202 8203
f 8066 8198 8202
f 8066 8201 8198
f 8200 8060 8058
f 8200 8062 8060
f 8199 8062 8200
f 8058 8056 8200
f 8200 8056 8055
f 8055 8197 8200
f 8200 8197 8199
f 7573 7584 7570
f 7570 7584 7568
f 7571 7573 7570
f 7570 7568 7571
f 7580 7473 7471
f 7583 7584 7580
f 7580 7582 7583
f 7471 7582 7580
f 4232 9340 9339
f 9340 9338 9339
f 9339 4230 4232
f 9339 3667 4230
f 9339 9338 3667
f 7946 7947 7807
f 7807 7806 7946
f 7946 7806 7945
f 7946 7945 8092
f 8092 7947 7946
f 7060 7136 7138
f 7060 7058 7059
f 7059 7137 7060
f 7137 7136 7060
f 6985 6983 7060
f 7060 6983 7058
f 7060 7139 6985
f 7138 7139 7060
f 7240 7338 7246
f 7239 7338 7240
f 7240 7246 7142
f 7141 7140 7240
f 7140 7239 7240
f 7240 7142 7063
f 7063 7141 7240
f 7241 7246 7242
f 7246 7338 7242
f 7242 7336 7241
f 7242 7338 7336
f 4203 4201 4830
f 4203 4830 4208
f 4208 3917 4203
f 3917 4201 4203
f 7454 7455 7456
f 7456 7459 7458
f 7456 7457 7454
f 7456 7458 7457
f 7567 7461 7459
f 7459 7456 7567
f 7567 7456 7455
f 7567 7455 7566
f 7463 7461 7567
f 7583 7463 7567
f 7567 7569 7583
f 7566 7568 7567
f 7568 7569 7567
f 4818 4824 4831
f 4200 4832 4831
f 4832 4818 4831
f 4831 4824 4826
f 4831 4828 4200
f 4826 4828 4831
f 4187 4184 4517
f 4517 4518 4187
f 4518 4188 4187
f 4519 4188 4518
f 4531 4188 4519
f 4519 4518 4521
f 4519 4521 4520
f 4520 4531 4519
f 3902 3903 4189
f 3908 3902 4189
f 4189 4533 3908
f 4189 4188 4533
f 7956 7823 7955
f 7955 8107 7956
f 8105 8107 7955
f 7955 7823 7822
f 9154 8105 7955
f 7955 7954 9154
f 7826 7701 7824
f 7701 7823 7824
f 7824 7958 7826
f 7824 7957 7958
f 7820 7821 9155
f 9155 7954 7820
f 7822 7821 7820
f 5985 5733 5732
f 5732 5458 5985
f 5985 5458 5731
f 6334 5985 5731
f 5731 6167 6334
f 5459 5461 5457
f 6166 6329 6324
f 6324 6329 6325
f 6325 6326 6324
f 6327 6326 6435
f 6435 6331 6327
f 6432 6502 6433
f 6433 9297 6432
f 6430 6502 6432
f 6160 9296 6321
f 6321 6164 6160
f 6164 6161 6160
f 6162 6161 5454
f 8816 8814 8815
f 8815 8821 8819
f 8819 8816 8815
f 9046 9044 6761
f 6761 9047 9046
f 6727 9047 6761
f 6726 9047 6727
f 6728 6726 6727
f 6761 6762 6727
f 6727 6762 6763
f 6763 6731 6727
f 6727 6731 6730
f 6730 6728 6727
f 9024 9132 9133
f 9020 9132 9024
f 8907 9023 9021
f 9020 9024 9021
f 9019 9020 9021
f 9165 9140 9139
f 9139 9138 9165
f 9031 9138 9139
f 9145 9146 9144
f 9145 9159 9146
f 9144 9142 9145
f 9145 9142 9162
f 6240 6241 6242
f 6240 6238 6241
f 6242 6243 6240
f 6239 6238 6240
f 6388 6387 6236
f 6387 6238 6236
f 6236 6235 6388
f 9304 5802 9306
f 9304 6045 5802
f 6039 6037 6040
f 6045 9304 6040
f 6040 6037 6038
f 5803 5802 5804
f 5804 5809 5803
f 5817 5802 5803
f 5803 5809 5817
f 6041 6038 6036
f 6034 6233 6036
f 6038 6037 6036
f 6036 6037 6035
f 6035 6034 6036
f 6237 6239 6041
f 6041 6036 6237
f 6237 6036 6233
f 5781 6219 6025
f 6219 6218 6025
f 6025 6218 6023
f 6025 5785 5781
f 6023 6028 6025
f 6025 6028 5785
f 6217 6218 6222
f 6222 6204 6217
f 6217 6215 6214
f 6204 6205 6217
f 6217 6205 6215
f 6214 6028 6217
f 6028 6218 6217
f 4924 4925 4926
f 5205 4921 5483
f 5199 4904 5198
f 5198 5201 5199
f 4904 5201 5198
f 5472 5470 5471
f 5205 5483 5482
f 5206 4921 5205
f 5205 5482 5206
f 5206 5482 5196
f 5481 5479 4922
f 5453 4887 4888
f 4888 5452 5453
f 5453 5452 5983
f 5983 6163 5453
f 6163 4887 5453
f 4909 4914 4911
f 4608 4907 4909
f 4908 4914 4909
f 4909 4907 4908
f 4909 4910 4608
f 4911 4910 4909
f 5746 5745 6009
f 5762 5768 5760
f 5760 6013 5762
f 6013 5763 5762
f 5764 5770 5762
f 5762 5763 5764
f 5488 5776 5490
f 5774 5776 5494
f 5774 5490 5776
f 5489 5492 5485
f 5489 5774 5494
f 5488 5771 5773
f 5771 5502 5773
f 5773 5776 5488
f 5773 5502 5776
f 5505 5502 5501
f 5504 5505 5501
f 5501 5772 5504
f 5754 5469 5468
f 5754 5475 5473
f 5473 5471 5754
f 5471 5469 5754
f 5743 5459 5462
f 5461 5459 5743
f 5744 5739 5746
f 5742 5739 5744
f 5208 5475 5209
f 5209 5475 5485
f 5209 5492 5208
f 5485 5492 5209
f 5493 5496 5495
f 5495 5492 5493
f 5493 5492 5496
f 5217 5495 5218
f 5217 5492 5495
f 5208 5492 5217
f 5217 5210 5208
f 5218 5210 5217
f 5760 5768 5761
f 5768 5767 5761
f 5734 5738 5737
f 5737 5733 5734
f 5737 5732 5733
f 5458 5732 5737
f 5740 5747 5741
f 5741 5747 5745
f 5741 5738 5740
f 5741 5745 5738
f 5454 5183 5173
f 5173 6162 5454
f 6163 6162 5173
f 5173 4889 6163
f 5174 6161 5176
f 5176 5175 5174
f 6161 5175 5176
f 5181 5464 5178
f 5181 5465 5464
f 5180 5178 5456
f 5456 5461 5180
f 5180 5181 5178
f 5465 5181 5180
f 5179 5464 5466
f 5466 5187 5188
f 5466 5465 5467
f 5464 5465 5466
f 5467 5470 5466
f 5470 5187 5466
f 5185 5466 5188
f 5208 5210 5207
f 5207 5210 5211
f 5207 5472 5208
f 5207 5211 5212
f 5220 5221 5213
f 5213 5211 5220
f 5216 5211 5218
f 5225 5224 5497
f 5211 5216 5497
f 5497 5220 5211
f 4665 4368 4367
f 4670 4368 4665
f 4665 4959 4670
f 4662 4663 4660
f 5232 4945 5230
f 5232 5231 5233
f 5230 5231 5232
f 5247 4949 5246
f 5246 5248 5247
f 5248 5249 5247
f 5247 4951 4950
f 5249 4951 5247
f 4950 4944 4943
f 4943 5247 4950
f 4949 5247 4943
f 5230 4949 4943
f 4943 4944 5230
f 4942 4944 4950
f 5229 4944 4942
f 4950 4951 4942
f 4941 5229 4942
f 4942 4951 4941
f 5239 5238 5511
f 5511 5513 5239
f 5506 5508 5511
f 5511 5238 5506
f 5512 5513 5511
f 5509 5512 5511
f 5511 5508 5509
f 5522 5529 5525
f 5528 5526 5525
f 5525 5526 5522
f 5525 5255 5528
f 5525 5529 5255
f 5240 5522 5521
f 5522 5526 5521
f 5521 5241 5240
f 5521 5526 5241
f 5789 5783 5784
f 5516 5793 5515
f 5515 5783 5516
f 5778 5780 5779
f 5779 5783 5778
f 5780 5783 5779
f 5799 5798 5797
f 5797 5800 5799
f 5795 5800 5797
f 5792 5795 5793
f 5793 9307 5792
f 5792 9307 5795
f 5791 9307 5789
f 5790 9307 5791
f 5791 5789 5788
f 5788 5790 5791
f 5523 5794 5796
f 5796 5530 5524
f 5524 5523 5796
f 5796 5798 5530
f 5796 5797 5798
f 5796 5794 5795
f 5795 5797 5796
f 4954 4955 4662
f 4952 4955 4954
f 4662 4660 4954
f 4657 4952 4954
f 4953 4955 4952
f 5249 4955 4953
f 4952 4951 4953
f 4953 4951 5249
f 4937 4935 4936
f 4936 5223 4937
f 4927 4926 4928
f 4927 4928 4641
f 4641 4632 4927
f 4347 4359 4348
f 4345 4347 4343
f 4650 4341 4340
f 4650 4343 4341
f 4339 4653 4340
f 4339 4349 4350
f 4350 4653 4339
f 4325 4324 4328
f 4350 4338 4656
f 4656 4653 4350
f 4654 4653 4656
f 4326 4642 4327
f 4327 4642 4643
f 4327 4653 4654
f 4654 4328 4327
f 4327 4324 4326
f 4327 4328 4324
f 4934 4930 5221
f 4934 4935 4933
f 5221 4936 4934
f 4934 4936 4935
f 4922 4923 4934
f 4934 4923 4930
f 8443 8440 8441
f 8441 8267 8443
f 8266 8111 8263
f 8112 8267 8114
f 8112 8114 7964
f 7964 8111 8112
f 8111 8266 8112
f 8110 7962 7960
f 7960 8109 8110
f 8110 8109 8260
f 8260 8264 8110
f 8264 7962 8110
f 7960 8258 8259
f 8259 8109 7960
f 8259 8258 8260
f 8260 8109 8259
f 8261 8258 8253
f 8253 8434 8261
f 8260 8258 8261
f 8261 8434 8260
f 9151 9037 9036
f 9037 9035 9036
f 9036 9143 9151
f 9036 9035 9143
f 9141 9037 9032
f 9141 9035 9037
f 9141 9032 9031
f 9031 9139 9141
f 9141 9139 9140
f 9140 9142 9141
f 9141 9142 9035
f 8433 8436 8260
f 8431 8436 8433
f 8260 8434 8433
f 8433 8434 8431
f 8084 8085 8082
f 8084 8087 8085
f 8084 8082 8083
f 7940 8087 8084
f 8083 8088 8084
f 8088 7940 8084
f 7943 8087 7941
f 7941 8087 7940
f 7944 7806 7804
f 7945 7806 7944
f 7944 7804 7943
f 7943 7941 7944
f 7944 7941 7940
f 9267 7783 7782
f 7782 7783 7912
f 7782 7913 9267
f 7912 7913 7782
f 9119 9222 9120
f 9217 9218 9119
f 9115 9122 9009
f 9009 9122 9013
f 9013 9010 9009
f 9013 9122 9123
f 9013 9012 9010
f 9013 9123 9014
f 9014 9012 9013
f 9016 9012 8902
f 9011 9012 9016
f 8902 8899 9016
f 8894 9011 9016
f 9016 8899 8894
f 9233 9232 9244
f 9236 9233 9244
f 9244 9224 9221
f 9232 9224 9244
f 9244 9220 9236
f 9221 9220 9244
f 9226 9227 9225
f 9225 9224 9226
f 9226 9224 9232
f 9226 9232 9231
f 9040 9042 9043
f 9028 9039 9040
f 9040 9039 9157
f 9157 9042 9040
f 9045 9253 9028
f 9043 9044 9045
f 9045 9040 9043
f 9028 9040 9045
f 9026 9133 9134
f 9134 9028 9026
f 9125 9124 9120
f 9126 9124 9125
f 9125 9127 9126
f 9120 9222 9125
f 9130 9124 9126
f 9130 9132 9124
f 6302 6123 6298
f 6302 6298 6296
f 7473 7580 7581
f 7581 7580 7584
f 7581 7579 5680
f 7581 7573 7579
f 7581 7584 7573
f 5680 5934 7581
f 5934 7473 7581
f 4186 4187 4188
f 4188 4189 4186
f 4184 4187 4186
f 4186 4189 3903
f 3903 3635 4186
f 3635 4184 4186
f 7959 7823 7956
f 7959 7824 7823
f 7956 7957 7959
f 7957 7824 7959
f 7954 7955 7819
f 7819 7820 7954
f 7819 7955 7822
f 7822 7820 7819
f 5462 5459 5460
f 5460 5459 5458
f 5458 5737 5460
f 5460 5739 5742
f 5738 5739 5460
f 5460 5737 5738
f 5742 5744 5460
f 5460 5750 5462
f 5460 5744 5750
f 5455 5731 5458
f 5458 5459 5455
f 6167 5731 5455
f 5457 6167 5455
f 5455 5459 5457
f 6326 6327 6328
f 6328 6167 6166
f 6328 6331 6167
f 6328 6327 6331
f 6166 6324 6328
f 6328 6324 6326
f 6161 6162 6158
f 6158 6160 6161
f 6158 6162 6163
f 8817 8915 8821
f 8821 8815 8817
f 8817 9023 8907
f 8907 8908 8817
f 8905 8815 8814
f 8904 9023 8905
f 8905 8814 8904
f 9027 9045 9044
f 9253 9045 9027
f 9133 9026 9027
f 9028 9253 9027
f 9027 9026 9028
f 9022 9021 9023
f 9022 9023 8904
f 9015 9014 9022
f 9022 8904 9015
f 9138 9137 9228
f 9227 9166 9228
f 9228 9166 9138
f 9136 9138 9031
f 9136 9137 9138
f 9031 9030 9136
f 9136 9030 9135
f 9135 9137 9136
f 9126 9127 9129
f 9129 9137 9135
f 9129 9130 9126
f 9160 9162 9164
f 9160 9145 9162
f 9159 9145 9160
f 6047 6043 6239
f 6239 6240 6047
f 6234 6232 6235
f 6235 6236 6234
f 6229 6232 6234
f 6234 6233 6229
f 6234 6237 6233
f 6239 6237 6234
f 6234 6238 6239
f 6234 6236 6238
f 5811 5810 5808
f 5810 5814 5808
f 5814 5809 5808
f 6041 6043 6042
f 6045 6040 6042
f 6042 6038 6041
f 6042 6040 6038
f 9305 9304 9306
f 9305 5790 6039
f 6039 6040 9305
f 9305 6040 9304
f 9306 9307 9305
f 9305 9307 5790
f 4628 5202 4926
f 4926 4927 4628
f 5203 5202 4628
f 4629 5203 4628
f 4628 4632 4629
f 4628 4927 4632
f 4925 4921 4929
f 4933 4932 4929
f 4929 4932 4925
f 4900 4903 4904
f 4900 4904 4902
f 4902 4605 4900
f 4603 4901 4900
f 4900 4605 4603
f 4898 4901 4891
f 4891 4892 4898
f 4898 4900 4901
f 4903 4900 4898
f 5194 4903 4898
f 5204 5483 4921
f 5204 4921 4925
f 4925 4924 5204
f 5204 4924 4926
f 4926 5201 5204
f 5201 5483 5204
f 5208 5472 5474
f 5474 5472 5471
f 5474 5475 5208
f 5474 5471 5473
f 5473 5475 5474
f 5477 5212 5213
f 5213 5478 5477
f 5188 5470 5190
f 5470 5472 5190
f 5197 5482 5483
f 5197 5483 5201
f 5194 5196 5197
f 5196 5482 5197
f 5197 5201 4904
f 5197 4903 5194
f 4904 4903 5197
f 5195 5479 5480
f 5479 5481 5480
f 5480 5481 5206
f 5480 5196 5195
f 5480 5206 5196
f 5215 5481 4922
f 5206 5481 5215
f 4922 4921 5215
f 4921 5206 5215
f 4894 4892 4889
f 5183 4896 4894
f 4889 5173 4894
f 4894 5173 5183
f 5745 5747 5748
f 5748 6009 5745
f 5748 5747 6010
f 6010 5759 5748
f 5759 6009 5748
f 5769 5770 5771
f 5769 5762 5770
f 5771 5768 5769
f 5768 5762 5769
f 5494 5492 5491
f 5491 5489 5494
f 5492 5489 5491
f 5490 5774 5487
f 5774 5489 5487
f 5488 5490 5487
f 5487 5767 5488
f 5487 5761 5767
f 5775 5502 5772
f 5772 5501 5775
f 5775 5501 5502
f 5753 5468 5461
f 5461 5743 5753
f 5462 5750 5753
f 5753 5743 5462
f 5760 5761 5758
f 5758 5759 5760
f 5758 5755 5750
f 5746 6009 5758
f 5758 6009 5759
f 5463 5180 5461
f 5465 5180 5463
f 5461 5468 5463
f 5468 5465 5463
f 5466 5185 5184
f 5179 5466 5184
f 5184 5175 5179
f 5476 5207 5212
f 5472 5207 5476
f 5476 5190 5472
f 5219 5216 5218
f 5219 5497 5216
f 5218 5225 5219
f 5225 5497 5219
f 5222 5497 5224
f 5220 5497 5222
f 5222 5224 5223
f 5221 5220 5222
f 5222 4936 5221
f 5223 4936 5222
f 4959 4665 4957
f 4957 4665 4663
f 4958 4959 4957
f 4957 4663 4662
f 4957 4955 4958
f 4662 4955 4957
f 4661 4660 4663
f 5234 5232 5233
f 5233 5235 5234
f 5235 5242 5234
f 5244 4945 4948
f 4945 5232 4948
f 5232 5234 4948
f 4948 5242 5244
f 5786 5785 5788
f 5786 5784 5785
f 5788 5789 5786
f 5789 5784 5786
f 5781 5785 5782
f 5785 5784 5782
f 5782 5784 5783
f 5782 5780 5781
f 5782 5783 5780
f 5517 5783 5789
f 5517 5516 5783
f 5517 5789 5793
f 5793 5516 5517
f 4657 4954 4658
f 4658 4954 4660
f 4658 4938 4939
f 4939 4657 4658
f 4933 4935 4646
f 4646 4644 4933
f 4646 4935 4647
f 4647 4648 4646
f 4646 4648 4342
f 4341 4343 4346
f 4348 4349 4346
f 4346 4347 4348
f 4346 4343 4347
f 4349 4339 4346
f 4340 4341 4346
f 4346 4339 4340
f 4340 4653 4652
f 4652 4650 4340
f 4643 4650 4651
f 4651 4327 4643
f 4653 4327 4651
f 4651 4652 4653
f 4650 4652 4651
f 4643 4644 4649
f 4649 4650 4643
f 4342 4343 4649
f 4343 4650 4649
f 4655 4656 4338
f 4654 4656 4655
f 4655 4328 4654
f 4655 4005 4333
f 4333 4332 4655
f 4655 4332 4325
f 4325 4328 4655
f 4922 4934 4931
f 4931 4921 4922
f 4931 4934 4933
f 4931 4929 4921
f 4933 4929 4931
f 8267 8112 8265
f 8440 8443 8265
f 8265 8443 8267
f 8265 8112 8266
f 8263 8440 8265
f 8265 8266 8263
f 7942 8089 7945
f 7945 7944 7942
f 7940 8089 7942
f 7942 7944 7940
f 9219 9221 9222
f 9222 9119 9219
f 9219 9119 9218
f 9219 9220 9221
f 9218 9220 9219
f 9113 9112 9114
f 9009 9113 9114
f 9114 9115 9009
f 9217 9119 9117
f 9225 9127 9223
f 9223 9224 9225
f 9223 9125 9222
f 9127 9125 9223
f 9222 9221 9223
f 9221 9224 9223
f 9231 9176 9229
f 9229 9226 9231
f 9227 9226 9229
f 9229 9176 9230
f 9229 9166 9227
f 9230 9166 9229
f 6304 6297 6303
f 6123 6302 6304
f 6296 6297 6304
f 6304 6302 6296
f 6303 6305 6304
f 6305 6124 6304
f 6124 6123 6304
f 6320 9297 9296
f 9296 6160 6320
f 6319 6432 9297
f 9297 6158 6319
f 6319 6158 6432
f 6430 6432 6156
f 6432 6158 6156
f 6431 6430 6156
f 6156 6155 6431
f 8914 8915 8818
f 8915 8817 8818
f 8818 8908 8914
f 8818 8817 8908
f 9023 8817 8906
f 8906 8905 9023
f 8906 8817 8815
f 8815 8905 8906
f 8912 9027 9044
f 9025 9024 9133
f 9133 9027 9025
f 9014 9018 9017
f 9017 9022 9014
f 9017 9018 9019
f 9019 9021 9017
f 9021 9022 9017
f 9128 9127 9225
f 9128 9129 9127
f 9137 9129 9128
f 9128 9228 9137
f 9225 9227 9128
f 9227 9228 9128
f 9132 9130 9131
f 9130 9129 9131
f 9131 9129 9135
f 9133 9132 9131
f 9134 9133 9131
f 9131 9135 9134
f 9163 9164 9167
f 9167 9168 9163
f 9163 9168 9062
f 6049 6051 6052
f 6048 6243 6050
f 6050 6051 6048
f 6048 6240 6243
f 6048 6047 6240
f 6051 6049 6048
f 6048 6049 6047
f 5811 5808 5807
f 5807 5808 5806
f 5807 6052 5811
f 5806 5808 5805
f 5805 5809 5804
f 5805 5808 5809
f 6043 5806 6044
f 6044 6042 6043
f 6044 5805 5804
f 5806 5805 6044
f 5804 6045 6044
f 6045 6042 6044
f 5194 4898 4899
f 5188 5190 5191
f 5191 5477 5478
f 5190 5476 5191
f 5191 5189 5188
f 5212 5477 5191
f 5191 5476 5212
f 5191 5478 5192
f 5192 5189 5191
f 4895 4896 5183
f 5186 5184 5185
f 5186 4895 5183
f 5186 5185 5188
f 5188 5189 5186
f 5186 5189 4896
f 4896 4895 5186
f 4893 4898 4892
f 4892 4894 4893
f 4893 4894 4898
f 4897 4894 4896
f 4898 4894 4897
f 4897 4899 4898
f 4896 5189 4897
f 5192 5195 4897
f 4897 5189 5192
f 5486 5489 5485
f 5485 5487 5486
f 5486 5487 5489
f 5485 5475 5756
f 5755 5758 5757
f 5757 5758 5761
f 5761 5487 5757
f 5757 5756 5755
f 5487 5756 5757
f 5746 5758 5749
f 5749 5758 5750
f 5749 5744 5746
f 5750 5744 5749
f 4359 4347 4667
f 4667 4347 4345
f 4361 4358 4667
f 4358 4359 4667
f 4667 4364 4361
f 4360 4364 4667
f 4667 4367 4360
f 4667 4669 4367
f 4666 4669 4667
f 4664 4661 4663
f 4663 4665 4664
f 4665 4666 4664
f 4664 4667 4345
f 4666 4667 4664
f 4660 4661 4659
f 4659 4658 4660
f 4342 4648 4659
f 4938 4658 4659
f 4659 4647 4938
f 4659 4648 4647
f 4947 5234 5242
f 5242 4948 4947
f 4947 4948 5234
f 4644 4646 4645
f 4645 4649 4644
f 4645 4646 4342
f 4342 4649 4645
f 4337 4338 4006
f 4337 4655 4338
f 4337 4006 4005
f 4005 4655 4337
f 9217 9117 9116
f 9216 9217 9116
f 9115 9114 9116
f 9112 9216 9116
f 9116 9114 9112
f 9118 9117 9119
f 9118 9119 9120
f 9115 9116 9118
f 9118 9116 9117
f 9122 9115 9118
f 9120 9121 9118
f 9118 9121 9123
f 9123 9122 9118
f 6159 6158 9297
f 9297 6320 6159
f 6160 6158 6159
f 6159 6320 6160
f 6157 6158 6163
f 6157 6156 6158
f 6155 6156 6157
f 6157 6163 5983
f 5983 6155 6157
f 8909 9025 9027
f 8909 8908 8907
f 9024 9025 8909
f 8907 9021 8909
f 8909 9021 9024
f 9161 9160 9164
f 9164 9163 9161
f 9159 9160 9161
f 9062 9159 9161
f 9161 9163 9062
f 6043 6047 6046
f 6047 6049 6046
f 6046 6049 6052
f 6052 5807 6046
f 6046 5806 6043
f 6046 5807 5806
f 5194 4899 5193
f 5193 5196 5194
f 5195 5196 5193
f 5193 4897 5195
f 4899 4897 5193
f 5182 5183 5174
f 5182 5186 5183
f 5184 5186 5182
f 5174 5175 5182
f 5175 5184 5182
f 5484 5487 5485
f 5485 5756 5484
f 5484 5756 5487
f 5752 5753 5750
f 5752 5754 5468
f 5468 5753 5752
f 5475 5754 5752
f 5752 5756 5475
f 4668 4666 4665
f 4668 4669 4666
f 4668 4665 4367
f 4367 4669 4668
f 4344 4659 4661
f 4344 4664 4345
f 4661 4664 4344
f 4345 4343 4344
f 4344 4343 4342
f 4342 4659 4344
f 9027 8912 8910
f 8910 8909 9027
f 8908 8909 8911
f 8911 9048 8914
f 8914 8908 8911
f 8911 8910 9048
f 8909 8910 8911
f 5755 5756 5751
f 5756 5752 5751
f 5750 5755 5751
f 5751 5752 5750
f 9048 8910 8913
f 8913 8910 8912
f 8913 9047 9048
f 8913 9046 9047
f 9044 9046 8913
f 8913 8912 9044
f 1609 1731 1610
f 1619 1613 1612
f 1612 1613 1609
f 1609 1610 1612
f 1612 1610 1611
f 864 865 955
f 957 864 955
f 1501 1505 725
f 725 710 1501
f 175 215 212
f 212 211 175
f 861 862 860
f 860 859 861
f 832 830 829
f 861 832 829
f 1504 1502 1499
f 1504 1499 1503
f 1504 1505 1501
f 1501 1502 1504
f 259 251 254
f 254 258 259
f 250 220 218
f 218 219 250
f 295 294 293
f 293 256 295
f 484 483 481
f 481 483 480
f 519 484 481
f 481 482 519
f 873 713 876
f 714 713 873
f 714 873 824
f 824 873 823
f 946 722 944
f 946 867 722
f 1075 952 951
f 951 1073 1075
f 952 1075 1003
f 1003 1075 1076
f 1003 1077 1002
f 1076 1077 1003
f 1001 1079 1080
f 1145 1079 1001
f 213 212 215
f 213 215 214
f 213 218 220
f 214 218 213
f 213 221 222
f 220 221 213
f 210 207 208
f 208 209 210
f 211 212 210
f 210 209 211
f 212 213 210
f 210 213 222
f 387 385 386
f 388 387 386
f 386 385 383
f 383 384 386
f 294 295 171
f 170 294 171
f 1460 1458 1457
f 1456 1460 1457
f 170 171 1457
f 1457 1458 170
f 467 1460 1456
f 1456 468 467
f 863 865 864
f 864 862 863
f 863 862 861
f 861 829 863
f 967 965 964
f 966 967 964
f 381 384 383
f 382 384 381
f 381 380 382
f 379 380 381
f 432 381 383
f 383 431 432
f 250 219 252
f 219 253 252
f 254 251 252
f 252 253 254
f 182 209 208
f 180 209 182
f 713 712 822
f 876 713 822
f 480 483 478
f 478 479 480
f 478 1455 472
f 472 479 478
f 1071 1073 951
f 951 950 1071
f 945 1008 1007
f 944 1008 945
f 1080 1079 1081
f 1082 1080 1081
f 519 482 521
f 482 522 521
f 1097 1095 1096
f 1096 1098 1097
f 958 960 957
f 957 956 958
f 991 1097 989
f 990 991 989
f 989 1097 1098
f 989 1098 1099
f 988 987 954
f 954 987 986
f 710 725 711
f 725 724 711
f 144 1479 145
f 145 1479 1477
f 211 209 178
f 178 209 180
f 201 203 204
f 201 204 202
f 267 269 270
f 268 267 270
f 820 711 724
f 617 711 820
f 876 822 875
f 875 822 877
f 723 824 871
f 871 824 823
f 1005 945 1007
f 1005 1007 1006
f 867 946 1005
f 828 867 1005
f 1005 948 828
f 1005 947 948
f 1143 1000 1082
f 1082 1081 1143
f 1496 1681 1497
f 393 391 392
f 392 394 393
f 349 342 343
f 343 338 349
f 1703 342 349
f 339 338 343
f 343 340 339
f 339 340 22
f 22 21 339
f 466 467 468
f 468 470 466
f 1078 953 1002
f 1002 1077 1078
f 1145 1001 1078
f 1001 953 1078
f 1145 1078 1144
f 1144 1078 1146
f 1200 1144 1146
f 1201 1144 1200
f 1099 1098 1100
f 1100 1101 1099
f 985 989 1099
f 987 989 985
f 1096 1095 1094
f 1094 1125 1096
f 1091 1094 1093
f 1092 1094 1091
f 383 385 430
f 430 431 383
f 644 643 682
f 682 643 683
f 379 381 433
f 381 432 433
f 637 692 636
f 636 692 752
f 914 1043 915
f 915 913 914
f 144 145 179
f 179 145 147
f 175 211 177
f 177 176 175
f 177 179 147
f 147 176 177
f 64 63 98
f 98 65 64
f 98 99 100
f 63 99 98
f 261 249 251
f 251 260 261
f 263 246 249
f 264 246 263
f 718 720 833
f 833 835 718
f 207 210 223
f 223 210 222
f 248 249 247
f 249 246 247
f 1007 1008 1069
f 1069 1008 1068
f 1006 1007 1069
f 1069 1153 1006
f 464 465 466
f 463 465 464
f 874 873 876
f 876 875 874
f 1083 999 1000
f 1000 1143 1083
f 1083 1508 999
f 1073 1071 1074
f 1074 1071 1072
f 1074 1075 1073
f 1074 1149 1075
f 1574 1497 1575
f 1574 1496 1497
f 23 21 22
f 28 21 23
f 64 65 60
f 65 66 60
f 105 106 101
f 106 107 101
f 100 99 101
f 101 107 100
f 472 1455 473
f 473 471 472
f 470 471 473
f 473 466 470
f 491 492 461
f 462 491 461
f 1203 1144 1202
f 1204 1203 1202
f 1271 1219 1222
f 1272 1219 1271
f 858 720 832
f 833 720 858
f 861 859 858
f 858 832 861
f 1293 1291 1292
f 1114 1291 1293
f 983 958 956
f 983 956 986
f 986 987 983
f 987 985 983
f 1310 1277 1311
f 1278 1277 1310
f 1283 1306 1305
f 1305 1306 1307
f 304 781 780
f 780 781 782
f 782 764 780
f 780 764 766
f 374 437 372
f 374 372 373
f 902 913 915
f 915 901 902
f 1477 1479 1478
f 104 1477 1478
f 1478 106 105
f 1478 105 104
f 406 353 407
f 407 353 408
f 203 201 186
f 201 188 186
f 189 187 186
f 186 188 189
f 239 237 235
f 239 235 238
f 272 279 277
f 277 274 272
f 202 204 228
f 204 227 228
f 243 228 227
f 241 228 243
f 243 227 225
f 949 1071 950
f 949 950 866
f 948 947 949
f 866 948 949
f 817 818 819
f 819 816 817
f 877 822 821
f 821 878 877
f 821 822 712
f 821 712 616
f 617 820 821
f 616 617 821
f 1248 1181 1178
f 1181 1179 1178
f 489 488 487
f 490 488 489
f 944 722 826
f 826 868 944
f 1225 1207 1205
f 1227 1225 1205
f 1205 1207 1206
f 1205 1203 1204
f 1205 1204 1227
f 1149 1074 1197
f 1198 1149 1197
f 1226 1225 1227
f 1226 1224 1225
f 1269 1224 1226
f 26 25 59
f 25 61 59
f 59 60 66
f 61 60 59
f 398 397 359
f 398 359 358
f 358 357 398
f 357 399 398
f 649 674 676
f 649 676 647
f 27 25 26
f 27 24 25
f 28 23 27
f 27 23 24
f 474 464 466
f 466 473 474
f 1461 465 463
f 1460 465 1461
f 1461 1459 1460
f 1462 1459 1461
f 1467 159 161
f 1466 1467 161
f 1006 1153 1151
f 1151 1070 1006
f 1231 1230 1263
f 1263 1264 1231
f 1390 1387 1370
f 1390 1370 1413
f 1394 1392 1412
f 1412 1392 1413
f 1408 1409 1395
f 1395 1363 1408
f 1362 1364 1317
f 1362 1317 1318
f 853 965 967
f 853 855 965
f 1101 1100 1102
f 1100 1121 1102
f 1115 1291 1114
f 1115 1290 1291
f 1278 1310 1281
f 1281 1279 1278
f 1280 1279 1281
f 1308 1373 1376
f 1376 1307 1308
f 1376 1373 1375
f 1375 1377 1376
f 1375 1372 1374
f 1375 1373 1372
f 1288 1297 1415
f 1299 1297 1288
f 1288 1301 1299
f 1288 1286 1301
f 1299 1301 1302
f 1302 1300 1299
f 641 686 685
f 685 642 641
f 429 385 387
f 429 430 385
f 433 638 635
f 434 433 635
f 754 755 756
f 756 790 754
f 754 692 691
f 691 755 754
f 752 692 754
f 754 753 752
f 375 374 373
f 375 373 376
f 631 438 437
f 437 374 631
f 627 628 698
f 698 626 627
f 817 816 814
f 815 817 814
f 143 141 140
f 143 140 142
f 141 143 181
f 181 143 179
f 181 178 180
f 181 179 178
f 1491 119 117
f 1489 1491 117
f 403 355 405
f 404 403 405
f 406 407 405
f 405 355 406
f 579 545 547
f 547 576 579
f 240 242 270
f 270 271 240
f 1238 1193 1191
f 1239 1238 1191
f 878 821 880
f 880 821 820
f 732 813 729
f 729 730 732
f 813 732 885
f 885 732 887
f 1036 919 1038
f 921 919 1036
f 1036 1039 1044
f 1036 1038 1039
f 499 501 453
f 453 455 499
f 277 279 280
f 280 278 277
f 1469 159 1467
f 157 159 1469
f 940 1012 941
f 939 1012 940
f 940 874 939
f 723 871 870
f 870 825 723
f 868 826 870
f 870 826 825
f 29 21 28
f 29 20 21
f 408 353 351
f 351 352 408
f 338 339 337
f 337 336 338
f 167 168 166
f 166 165 167
f 1194 1193 1238
f 1238 1237 1194
f 1404 1403 1401
f 1401 1402 1404
f 1323 1321 1322
f 1322 1324 1323
f 1319 1321 1358
f 1358 1360 1319
f 836 718 835
f 836 717 718
f 857 1420 834
f 834 858 857
f 760 761 782
f 782 784 760
f 434 635 634
f 634 436 434
f 436 634 632
f 632 634 633
f 442 627 626
f 626 443 442
f 140 141 138
f 141 139 138
f 137 138 139
f 136 138 137
f 68 70 71
f 71 69 68
f 542 543 540
f 540 543 541
f 585 587 1441
f 1441 1442 585
f 930 929 1023
f 884 929 930
f 1057 1167 1165
f 1165 1059 1057
f 886 885 887
f 884 885 886
f 806 805 893
f 806 893 892
f 806 892 891
f 891 807 806
f 804 805 740
f 740 803 804
f 805 806 740
f 740 806 738
f 737 806 807
f 738 806 737
f 922 920 1037
f 1037 920 921
f 1034 1037 1036
f 1034 1036 1035
f 892 893 894
f 894 923 892
f 559 557 528
f 528 527 559
f 533 534 1452
f 536 533 1452
f 527 528 526
f 526 528 529
f 518 526 529
f 520 526 518
f 457 458 459
f 456 458 457
f 499 455 457
f 457 497 499
f 158 159 157
f 157 156 158
f 1466 161 1463
f 1463 161 163
f 1463 1465 1466
f 1013 1014 1015
f 1015 1014 938
f 414 413 659
f 659 413 660
f 9 10 37
f 39 9 37
f 20 29 18
f 18 29 31
f 32 18 31
f 16 18 32
f 39 37 36
f 36 38 39
f 336 337 335
f 334 336 335
f 167 165 297
f 296 167 297
f 1406 1404 1352
f 1350 1406 1352
f 1352 1353 1351
f 1354 1353 1352
f 1352 1404 1402
f 1352 1402 1354
f 1216 1218 1273
f 1217 1218 1216
f 1273 1274 1216
f 1216 1274 1275
f 1431 1433 594
f 594 596 1431
f 594 595 596
f 594 593 595
f 693 634 635
f 693 635 636
f 913 902 903
f 903 904 913
f 1480 1478 1479
f 1480 1481 1478
f 140 138 1480
f 1480 138 1482
f 142 140 1480
f 1480 1479 142
f 91 89 88
f 90 91 88
f 404 405 415
f 415 405 407
f 656 416 415
f 415 657 656
f 1451 577 1449
f 1449 577 575
f 609 607 1438
f 1438 1436 609
f 1160 1189 1158
f 1160 1158 1159
f 1161 1187 1160
f 1160 1187 1188
f 1158 1189 1157
f 1067 1158 1157
f 1020 930 1023
f 1023 1022 1020
f 808 734 706
f 810 734 808
f 736 808 706
f 737 808 736
f 551 534 532
f 532 531 551
f 496 511 509
f 509 511 512
f 509 508 498
f 510 508 509
f 163 161 160
f 162 163 160
f 1470 1468 454
f 454 1468 456
f 456 457 454
f 454 457 455
f 154 155 153
f 154 153 152
f 300 156 154
f 154 301 300
f 1013 1015 1063
f 1063 1015 1062
f 331 329 328
f 331 328 330
f 770 769 677
f 675 770 677
f 676 674 677
f 674 675 677
f 17 335 337
f 17 337 19
f 14 15 17
f 17 16 14
f 1257 1256 1237
f 1257 1237 1255
f 1235 1259 1260
f 1260 1234 1235
f 1435 1434 1436
f 1435 1436 1437
f 1432 1433 1431
f 1431 1430 1432
f 1434 1435 1432
f 1432 1435 1433
f 717 836 610
f 610 612 717
f 608 606 605
f 605 607 608
f 854 1423 1422
f 852 1423 854
f 855 853 854
f 854 853 852
f 673 770 675
f 673 771 770
f 417 403 404
f 417 401 403
f 809 737 807
f 809 807 890
f 313 311 314
f 314 311 312
f 1044 1039 317
f 845 847 317
f 1341 1339 317
f 788 787 317
f 317 125 124
f 1411 1410 317
f 317 149 1475
f 305 309 317
f 317 1247 1248
f 317 236 275
f 317 910 788
f 1292 1294 317
f 317 579 578
f 317 1295 1382
f 1475 449 317
f 317 1041 1043
f 317 1342 1341
f 1346 1343 317
f 317 975 1112
f 1382 1381 317
f 317 785 783
f 972 973 317
f 783 781 317
f 1445 597 317
f 196 233 317
f 1043 914 317
f 1418 1419 317
f 317 1045 1044
f 317 1407 1346
f 317 1409 1408
f 317 1384 1411
f 1408 1397 317
f 317 912 907
f 1 2 317
f 1246 1247 317
f 317 1340 1250
f 317 581 1445
f 275 276 317
f 303 148 317
f 317 1399 1401
f 317 787 785
f 317 304 305
f 317 1293 1292
f 907 908 317
f 46 81 317
f 317 233 234
f 317 319 321
f 1250 1249 317
f 317 1419 1046
f 317 1039 1041
f 317 276 303
f 317 450 504
f 317 1343 1342
f 542 544 317
f 1405 1407 317
f 1410 1409 317
f 317 1381 1383
f 1383 1384 317
f 1294 1295 317
f 317 848 972
f 1112 1113 317
f 317 781 304
f 317 914 912
f 317 1249 1246
f 1339 1340 317
f 317 1176 1174
f 317 543 542
f 1046 1045 317
f 1248 1178 317
f 504 505 317
f 317 1397 1399
f 973 975 317
f 1401 1403 317
f 1174 1172 317
f 1113 1293 317
f 317 908 910
f 317 846 845
f 321 323 317
f 317 195 196
f 234 236 317
f 124 1495 317
f 578 580 317
f 317 1178 1176
f 317 148 149
f 317 449 450
f 317 1417 1418
f 317 1403 1405
f 317 847 848
f 317 597 598
f 127 195 317
f 317 126 127
f 545 579 317
f 580 581 317
f 1173 1417 317
f 317 325 1
f 598 846 317
f 81 82 317
f 309 311 317
f 317 544 545
f 505 543 317
f 317 1172 1173
f 317 323 325
f 317 313 316
f 317 45 46
f 1495 126 317
f 44 45 317
f 317 2 44
f 82 125 317
f 317 311 313
f 39 38 7
f 38 40 7
f 611 1432 1430
f 1430 613 611
f 123 121 120
f 122 123 120
f 72 74 76
f 73 72 76
f 672 675 674
f 672 673 675
f 651 670 672
f 672 650 651
f 883 885 884
f 883 882 885
f 1019 1055 1057
f 1057 1018 1019
f 932 931 1019
f 1019 1018 932
f 162 160 298
f 160 299 298
f 669 666 667
f 668 666 669
f 669 772 671
f 773 772 669
f 83 85 86
f 86 84 83

